Institution,Country,City,Type,Table,Can write US$50m,Who signs,PE programme,Typical ticket,Asia and other commitments,Decides,Cadence,Screened by,Named people,Sources,How far the check reached,Evidence strength 1-5
APK Pensionskasse AG,Austria,Vienna,"Multi-employer Pensionskasse under the Pensionskassengesetz, the only one in Austria not owned by a bank or an insurer",none,"unclear - APK is the one Austrian Pensionskasse whose own published policy documents carry a double-digit strategic private equity quota, so a US$50m ticket is plausible in principle on a EUR 6.65bn book. It cannot be confirmed, because APK publishes no private equity euro figure, no fund list and no commitment sizes.","commits in its own name and acts as its own gatekeeper - APK is the Dachfonds manager, asset allocator, risk manager and controller, and it hires external specialists to run the subfunds underneath. 'In der Wertschöpfungskette übernimmt die APK die Rolle des Dachfonds - Managers, Asset Allocators, des Risikomanagers und des Controllers. Von der APK ausgewählte, externe Veranlagungsspezialisten konzentrieren sich auf das Management des jeweiligen Subfonds.'","no euro figure is published. APK publishes a strategic private equity quota per Veranlagungs- und Risikogemeinschaft instead. VRG 1 carries Private Equity 5% with a 0% to 15% band. VRG 3, VRG 9 and VRG 25 each carry Private Equity 10%. VRG 19 and VRG 23 Sub-VG 2 each carry Private Equity 15%, and VRG 19's tactical band has a FLOOR of 10% and a ceiling of 25%. Total veranlagtes Vermögen was EUR 6,652.9m at 31 December 2025, up from EUR 6,316.1m. The Alternatives segment, which APK reports separately from private equity, was about 16% of the portfolio at year end and ranges from 0% to 21% across the VRGen. https://www.apk-pensionskasse.at/index.php?eID=dumpFile&t=f&f=698&token=31a57f3158e435d84d2e502e3cf711c1492b2a5c, https://www.apk-pensionskasse.at/index.php?eID=dumpFile&t=f&f=699&token=26beffb57d43caf5b8846e11f2f0b82dda902830 and https://www.apk-pensionskasse.at/index.php?eID=dumpFile&t=f&f=2113&token=ac39c08f76c4d676d234f6a909e408785c348317 read 2026-09-19","not published. APK's balance sheet shows EUR 2,970.0m in 'Aktien und sonstige Beteiligungswertpapiere' with no private equity split and no fund schedule. A 10% strategic quota on a EUR 6.65bn book would be a private equity programme of several hundred million euro, but APK does not publish the VRG sizes, so the euro figure cannot be derived from a published source. Inferred from the SAA tables and the total assets figure, and explicitly not verified.",,"Two-tier, and small. The Vorstand has two members. The Aufsichtsrat has fifteen, eight representing capital, six representing members and one the works council. The strategic and tactical allocation is set in an annual structured asset allocation process run by Veranlagung, Risikomanagement, Aktuariat and the Geschäftsführung. 'Alle strategischen und taktischen Entscheidungen im Bereich Veranlagung werden intern organisiert.'","Annual for the strategic asset allocation, with the SAA and TAA validated and adjusted as needed in the same process. No committee meeting calendar is published.","No external gatekeeper and no investment consultant is named in any published document. APK makes its independence the selling point. 'Als einzige Institution am Markt sind wir nicht im Besitz von Banken oder Versicherungen.' Manager selection runs on a Bestbieterprinzip with defined quantitative and qualitative criteria, and for non-conventional asset classes the qualitative criteria dominate. 'Bei nicht konventionellen Assetklassen stehen qualitative Kriterien im Mittelpunkt da quantitative Marktvergleiche nur bedingt möglich sind.'","Mag. Manfred Brenner (Mitglied des Vorstandes, first appointed 1 July 2022, appointed to 30 June 2027); Mag.a Beate Wolf (Mitglied des Vorstandes, first appointed 1 July 2022, appointed to 30 June 2027); Dr.in Valerie Hackl (Vorsitzende des Aufsichtsrates, first appointed 19 June 2024); Univ.-Prof. Dr. Teodoro D. Cocca (Mitglied des Aufsichtsrates, capital representative, first appointed 23 June 2021)",https://www.apk-pensionskasse.at/index.php?eID=dumpFile&t=f&f=698&token=31a57f3158e435d84d2e502e3cf711c1492b2a5c,"Downloaded and text-extracted the APK Pensionskasse Geschäftsbericht 2025 and seven of the twenty-two published Erklärungen über die Grundsätze der Veranlagungspolitik, for VRG 1, 2, 3, 9, 19, 23 Sub-VG 2 and 25, which Austria requires to be published for every VRG under PKG Paragraph 25a Abs 3. Also read the Veranlagung page in full. Searched the Geschäftsbericht for Private Equity, Beteiligung, alternativ, Risikokapital, Dachfonds, Zielfonds, Verwahrstelle, Depotbank, Kapitalanlagegesellschaft, Asien, Asia, Emerging, Schwellenländer, Crown, LGT, Partners Group, Golding, Pantheon, StepStone and Ardian. The phrase Private Equity appears in the SIPPs and not once in the Geschäftsbericht. APK names no external manager, no custodian and no consultant in anything it publishes. The balance sheet gives only 'Aktien und sonstige Beteiligungswertpapiere 2.970.010.459,74' with no split. The remaining fifteen SIPPs were not opened.",3
VBV-Pensionskasse AG (with VBV-Vorsorgekasse AG),Austria,Vienna,"Multi-employer Pensionskasse under the Pensionskassengesetz, the largest in Austria, with a sister Vorsorgekasse under the BMSVG",none,"no - US$50m is roughly EUR 43m, which is two and a half times VBV's whole private equity book of EUR 17.21m. VBV puts its illiquid money into private debt and infrastructure, not private equity.","commits in its own name through in-house asset-class feeder funds - VBV runs Assetklassen-Dachfonds for Anleihen, Darlehen und Kredite, Aktien, Immobilien and Infrastruktur, managed by its own Front Office, and each Veranlagungs- und Risikogemeinschaft holds units in them. Private equity has no Dachfonds of its own in that list.","private equity was EUR 17.21m, 0.2% of investments, at 31 December 2025, up from EUR 10.79m and 0.1% a year earlier. Total VBV-Pensionskasse investments in the same table were EUR 9,305.32m. Private Debt was EUR 867.23m and 9.3%, Infrastruktur EUR 654.54m and 7.0%, Immobilien EUR 388.92m and 4.2%. Veranlagtes Vermögen was EUR 9,793m at 31 December 2025 against EUR 9,380m a year earlier. https://www.vbv.at/fileadmin/CONTENT/Global/Berichte/2025/VBV_Nachhaltigkeitsbericht_2025.pdf and https://www.vbv.at/fileadmin/CONTENT/Global/Berichte/2025/VBV-Pensionskasse_Gesch%C3%A4ftsbericht_2025.pdf read 2026-09-19","below EUR 20m for a private markets fund, and much smaller in private equity. The entire private equity book is EUR 17.21m. Inferred from the asset-class table in the Nachhaltigkeitsbericht 2025, which is the only place VBV publishes a private equity figure. No per-fund commitment is published anywhere.",,"Two-tier. The Vorstand has three members and Veranlagung is the CEO's own portfolio. The Aufsichtsrat has fifteen members. Strategic asset allocation for each of the 29 VRGen and VGen is set once a year in an ALM and SAA process run jointly by Veranlagung, Risikomanagement, Aktuariat and Geschäftsführung. Product selection runs a structured multi-stage process against the FMA-Mindeststandards zur Due Diligence für Geschäftspartner, with a market comparison, and it is documented in writing.","Strategic asset allocation is optimised annually. Tactical bands are managed continuously by the Front Office, with reference to the responsible Vorstand or Risikomanagement where needed. The Erklärung über die Grundsätze der Veranlagungspolitik is dated October 2025.","No external gatekeeper and no investment consultant is named in any published VBV document. The investment function is the internal Front Office, Mid Office and Back Office. Pooled vehicles are the normal implementation route. 'In der Regel werden gepoolte Investmentvehikel (z.B. Investmentfonds) verwendet.'","Mag. Günther Schiendl (Vorstandsvorsitzender, CEO, and the board member responsible for Veranlagung); Mag. Ronald Laszlo (Mitglied des Vorstandes, responsible for Risikomanagement); Mag. Christian Reiss (Mitglied des Vorstandes, responsible for Berechtigten-Service and Vertrieb); Mag. Markus Posch (Vorsitzender des Aufsichtsrates)",https://www.vbv.at/fileadmin/CONTENT/Pensionskasse/Offenlegungen/Grundsaetze_der_Veranlagung/Grundsaetze_der_Veranlagungspolitik.pdf,"Downloaded and text-extracted three primary documents. The VBV-Pensionskasse Geschäftsbericht 2025, the VBV Nachhaltigkeitsbericht 2025, and the Erklärung über die Grundsätze der Veranlagungspolitik dated October 2025, which Austria requires to be published for every VRG under PKG Paragraph 25a Abs 3. Also downloaded the VBV-Vorsorgekasse Geschäftsbericht 2025. Searched all four for Private Equity, Beteiligung, alternativ, Risikokapital, Infrastruktur, Asien, Asia, Emerging, Schwellenländer, Crown, LGT, Partners Group, Golding, Pantheon, StepStone, Ardian, Hamilton Lane, Amundi, BlackRock, Schroders, Verwahrstelle and Depotbank. The string Private Equity appears nowhere in the Geschäftsbericht 2025. It appears twice in the Nachhaltigkeitsbericht, in the PCAF financed-emissions table, which is where the EUR 17.21m figure comes from. VBV names no external asset manager, no custodian and no consultant in any published document checked.",1
"Valida Pension AG (Valida Pensionskasse), part of Valida Holding AG",Austria,Vienna,"Multi-employer Pensionskasse under the Pensionskassengesetz, owned by Raiffeisen Bank International and UNIQA, sitting in a group with the Valida Plus AG Vorsorgekasse",none,"unclear - EUR 7.891bn is large enough in principle, and Valida says it is building unlisted assets over a multi-year period, but no private equity allocation, band or amount is published anywhere, so the ticket cannot be sized.","commits in its own name through its Asset Management department and Austrian Spezial-Dachfonds - 'Fondsanteile, welche direkt auf VG-Ebene oder in einem österreichischen Spezial-Dachfonds gehalten werden, werden jeweils einer Assetklasse zugeordnet.' The strategic asset allocation is defined by Asset Management within limits the Pensionskasse sets.","no private equity figure is published. Valida Pension AG held EUR 7.891bn in its Veranlagungs- und Risikogemeinschaften at 31 December 2025, and the Valida group held EUR 13.62bn against EUR 12.71bn a year earlier. The group's asset allocation charts use a 'Sonstige Investments' bucket rather than a private equity line. https://www.valida.at/resources/valida/valida/downloads/pdfs/GB_2025.pdf read 2026-09-19","not disclosed. Valida publishes no fund list, no commitment sizes and no private equity euro figure.",,"Two-tier at holding level. The Valida Holding AG Vorstand has three members and the Aufsichtsrat is dominated by the shareholders, with three Raiffeisen Bank International seats, two UNIQA seats and one GRAWE Bankengruppe seat alongside three works-council delegates. The asset allocation itself is produced by the Asset Management department from asset and liability studies, and the resulting model portfolio respects limits the Pensionskasse sets per asset class. Manager selection runs against the FMA-Mindeststandards zur Due Diligence für Geschäftspartner and is documented in writing.","Not published. The Geschäftsbericht describes SAA changes taking effect in mid-December for the following year, and tactical changes month by month through 2025.","No external gatekeeper or investment consultant is named. Valida uses an external Overlay-Manager for the Valida Risiko-Overlay-Modell, unnamed in the report, and says it entrusts the money to 'renommierten internationalen und nationalen Investment-Managern' without naming one. Risk and it governance run on Raiffeisen Bank International group processes.","Mag. Martin Sardelic (Vorstandsvorsitzender der Valida Holding AG); Dr. Philipp Mayer (Mitglied des Vorstandes der Valida Holding AG); DI (FH) Elisabeth Radocha (Mitglied des Vorstandes der Valida Holding AG); Dr. Christian Geberth (Aufsichtsratsvorsitzender der Valida Holding AG, Valida Pension AG und Valida Plus AG, in post since the extraordinary general meeting of 26 February 2026)",https://www.valida.at/de/warum-valida/asset-management/_jcr_content/root/responsivegrid/contentcontainer_2028508929/contentbox/downloadlist.download.html/0/Allgemeine%20Grundsaetze%20der%20Veranlagungspolitik%20,"Downloaded and text-extracted the Valida Geschäftsbericht 2025, which covers Valida Holding AG, Valida Pension AG and Valida Plus AG, and the Allgemeine Grundsätze der Veranlagungspolitik, which Austria requires to be published under PKG Paragraph 25a Abs 3. Searched both for Private Equity, Risikokapital, alternativ, Infrastruktur, Dachfonds, Master, Asien, Asia, Emerging, Schwellenländer, Crown, LGT and Partners Group. Private Equity appears exactly once, as an example inside the unlisted-assets section of the SIPP. The Geschäftsbericht presents asset allocation as pie charts whose labels and values do not survive text extraction in a reliable order, so I did not read a 'Sonstige Investments' percentage off them and no such figure appears in this row. Valida publishes twenty-seven further per-VRG SIPPs on its Rechtliches page behind JavaScript-generated download links, which this check did not open one by one.",2
AP Pension livsforsikringsaktieselskab,Denmark,"Copenhagen (Sundkrogsgade 29, 2150 Nordhavn)","Customer-owned commercial life and pension company, owned by Foreningen AP Pension f.m.b.a.",none,"unclear - the balance sheet supports it (DKK 192,5 mia. of registered assets, DKK 8,48 mia. of undrawn fund commitments) but private equity is only about 3,3 pct. of assets and no per-fund ticket is published. AP Pension does write direct fund commitments in its own name, shown by the December 2025 ETNA anchor investment, but the amount was not disclosed.","commits in its own name, and co-invests with peer Danish funds - AP Pension went into ETNA as an anchor investor together with PensionDanmark and AkademikerPension, and its own asset page describes the same pattern in property: „i udlandet både er tale om investeringer i ejendomsfonde, hvor AP Pension indgår i en pulje med andre investorer, typisk andre danske pensionsselskaber“. No outsourced alternatives manager and no pooled vehicle was found for private equity. https://appension.dk/om-ap-pension/investering/aktiver","private equity was 3,28 pct. of AP Pension's assets in 2025, up from 3,03 pct. in 2024, 2,95 pct. in 2023 and 2,91 pct. in 2022, per the published Fordeling af aktiver table. https://appension.dk/om-ap-pension/investering/aktiver. Registrerede aktiver i alt were DKK 192,528 mio. at ultimo 2025 (DKK 177,495 mio. at ultimo 2024), Årsrapport 2025 note on registrerede aktiver. Unoterede kapitalandele in the bilag-11 specification were DKK 2,539 mio. (gennemsnitsrenteprodukter) plus DKK 9,865 mio. (markedsrenteprodukter) at ultimo 2025, so about DKK 12,4 mia. of unlisted equity in total. The level-3 fair value note carries a separate Private equity line of DKK 2,361 mio. at ultimo 2025 (DKK 2,485 mio. at ultimo 2024). https://appension.dk/globalassets/content_mz/filer-pdf/regnskaber/arsregnskaber/2025/arsrapport-ap-pension-livsforsikringsaktieselskab.pdf","not found - AP Pension publishes no private-equity fund list and no per-fund commitment figure. The only commitment total disclosed is aggregate: „Selskabet har givet tilsagn om yderligere investering i aktier, investeringsfonde mv. for et beløb på 8.481.568 t.kr. (2024: 8.372.785 t.kr.)“, which is DKK 8,48 mia. of undrawn commitments across all fund types at ultimo 2025. https://appension.dk/globalassets/content_mz/filer-pdf/regnskaber/arsregnskaber/2025/arsrapport-ap-pension-livsforsikringsaktieselskab.pdf",,"Bestyrelsen, chaired by Martin Nørholm Baltser (administrerende direktør of Middelfart Sparekasse), with Lasse Nyby as næstformand. Nine-member board. The direktion is Nils Bo Normann Rasmussen (adm. direktør), Pia Werner Alexandersen, Thomas Møller and Janni Bové Schou. Investment work is led by investeringsdirektør Pernille Jessen, who is not on the direktion list in the 2025 accounts.","F: „Der har været afholdt 10 bestyrelsesmøder i selskabet“ in 2025, Årsrapport 2025 governance section.","No manager-selection gatekeeper named in any AP Pension document read. AP Pension describes running its own selection process for external managers: „Når AP Pension vælger eksterne forvaltere til at investere i fx aktier, udvælges forvalterne efter en grundig udvælgelsesproces.“ https://appension.dk/om-ap-pension/investering/aktiver","Pernille Jessen (Investeringsdirektør, took the seat at the turn of 2023/2024; came from AkademikerPension where she was medinvesteringsdirektør; succeeded Rasmus Cederholm); Nils Bo Normann Rasmussen (Administrerende direktør); Martin Nørholm Baltser (Bestyrelsesformand); Lasse Nyby (Næstformand i bestyrelsen)",https://appension.dk/globalassets/content_mz/filer-pdf/regnskaber/arsregnskaber/2025/arsrapport-ap-pension-livsforsikringsaktieselskab.pdf,"Opened AP Pension Årsrapport 2025 for AP Pension livsforsikringsaktieselskab in full (4,060 text lines: the ledelsesberetning investment section, the bilag-11 Aktiver i gennemsnitsrenteprodukterne and Aktiver i markedsrenteprodukterne tables, the level-3 fair value notes, the eventualforpligtelser note with undrawn commitments, the registrerede aktiver note, and note 33 on bestyrelsens og direktionens ledelseshverv), the „Aktiver“ asset-allocation page with the 2022-2025 percentages, the financial reports index, the 2024 CIO appointment news item, and the full appension.dk sitemap filtered for alternativ, unoteret, kapitalfond, private equity, aktivliste, beholdningsliste, gennemsigtighed. The only holdings list AP Pension publishes is /globalassets/content_mz/filer-pdf/investering/beholdningslister/borsnoterede-aktier.pdf, which is listed equities. Probed the same beholdningslister directory for alternative-investeringer.pdf, alternative.pdf, unoterede.pdf, kapitalfonde.pdf, private-equity.pdf, infrastruktur.pdf and obligationer.pdf; all seven returned HTTP 404. No „liste over alternative investeringer“ exists on the site.",3
ATP (Arbejdsmarkedets Tillægspension),Denmark,Hillerød,Statutory supplementary labour-market pension for 5.8m Danes; largest Danish pension institution,signs,"yes - ATP is the largest institution in this universe, its unlisted equity book is DKK 93.2bn, and its private-equity arm alone manages over EUR 11bn. A US$50m ticket is small for it.","split - fund commitments in private equity are made by ATP Private Equity Partners, a captive fund-of-funds arm managed through Private Equity Advisors ApS and Private Equity Advisors AIFM A/S, which 'was founded in 2001 as the independent private equity arm of the Danish pension fund, ATP' and targets 'funds across Europe and North America'. The Asian positions on ATP's own statutory list sit outside that stated mandate, so at least some Asia exposure is bought at ATP group level rather than through ATP PEP. https://atp-pep.com/","ATP's unlisted equity holdings were DKK 93,242m fair value at 31 December 2025, down from DKK 108,298m a year earlier. Of that, the private-equity lines in the fair-value hierarchy note total DKK 44,171m (DKK 8,162m at recent transaction prices, DKK 33,198m at reported fair value, DKK 688m by multiple analysis and DKK 2,123m by discounted cash flow). Separately, ATP Private Equity Partners manages more than EUR 11bn of assets. https://www.atp.dk/dokument/aarsrapport-atp-koncernen-2025 and https://atp-pep.com/","not published. ATP's statutory specification gives the fund's own equity and ATP's ownership band, never ATP's commitment. Most of ATP's fund positions sit in the 0 to 4.99 per cent ownership band of funds with DKK 3bn to DKK 170bn of equity, which implies commitments well above US$50m on the large funds. https://www.atp.dk/dokument/specifikation-af-kapitalandele-2025","HongShan Capital Growth Fund III, L.P. | company equity DKK 104,364m at year-end 2025; ATP's own commitment not published, ATP's holding is below 5 per cent of the fund (held at 31 December 2025; vintage not stated in the source)
HongShan Capital Growth Fund IV, L.P. | company equity DKK 26,092m at year-end 2025; ATP's commitment not published (held at 31 December 2025)
Peak XV Partners IV LTD and Peak XV Partners V LTD | company equity DKK 9,993m and DKK 14,910m at year-end 2025; ATP's commitments not published (held at 31 December 2025)
HongShan Capital Venture Fund V, L.P. and HongShan Capital Venture Fund VI, L.P. | company equity DKK 3,516m and DKK 9,845m at year-end 2025; ATP's commitments not published (held at 31 December 2025)
HongShan Capital China Venture Fund IV, LP | company equity DKK 8,027m at year-end 2025; ATP's commitment not published (held at 31 December 2025)
Indium V (Mauritius) Holdings Ltd | company equity DKK 5,781m at year-end 2025; ATP's commitment not published (held at 31 December 2025)
China-U.S. Industrial Cooperation (Unlevered) European Partnership, SLP | company equity DKK 2,389m at year-end 2025; ATP holds 90 to 99.99 per cent (held at 31 December 2025)
Archer Capital VCLP 5 LP | company equity DKK 283m at year-end 2025; ATP's commitment not published (held at 31 December 2025)
Crown Global Secondaries II plc (LGT Capital Partners) | company equity DKK 247m at year-end 2025; ATP holds 5 to 9.99 per cent (held at 31 December 2025)","ATP's board (bestyrelse), chaired by Torben M. Andersen, sets the investment strategy; the group executive board is led by CEO Martin Præstegaard with Mikkel Svenstrup as CIO. Private-equity fund commitments are executed by ATP Private Equity Partners, whose own boards include ATP's CFO Pernille Vastrup ('Bestyrelsesmedlem i ATP Private Equity Partners lV-IX').","F: ATP's board held six ordinary meetings in 2025. Director attendance is reported as, for example, 'Bestyrelse - deltaget i 5 moder ud af 6'.","ATP Private Equity Partners is the gatekeeper for private-equity fund selection, and by its own description it targets Europe and North America. There is no evidence of an external consultant screening managers.",Mikkel Svenstrup (Koncerndirektør for investering (Chief Investment Officer)); Martin Præstegaard (Adm. direktør (Chief Executive)); Pernille Vastrup (Koncerndirektør (Chief Financial Officer); board member of ATP Private Equity Partners IV to IX); Torben M. Andersen (Bestyrelsesformand (Chair of the Board)),"https://www.atp.dk/dokument/aarsrapport-atp-koncernen-2025
https://www.atp.dk/dokument/specifikation-af-kapitalandele-2025","Downloaded and parsed ATP's Årsrapport 2025 in full (4,363 text lines): note 10 on unlisted equity, the fair-value hierarchy table, the group structure chart, the executive and board lists, the directorships appendix and the board attendance records. Downloaded and parsed ATP's statutory 'Specifikation af kapitalandele 2025' in full (1,324 lines, 20 pages) and read every line of the unlisted foreign holdings section across all ownership bands. Read the ATP Private Equity Partners website in full. Read ATP's press item on the external evaluation group. Also pulled ATP's older '>5 per cent ownership' breakdown for 2018 and confirmed it contains no Asian fund. Limitation: ATP's disclosure publishes the FUND's own equity and ATP's ownership band, never ATP's commitment, so no commitment figure is available for any position.",4
"Danica Pension, Livsforsikringsaktieselskab",Denmark,"Copenhagen (registered address Bernstorffsgade 40, 1577 København V, per Årsrapport 2025; historically associated with Kgs. Lyngby)","Commercial life and pension company, 100 pct. owned subsidiary of Danske Bank A/S",none,"yes - Danica already writes EUR 50m into a single co-investment on its own account, and carries DKK 18,8 mia. of private equity with DKK 13,9 mia. of undrawn alternatives commitments. On size alone it is the strongest of the five Danish commercial funds in this shard.","commits in its own name, using an in-house investment-management subsidiary - Danica owns Danica Kapitalforvaltning K/S, København, 100 pct., 63 employees, described in the koncernoversigt under INVESTERINGSFORVALTNING as „Leverer investeringsserviceydelser til koncernforbundne virksomheder“. Danske Bank Asset Management is not named anywhere in Årsrapport 2025 as the manager of Danica's assets. The 2019 NordicInvestor profile describes a Danica private-equity allocator presenting to a Danica investment committee, and says she could draw on Danske Bank's corporate finance, debt and equity teams, which is group support rather than a group signature. The sister company Danske Private Equity A/S is a separate fund manager, not Danica's gatekeeper. https://danica.dk/-/media/pdf/danica-pension/dk/regnskaber/2025/q4/danica-pension-aarsrapport-2025.pdf","Private Equity carried at DKK 18.807 mio. at 31.12.2025 in the ikke observerbare input (level 3) table, alongside Infrastruktur DKK 11.898 mio., Kredit DKK 4.575 mio., Ejendomsfonde DKK 1.782 mio. and Unoterede investeringsforeningsandele DKK 217 mio. Undrawn alternatives commitments: „Koncernen har givet tilsagn om deltagelse i alternative investeringer med et beløb på 13.913“ mio. kr. at 2025 (15.785 mio. kr. at 2024). Investeringsaktiver DKK 559.657 mio. for the group and DKK 599.131 mio. including market-rate products. Unoterede kapitalandele DKK 37.063 mio. at ultimo 2025. https://danica.dk/-/media/pdf/danica-pension/dk/regnskaber/2025/q4/danica-pension-aarsrapport-2025.pdf. Earlier and secondary: NordicInvestor, 19 June 2019, put the private equity allocation at „EUR 4 billion“, about 35 pct. of the alternatives sleeve. https://nordic-am.com/danica-linsay-mcphater-private-equity/","„Danica typically invests EUR 50 million in a co-investment deal.“ NordicInvestor, 19 June 2019, profile of Danica's private equity allocator. Same article: „Currently, we are looking to deploy around DKK 4-5 billion over 2019 and 2020.“ https://nordic-am.com/danica-linsay-mcphater-private-equity/. No fund-level commitment size was found in any Danica document, and no 2024-2026 refresh of the EUR 50m figure was found.",,"An investment committee inside Danica, fed by the investment team. NordicInvestor, 19 June 2019: investments are presented to an investment committee via 60-page investment memoranda, with due diligence taking between three weeks and three months. Above it sits a nine-member bestyrelse (five elected at the general meeting, three employee-elected, one appointed by the finance minister) which „varetager den overordnede ledelse af selskabet“. The board has a revisionsudvalg and a risikoudvalg but no separate investment committee is named in the 2025 accounts.",Not found for the investment committee. For the board sub-committees the 2025 accounts give: „Revisionsudvalget har i 2025 afholdt syv“ meetings. No board or investment-committee meeting count for private-equity approvals was published.,No external manager-selection gatekeeper found. The screen is Danica's own investment team and investment committee. Danske Private Equity A/S sits in the same group and is a direct competitor to a pan-Asia fund-of-funds product.,"Poul Kobberup (Investeringsdirektør (CIO), Danica Pension); Mads Nicolai Kaagaard (Administrerende direktør); Christoffer Kanstrup (Næstformand of Danica's bestyrelse and Executive Vice President, Danske Bank A/S; board member of Danske Private Equity A/S; formand for risikoudvalget i Danica koncernen); Linsay McPhater (Described only as „Danica's Private Equity Allocator“. The article gives no formal job title, and her 2026 tenure is NOT confirmed.); Jesper Koefoed (Formand for revisionsudvalget)",https://danica.dk/-/media/pdf/danica-pension/dk/regnskaber/2025/q4/danica-pension-aarsrapport-2025.pdf,"Opened Danica Pension Årsrapport 2025 in full (5,389 text lines: the ledelsesberetning including the Finanstilsynet påbud on alternative investments, the ORGANISATION OG LEDELSE section, note 11 Investeringsaktiver with the noterede/unoterede split, the fair-value hierarchy and the ikke observerbare input table with the Private Equity line, the eventualforpligtelser note with alternatives commitments, the koncernoversigt with Danica Kapitalforvaltning K/S, and the ledelseshverv lists). Also opened the danica.dk sitemap filtered for beholdning, alternativ, liste and unoteret (only a list of critical illnesses and two sustainability-alternatives pages exist), the „Bæredygtigt fokuserede alternativer“ page (describes categories, names no funds), the 12 January 2026 CIO article, the NordicInvestor 2019 profile of Danica's private-equity allocator, and the Danske Private Equity homepage. Could not find any Danica holdings list naming private-equity funds, any statement that Danske Bank Asset Management signs Danica's fund commitments, or any refresh of the EUR 50m co-investment ticket after 2019.",4
Industriens Pension (Industriens Pensionsforsikring A/S),Denmark,"Copenhagen (Norre Farimagsgade 3, 1364 Copenhagen K)","Industry-wide labour-market pension fund for Danish industrial workers, owned 50/50 by DI and CO-industri",none,"yes - a DKK 28.4bn unlisted-company book inside DKK 262bn of total exposure, described by the company as 'a high proportion of unlisted investments', supports a USD 50m commitment. Inference from the 2025 annual report; Industriens Pension publishes no per-fund commitment figure to confirm it directly.","commits in its own name - 'The majority of the unlisted investments are made through funds and co-investments with these', and the published holdings list is headed with the company's own name. There is no Danish pool or shared vehicle between Industriens Pension and the other funds in this shard. https://www.industrienspension.dk/-/media/Files/Aarsrapporter/2025/Annual-Report-2025.pdf","'The total portfolio of unlisted investments amounts to DKK 87.7 bn.... The majority are invested in unlisted companies (DKK 28.4 bn) and infrastructure assets (DKK 28.4 bn).' Net exposure to investment assets was DKK 262bn at the end of 2025, up from DKK 245bn a year earlier. https://www.industrienspension.dk/-/media/Files/Aarsrapporter/2025/Annual-Report-2025.pdf read 2026-09-19. F: the published unlisted-equity holdings list at 31 August 2026 shows a Hovedtotal of 27.729,4 (DKK m) across about 165 fund lines. https://www.industrienspension.dk/-/media/Files/Investering/2026/August/Unoterede-aktier-output.pdf","Not disclosed. The published list gives fund names only, with a single group total and no per-fund figure. I: DKK 27.7bn spread over about 165 fund lines implies an average holding value near DKK 170m (roughly USD 26m), but a holding value is not a commitment and the spread around that average is unknown.",,"The Board of Directors, 14 members, 12 appointed by the shareholder groups behind the scheme. It has established 'an audit committee, an investment committee, a [committee for responsible investment and a remuneration committee]'. The investment committee of Industriens Pensionsforsikring A/S is chaired by the board Chairman, Mads Andersen, with Deputy Chairman Kim Graugaard as a member.",Not published as a number. The 2025 annual report reports board meeting attendance of 98 pct. but gives no meeting count for the board or the investment committee.,No external manager-selection gatekeeper found. Selection is done by the in-house investment organisation under CIO Peter Lindegaard. The company has been hiring specialists for unlisted investments rather than outsourcing selection.,Laila Mortensen (CEO (Board of Management)); Peter Lindegaard (Chief Investment Officer); Mads Andersen (Chairman of the Board; Chairman of the investment committee of Industriens Pensionsforsikring A/S; Group Chairman of Industrigruppen 3F); Kim Graugaard (Deputy Chairman of the Board; member of the investment committee; former Deputy Director General of DI); Joan Alsing (Insurance Director (day-to-day management)),https://www.industrienspension.dk/-/media/Files/Aarsrapporter/2025/Annual-Report-2025.pdf,"Downloaded and read every line of the three relevant Industriens Pension holdings PDFs at 31 August 2026 from its Aktiver transparency page: Unoterede aktier (about 165 fund lines), Infrastruktur and Ovrige strategier. Grepped all three for every Asia manager on the target list. Read the Annual Report 2025 (3,412 text lines): the unlisted investments section, the asset return tables, the exposure and cost tables, note on pledges to invest, the corporate governance section with the board committee structure, the Board of Management list and the full board biographies. Could not find: any commitment or market value for an individual fund, any pan-Asia fund-of-funds, any Asia co-investment platform, any published board or investment committee meeting count, and any named head of private equity below CIO level.",5
"Lægernes Pension (Lægernes Pension og Bank; the doctors' pension fund, pensionskassen for læger)",Denmark,"Frederiksberg, Copenhagen (Dirch Passers Allé 76, 2000 Frederiksberg)","Member-owned occupational pension fund for Danish doctors, operated jointly with Lægernes Bank",none,"yes on size, no in practice - DKK 131 mia. of assets and a DKK 8,1 mia. private-equity book across 17 managers make a US$50m ticket arithmetically normal, but Lægernes Pension announced in March 2025 that it will make no new unlisted investments in China, which rules out a standard pan-Asia vehicle.","commits in its own name, alongside other Danish pension funds - „Unoterede investeringer sker gennem fonde og i partnerskaber med andre pensionsselskaber“ and „De fleste af investeringerne bliver forvaltet af eksterne forvaltere med specialkompetencer inden for specifikke områder. Pensionskassens opgave består i at fastlægge den overordnede investeringsstrategi, udvælge og overvåge investeringerne samt vælge de rette forvaltere.“ Årsrapport 2025 ledelsesberetning. No pool and no outsourced gatekeeper. https://www.lpb.dk/media/95619e83-892e-4c3e-9608-1d7b40d28d0c/tVq95Q/Dokumenter/Om%20os/%C3%85rsrapporter%20m.m./LP/L%C3%A6gernes%20Pension%20%C3%85rsrapport%202025%20Web%20version%20240326.pdf","Private Equity fonde carried at DKK 8.067 mio. at ultimo 2025, up from DKK 7.745 mio. at primo, with DKK 1.187 mio. of additions and DKK 1.082 mio. of disposals during 2025 (level-3 reconciliation note, Årsrapport 2025). Private equity is 5,1 pct. of the TraditionelPension portfolio against a 5,3 pct. benchmark at 31 December 2025. Total aktiver DKK 131.367 mio. at ultimo 2025 (DKK 125.915 mio. at ultimo 2024). https://www.lpb.dk/media/95619e83-892e-4c3e-9608-1d7b40d28d0c/tVq95Q/Dokumenter/Om%20os/%C3%85rsrapporter%20m.m./LP/L%C3%A6gernes%20Pension%20%C3%85rsrapport%202025%20Web%20version%20240326.pdf","about DKK 475m of current value per manager. The published Kapitalforvaltere list at ultimo 2025 names 17 private-equity managers and the accounts carry DKK 8.067 mio. of private equity fund value, so about DKK 475m per manager, roughly US$70m at prevailing rates. That is value per MANAGER, not a commitment per FUND, and a manager may hold more than one fund. Actual additions across the whole private-equity programme were DKK 1.187 mio. in 2025. No per-fund commitment figure is published. https://www.lpb.dk/media/482c0c16-e406-4eaa-9824-f0f577ea34f5/swLJnQ/Dokumenter/Bank/Investering/B%C3%A6redygtighed/Kapitalforvaltere.pdf",,"Bestyrelsen sets the strategic benchmark: „Den aktuelle sammensætning af investeringsaktiver er holdt op imod den strategiske sammensætning af aktiver, som er vedtaget af bestyrelsen (kaldet benchmark).“ Manager selection is executed by the pensionskasse's own investment function under investeringsdirektør Peter Possing Andersen. The board has a revisionsudvalg and the direktion has appointed a risikoansvarlig and a Risikokomité. Bestyrelsesformand is Tina Øster Larsen, næstformand Christian Freitag.","Not found. The 2025 annual report publishes per-director attendance percentages (mødeprocent) but no board meeting count. The report is dated Frederiksberg, 23 March 2026.","No external manager-selection gatekeeper found. The screen is the pensionskasse's own investment team. Two of the 17 named private-equity managers, AlpInvest and Schroders, are themselves multi-manager and co-investment platforms, so Lægernes Pension already buys the product category from third parties.","Peter Possing Andersen (Investeringsdirektør); Chresten Dengsøe (Adm. direktør (sole signatory of the direktion on the ledelsespåtegning)); Tina Øster Larsen (Bestyrelsesformand); Christian Freitag (Næstformand i bestyrelsen); Claus Jørgensen (Investeringsdirektør, uafhængigt medlem af bestyrelsen, f. 1967, kvalifikationer inden for investering og pension. Note: PenSam's investeringsdirektør carries the same name; the two were NOT confirmed to be the same person.)",https://www.lpb.dk/media/95619e83-892e-4c3e-9608-1d7b40d28d0c/tVq95Q/Dokumenter/Om%20os/%C3%85rsrapporter%20m.m./LP/L%C3%A6gernes%20Pension%20%C3%85rsrapport%202025%20Web%20version%20240326.pdf,"Opened Lægernes Pension Årsrapport 2025 in full (4,549 text lines: the investment section including the China paragraph, the level-3 fair value reconciliation with the Private Equity fonde line, the bestyrelse and direktion pages, the risk note and the ledelsespåtegning), the „Aktiver vi investerer i“ page and every beholdningsliste it links (Aktier, Statsobligationer, Virksomhedsobligationer for 2022 to Q2 2026; there is no alternatives beholdningsliste), the Kapitalforvaltere pr. ultimo 2025 PDF in full, the Investeringsaktiver TraditionelPension / Ny TraditionelPension asset breakdown at 31 December 2025, the FleksibelPension høj risiko breakdown, the Rapporter index, and the March 2025 China divestment news item in full. Also swept the lpb.dk sitemap for aktiv, liste, beholdning, alternativ and rapport. The site returned HTTP 200 to a normal browser User-Agent throughout; no 403 was encountered. Could not find a board meeting count, a per-fund commitment figure, or any named private-equity FUND (the manager list gives firm names only).",5
"PFA Pension, forsikringsaktieselskab",Denmark,"Copenhagen (Sundkrogsgade, Copenhagen O)","Commercial customer-owned life and pension company, the largest commercial pension provider in Denmark",signs,"yes - 23 separate positions in its own published list are DKK 300m or more, against a DKK 55.7bn alternatives book and DKK 746bn of customer funds. Fact from the holdings list; the commitment figures themselves are not published.","commits in its own name - the list is headed 'PFA Pension, alternative investeringer og ejendomme' and PFA holds the fund positions directly, with a group of wholly-owned companies used for alternative investments in Denmark and abroad. There is no pool and no third-party asset manager between PFA and the fund. https://www.pfa.dk/-/media/pfa-v2/dansk/dokumenter/om-pfa/aarsrapporter/pfa_aarsrapport_pension_2025.pdf","'Alternative investeringer i alt 55.663' (DKK m) at 30 June 2026 on PFA's published holdings list, before the separate property book. https://www.pfa.dk/-/media/pfa-v2/dansk/dokumenter/om-pfa/aarsrapporter/alternative_investeringer_og_ejendomme_halvaar_2026.pdf read 2026-09-19. F: 'Selskabets unoterede investeringer udgor 114,3 mia. kr.' at 31 December 2025, per the auditor's key audit matter in the annual report. https://www.pfa.dk/-/media/pfa-v2/dansk/dokumenter/om-pfa/aarsrapporter/pfa_aarsrapport_pension_2025.pdf. F: customer funds rose from DKK 678bn to DKK 746bn during 2025. https://www.pfa.dk/-/media/pfa-v2/dansk/dokumenter/om-pfa/aarsrapporter/pfa_aarsrapport_pension_2025.pdf. PFA does not publish a separate private equity figure.","of the 131 lines in the 30 June 2026 alternatives list, 82 carry a market value and 68 are above zero; their median is DKK 90m, 23 are DKK 300m or more, and the largest is CVC Strategic Opportunities II at DKK 1,500m. https://www.pfa.dk/-/media/pfa-v2/dansk/dokumenter/om-pfa/aarsrapporter/alternative_investeringer_og_ejendomme_halvaar_2026.pdf. I: the DKK 300m-1,500m band (roughly USD 45m-225m) is where PFA's live fund positions sit, so USD 50m is an ordinary size for it. Market values understate commitments, and PFA withholds the value of part of its direct alternatives 'af konkurrencemaessige hensyn'.","Maj Invest Equity Southeast Asia II | DKK 9m market value at 31 December 2022, DKK 6m at 31 December 2020, DKK 2m at 31 December 2024, DKK 0m at 30 June 2026; commitment not published (held continuously from at least 31 December 2020 to 30 June 2026)
Roc Asia Pacific Offshore | DKK 0m market value at 31 December 2020 and 31 December 2022, commitment not published (held at 31 December 2020 and 31 December 2022; absent from the 31 December 2024 list)
HarbourVest Partners VIII-Cayman; HarbourVest Int. PEP IV-Direct; HarbourVest Int. PEP IV-Partnership; HarbourVest Int. PEP V-Cayman Direct | DKK 5m, 1m, 0m and 3m market value at 31 December 2020; DKK 1m and 0m for the two survivors at 30 June 2026; commitments not published (held at 31 December 2020 through 30 June 2026)","PFA's investeringsudvalg, a four-member board committee, prepares fund recommendations for the board: 'Investeringsudvalget har bl.a. til formal at behandle investeringsindstillinger og oplaeg til investeringsstrategi forud for bestyrelsesmoderne, sorge for lobende opfolgning pa tidligere godkendte investeringer med fokus pa ejendomsinvesteringer og alternative investeringer'. Members at 31 December 2025 are Niels-Ulrik Mousten (chair), Kim Ronnow Duus, Bodil Nordestgaard Ismiris and Laurits Kruse Ronn. The full board of 15 (ten elected at the AGM, five employee-elected) then decides.",F: 'PFA's investeringsudvalg har holdt fem moder i 2025.' The formandskab met seven times and the revisionsudvalg four times in 2025.,"No external manager-selection gatekeeper found. The screen is PFA's in-house investment organisation under CIO Kasper Ahrndt Lorenzen, with the board investment committee as the approval gate. The board's own competence profile requires that 'Mindst et bestyrelsesmedlem skal have kompetencer inden for alternative investeringer'.","Kasper Ahrndt Lorenzen (Koncerndirektor, Chief Investment Officer); Ole Krogh Petersen (Administrerende direktor (CEO)); Niels-Ulrik Mousten (Formand for PFA's investeringsudvalg (chair of the board investment committee)); Kim Ronnow Duus (Bestyrelsesformand (chair of the board); also a member of the investeringsudvalg); Bodil Nordestgaard Ismiris (Naestformand; member of the investeringsudvalg); Laurits Kruse Ronn (Member of the investeringsudvalg)","https://www.pfa.dk/-/media/pfa-v2/dansk/dokumenter/om-pfa/aarsrapporter/alternative_investeringer_og_ejendomme_2020.pdf
https://www.pfa.dk/-/media/pfa-v2/dansk/dokumenter/om-pfa/aarsrapporter/alternative_investeringer_og_ejendomme_2022.pdf
https://www.pfa.dk/-/media/pfa-v2/dansk/dokumenter/om-pfa/aarsrapporter/alternative_investeringer_og_ejendomme_halvaar_2026.pdf
https://www.pfa.dk/-/media/pfa-v2/dansk/dokumenter/om-pfa/aarsrapporter/pfa_aarsrapport_pension_2025.pdf","Downloaded and read PFA's published alternative investments and property holdings lists for ultimo December 2020, 2022, 2024 and 2025 and for 30 June 2026, and grepped every one of them for the full target list of Asia managers and fund-of-funds platforms. Read the PFA Pension Arsrapport 2025 (4,437 text lines): the governance chapter with the formandskab, revisionsudvalg, investeringsudvalg and aflonningsudvalg composition and meeting counts, the board competence profile, the koncerndirektion list, the auditor's key audit matter on unlisted investments and the valuation notes. Checked the full document index on PFA's annual report page. Could not find: a separate private equity figure in the annual report, any commitment amount for any fund, any live Asia private equity position above zero value, any pan-Asia fund-of-funds after 2022, and a published count of full board meetings for 2025.",5
PKA A/S (Pensionskassernes Administration A/S),Denmark,"Hellerup (Tuborg Boulevard 3, 2900 Hellerup)",Administration and investment-management company for the PKA group of Danish labour-market pension funds,none,yes - a group private equity book of at least DKK 48bn across the member funds (about USD 7bn) makes a USD 50m ticket small in relative terms. Inference from the two Finanstilsynet inspection reports; PKA has not published a ticket size.,"manager runs the process, the member fund signs - 'Pensionskassens investeringer varetages af PKA A/S, der er administrationsselskab i PKA-faellesskabet' (https://www.finanstilsynet.dk/tilsyn/inspektion-og-afgoerelser/2024/apr/pensionskassen-for-sygeplejersker_180424). The legal owner is the individual pension fund, which uses its own named vehicles, for example 'PKA - Sygeplejersker og Laegesekretaerer Gode Wind II K/S' in note 14 of the 2025 annual report (https://pka.dk/globalassets/_7-beretninger-og-arsrapporter/arsrapporter/2025/2025aarsrapportpk01.pdf). A seller approaches PKA A/S, but the commitment is booked by one or more of the four member funds.","the two PKA funds inspected by Finanstilsynet held private equity of about DKK 30.3bn (15 pct. of investment assets) and about DKK 18bn (16 pct.) at end-September 2023, so the group book was at least DKK 48bn on that date. https://www.finanstilsynet.dk/tilsyn/inspektion-og-afgoerelser/2024/apr/pensionskassen-for-sygeplejersker_180424 and https://pka.dk/globalassets/6-finanstilsynet/redegorelse-om-funktionsinspektion-af-private-equity-investeringer-i-pensionskassen-for-socialradgivere-socialpadagoger-og-kontorpersonale.pdf, both read 2026-09-19. F: PKA describes itself as 'en af Danmarks storste pensionskasser med 370.000 medlemmer og en pensionsformue pa 500 mia. kr.' https://pka.dk/om-pka/pka-i-tal read 2026-09-19.","Not found. PKA publishes no fund-level list of its alternative investments, so no per-fund commitment or holding figure is available from a primary source.",,"PKA's investment department prepares the papers, an investeringskomite and the boards of the individual pension funds decide. PKA's own words: 'Investeringsafdelingen udarbejder desuden oplaeg til bestyrelser og investeringskomiteen vedrorende nye investeringsmaessige tiltag.' Finanstilsynet ordered the board to set 'klare anvisninger for direktionens befojelser til at foretage private equity-investeringer' and to clarify 'i hvilket omfang der kan investeres i fonde, funds-of-funds-fonde og enkeltinvesteringer samt foretages co-investeringer, herunder hvilke investeringer der skal forelaegges bestyrelsen', so the split between board approval and management authority was still being redrawn in 2024.","Not published. The 2025 annual report reports board attendance of 86 pct. but not the number of meetings, and PKA publishes no meeting calendar for the investeringskomite.","No external manager-selection gatekeeper found. The screen is PKA's own investment department plus strategic partnerships, above all IIP Denmark P/S: 'Investeringerne i private equity foretages som udgangspunkt som kapitalfondsinvesteringer og co-investeringer gennem strategiske partnerskaber, herunder gennem IIP Denmark P/S, som er en kapitalfondsforvalter ejet af pensionskassen sammen med de ovrige pensionskasser i PKA-faellesskabet.'","Jon Steingrim Johnsen (Administrerende direktor, Pensionskassernes Administration A/S; also CEO of PKA+Pension and of the other three PKA pension funds); Mads Skaaning (Direktor, Investeringer (head of the investment department), PKA); Anders Kuhnau (Bestyrelsesformand i PKA A/S; regionsradsmedlem og formand for Danske Regioner)",https://pka.dk/om-pka/organisation/investeringer,"Read the PKA holdings list at August 2026 in full (3,043 lines, all four sections) and confirmed it contains no fund names for private equity. Read the 2025 annual report of Pensionskassen for Sygeplejersker og Laegesekretaerer (7,669 text lines), including the asset allocation section, note 14 contingent liabilities and undrawn commitments, note 17 asset returns, the governance and ledelseshverv sections and the SFDR supplementary report with its 15 largest investments for 2023, 2024 and 2025. Read both Finanstilsynet private equity inspection reports (PK01 April 2024 and PK08 April 2024). Read PKA's TCFD report 2025 and the pka.dk investment organisation page. Could not find: any fund-by-fund alternatives list, any named Asia manager, any per-fund commitment figure, any published investeringskomite cadence, and any working URL for the Ritzau press release announcing the CIO change (it returns HTTP 404).",3
"PenSam Pension forsikringsaktieselskab (the group trades as PenSam; the prompt's „PenSam Liv forsikringsaktieselskab“ is the former name of the life company, which filed its 2025 accounts as PenSam Pension forsikringsaktieselskab, CVR 14638903)",Denmark,"Farum (Jørgen Knudsens vej 2, 3520 Farum)","Labour-market pension provider for social and health workers, closely tied to the FOA union; member-governed through a repræsentantskab",none,"unclear - the balance sheet easily supports it (DKK 193,8 mia. of registered assets, DKK 10,9 mia. of private equity, DKK 5,0 mia. undrawn) but no ticket size is published anywhere, and PenSam's disclosed 2025 private-equity activity was explicitly European.","commits in its own name through external managers, and clubs heavily with other Danish pension funds - PenSam repeatedly co-invests with PKA and in 2025 signed a strategic infrastructure partnership with Allianz: „Inden for infrastruktur blev der indgået et nyt strategisk samarbejde med Allianz.“ For private equity it uses mandates with external managers rather than a pool: „PenSam etablerede nye europæiske mandater inden for private equity og illikvid kredit.“ https://pensam.dk/-/media/pdf-filer/om-pensam/aarsrapporter/2025/aarsrapport2025_psp.pdf","Private equity fonde carried at DKK 10.929 mio. (t.kr. 10.929.235) at ultimo 2025, down from DKK 12.092 mio. at ultimo 2024, in the level-3 fair value note. Undrawn commitments: „Uudnyttet tilsagn om investering i private equity fonde 5.000“ mio. kr. at 2025 (5.168 mio. kr. at 2024). The equity book overall is DKK 61,1 mia. listed plus DKK 11,1 mia. unlisted. Forsikringsmæssige hensættelser DKK 187,2 mia. and registrerede aktiver DKK 193.809 mio. at ultimo 2025. https://pensam.dk/-/media/pdf-filer/om-pensam/aarsrapporter/2025/aarsrapport2025_psp.pdf","not found - PenSam publishes no private-equity fund list and no per-fund commitment figure. The only per-deal figures it publishes are for green infrastructure, for example DKK 400 mio. into a verdensmålsfond. Undrawn private-equity commitments of DKK 5,0 mia. against a DKK 10,9 mia. book show an active programme, but the unit size is not disclosed. https://pensam.dk/-/media/pdf-filer/om-pensam/aarsrapporter/2025/aarsrapport2025_psp.pdf",,"Bestyrelsen, with an ALM- og Investeringskomité doing the monitoring: „Selskabets ALM- og Investeringskomité sikrer, at der løbende sker en overvågning af selskabets risici samt vurdering og...“ The direktion is a single person, adm. direktør Torsten Fels, with investeringsdirektør Claus Jørgensen leading investments. The board also has a revisions- og risikoudvalg chaired by Charlotte Møller. Bestyrelsesformand is Anders G. Christensen, regionsrådsformand i Region Midtjylland; næstformænd are Thomas Adelskov and Mona Striib, forbundsformand i FOA.",F: board attendance ran at 95 pct. in 2025 but no meeting count is published. „Revisions- og risikoudvalget har i 2025 afholdt 5 møder.“ No cadence was published for the ALM- og Investeringskomité.,No external manager-selection gatekeeper found. PenSam selects specialist managers directly and says it widened that circle in 2025: „Derudover blev samarbejdet med en række specialiserede forvaltere udvidet for at sikre adgang til nye investeringsmuligheder og styrke diversiteten.“,"Claus Jørgensen (Investeringsdirektør); Torsten Fels (Adm. direktør, and the only member of the direktion: „Direktionen består af adm. direktør Torsten Fels.“); Anders G. Christensen (Bestyrelsesformand; regionsrådsformand i Region Midtjylland; joined the board 23 January 2023); Mona Striib (Næstformand i bestyrelsen; forbundsformand i FOA); Charlotte Møller (Formand for revisions- og risikoudvalget; bestyrelsesprofessionel)",https://pensam.dk/-/media/pdf-filer/om-pensam/aarsrapporter/2025/aarsrapport2025_psp.pdf,"Opened PenSam Pension Årsrapport 2025 in full (3,950 text lines: the Investeringer section of the ledelsesberetning including the 2025 activity narrative, the return table by asset class, the level-3 fair value notes for both 2025 and 2024 with the Private equity fonde lines, the sikkerhedsstillelser og eventualforpligtelser note with undrawn commitments by fund type, the ledelse og revision section with the direktion and investeringsdirektør, the bestyrelse profiles, the revisions- og risikoudvalg section, and the risk note naming the ALM- og Investeringskomité). Also opened the „Investeringer“ hub page, the „Strategi for investering“ page, the årsrapporter index (every PDF link from 2017 to 2025), and swept the pensam.dk sitemap for invest, aktiv, liste, beholdning, alternativ and rapport. Found no aktivliste, no beholdningsliste and no liste over alternative investeringer. The „Investeringer“ and organisation pages are JavaScript-rendered and returned almost no text to a plain fetch.",4
Pensionskassen for Sygeplejersker og Laegesekretaerer (PKA-administered nurses' and medical secretaries' fund),Denmark,"Hellerup (Tuborg Boulevard 3, 2900 Hellerup)","Labour-market pension fund for nurses and medical secretaries, average-rate product, administered and invested by PKA A/S",none,yes - a DKK 30.3bn private equity book (about USD 4.5bn) with DKK 12.9bn still undrawn at 31 December 2025 puts a USD 50m ticket well inside normal size. Inference from the Finanstilsynet figure and note 14; the fund has not published a ticket size.,"PKA A/S is the buying seat, this fund is the signing owner - 'Pensionskassens investeringer varetages af PKA A/S, der er administrationsselskab i PKA-faellesskabet' (https://www.finanstilsynet.dk/tilsyn/inspektion-og-afgoerelser/2024/apr/pensionskassen-for-sygeplejersker_180424), and the fund holds assets in vehicles carrying its own name, for example 'PKA - Sygeplejersker og Laegesekretaerer Anholt Havvindmollepark K/S' and 'PKA - Sygeplejersker og Laegesekretaerer Gode Wind II K/S' in note 14 (https://pka.dk/globalassets/_7-beretninger-og-arsrapporter/arsrapporter/2025/2025aarsrapportpk01.pdf). Approach PKA A/S. This fund is the largest of the four member funds by investment assets (DKK 220.4bn at 31 December 2025) and would take the largest slice of any group commitment.","'Pensionskassens investeringer i private equity udgor ca. 30,3 mia. kr. pr. ultimo september 2023 svarende til ca. 15 pct. af de samlede investeringsaktiver.' https://www.finanstilsynet.dk/tilsyn/inspektion-og-afgoerelser/2024/apr/pensionskassen-for-sygeplejersker_180424 read 2026-09-19. F: undrawn commitments to unlisted equity were DKK 12,917.7m at 31 December 2025, down from DKK 15,555.6m a year earlier (note 14, 'Tilsagn om investeringer fratrukket allerede indbetalte belob: Unoterede aktier 12.917,7'). F: total investment assets were DKK 220,430.8m at 31 December 2025. https://pka.dk/globalassets/_7-beretninger-og-arsrapporter/arsrapporter/2025/2025aarsrapportpk01.pdf","Not found. The fund publishes no per-fund commitment figures. The only per-fund evidence in the annual report is for direct infrastructure vehicles, not private equity funds.",,"The fund's own bestyrelse, with PKA's investment department preparing papers for 'bestyrelser og investeringskomiteen'. Finanstilsynet ordered this board in April 2024 to set clearer limits on management's authority for private equity and to specify 'hvilke investeringer der skal forelaegges bestyrelsen'.",Not published. The 2025 annual report gives board attendance of 86 pct. for 2025 but no meeting count. The annual general meeting was held 24 April 2026.,"No external gatekeeper found. Private equity runs through PKA's own team and strategic partnerships, above all IIP Denmark P/S, the fund manager the PKA funds own together.","Bo Libergren (Bestyrelsesformand (chair of the board); also a board member of Pensionskassernes Administration A/S); Dorthe Boe Danbjorg (Naestforkvinde (deputy chair); deputy chair of Pensionskassernes Administration A/S); Jon Steingrim Johnsen (Administrerende direktor); Mads Skaaning (Direktor, Investeringer, PKA (the investment seat that would receive a fund approach))",https://www.finanstilsynet.dk/tilsyn/inspektion-og-afgoerelser/2024/apr/pensionskassen-for-sygeplejersker_180424,"Read the full 2025 annual report (7,669 text lines): asset allocation section, note 10 investment assets, note 14 contingent liabilities and undrawn commitments, note 17 specification of assets and returns, the organisation and ledelseshverv sections, the ledelsespategning signature block, and the SFDR supplementary report listing the 15 largest investments at 31 December 2023, 2024 and 2025. Read the PKA holdings list at August 2026 in full. Read the Finanstilsynet private equity inspection report of 18 April 2024 for this fund. Read the pka.dk investment organisation page. Could not find: any Asia fund name, any per-fund commitment size, a published number of board meetings, or a separate holdings list for this fund as distinct from the PKA group. The asset allocation figure in the 2025 report is a stacked bar chart whose labels I could not map to their percentages with certainty, so I have not quoted a private equity weight from it.",3
"Sampension (Sampension Livsforsikring A/S, formerly Sampension KP Livsforsikring a/s)",Denmark,"Hellerup, greater Copenhagen (head office in Hellerup, companies registered in Gentofte)","Labour-market life and pension company for Danish municipal, state and agreement-based schemes, part of the Sampension administration community",none,"unclear - Sampension buys exactly this product but at a smaller unit. A USD 50m commitment is about DKK 320m, which would be roughly 3 to 5 pct. of its whole private equity book of DKK 6.2bn to 11.9bn and several times its implied average position. The private equity weight also fell sharply during 2025, from 17.7 pct. to 9.0 pct. of other assets. Inference from the holdings list total and the annual report; Sampension publishes no per-fund commitment to test it against.","commits in its own name through wholly-owned vehicles - the positions are held by Sampension Livsforsikring A/S and sit inside Sampension Private Equity K/S and Kapitalforeningen Sampension Invest, which are 'managed and administered by Sampension Administrationsselskab A/S'. The annual report describes a group of investment companies and a kapitalforening 'hvori isaer forvaltningen af alternative investeringer og aktier bliver varetaget for alle pensionsvirksomheder og administreret inden for Sampension-faellesskabet'. There is no external asset manager and no pool between Sampension and the fund. https://www.sampension.dk/3ca854/siteassets/site-media/dokumenter/om-sampension/arsrapporter/aarsrapport-2025-sampension-livsforsikring.pdf","the published private equity and forestry holdings list totals DKK 11,855,667,351 at 31 December 2025 across 116 named private equity funds plus the forestry holdings. https://www.sampension.dk/3cabf1/globalassets/global-media/dokumenter/beholdningslister---pdf/sampension/beholdningslister/private-equity-og-skov---sampension---20251231.pdf read 2026-09-19. F: private equity was 9.0 pct. of 'ovrige aktiver', which were 29.1 pct. of the investment portfolio at 31 December 2025, against 17.7 pct. of 32.0 pct. a year earlier. https://www.sampension.dk/3ca854/siteassets/site-media/dokumenter/om-sampension/arsrapporter/aarsrapport-2025-sampension-livsforsikring.pdf. F: Sampension Private Equity K/S, the wholly-owned vehicle, had equity of DKK 6,204.1m at 31 December 2025, down from DKK 7,538.0m. https://www.sampension.dk/3ca854/siteassets/site-media/dokumenter/om-sampension/arsrapporter/aarsrapport-2025-sampension-livsforsikring.pdf","Not disclosed. 'Af konkurrencemaessige hensyn oplyses markedsvaerdien af individuelle investeringer ikke.' I: DKK 11.9bn of private equity and forestry spread over 116 private equity fund lines implies an average holding under DKK 100m, roughly USD 15m. That is a holding value, not a commitment, and the spread is unknown.",,"The board of Sampension Livsforsikring A/S, made up of shareholder representatives including the collective-agreement parties, two board-recommended members and employee representatives. Its committees are a revisions- og risikoudvalg and a committee on responsible investment. No board investment committee is named in the 2025 annual report, so fund selection sits with the Investering area of Sampension Administrationsselskab A/S, which 'varetager forvaltningen af Sampensions investeringsportefoljer inkl. borsnoterede aktier, alternativer, ejendomme og infrastruktur'.","F: 'Bestyrelsen har i 2025 afholdt fem moder, et bestyrelsesseminar og en temadag.' The revisions- og risikoudvalg met four times and the responsible investment committee three times in 2025.","No external manager-selection gatekeeper found. ISS is used for listed-company monitoring and exclusions only. MSCI supplies private capital data. Neuberger Berman already runs a named co-investment vehicle for Sampension, so it is the closest thing to an incumbent third-party private markets partner.","Mads Smith Hansen (Administrerende direktor / Chief Executive Officer); Henrik Olejasz Larsen (Chief Investment Officer); Jens Ejner Christensen (Chairman of the Board; Mayor of Vejle municipality; representing local authorities, regions and jointly-controlled local authority institutions); Kim Simonsen (Deputy Chairman of the Board; former Chairman of HK); Ole B. Tonnesen (Head of Secretariate, Executive Director)",https://www.sampension.dk/3ca854/siteassets/site-media/dokumenter/om-sampension/arsrapporter/aarsrapport-2025-sampension-livsforsikring.pdf,"Read every line of Sampension's published private equity and forestry holdings list at 31 December 2025 (116 named private equity funds, all five pages) and its diverse alternative investments list at the same date. Recovered the 30 June 2023 version of the same list from the Internet Archive to date the run-off of Partners Group Asia-Pacific 2005. Read the Arsrapport 2025 for Sampension Livsforsikring A/S (5,632 text lines): the asset allocation and other-assets tables, the investment strategy section, the group company list with each vehicle's equity, the governance chapter with board and committee meeting counts, and the fair-value notes. Retrieved the board and executive lists through Sampension's own content API because the site is client-rendered and returns no content to a plain fetch. Could not find: any market value or commitment for an individual fund, any single-GP Asia fund, any board investment committee, any named head of alternatives or private equity below CIO level, and a holdings list dated later than 31 December 2025.",5
"Velliv, Pension & Livsforsikring A/S",Denmark,"Ballerup (Lautrupvang 10, 2750 Ballerup), Greater Copenhagen","Customer-owned commercial life and pension company, demerged from Nordea Liv & Pension in 2018 and owned by Velliv Foreningen",none,"unclear - the fund is large enough in the round (DKK 13,3 mia. private equity inside DKK 300 mia. of pension assets) but the book is spread over about 70 funds and 40 managers, which implies a per-fund unit below US$50m. No published commitment figure was found either way.","commits in its own name - Velliv runs the alternatives programme in-house and says so: „Det kræver uden tvivl specialistviden at investere i Alternative Investeringer. Den viden har vi i Velliv“ and „Vi er specialister i at vælge specialister“. https://www.velliv.dk/opsparing/saadan-investerer-vi/hvad-er-alternative-investeringer. Velliv Foreningen is the owner, not the manager. No pooled vehicle and no outsourced alternatives manager was found.","„Velliv havde i tredje kvartal 2025 investeringer i infrastruktur for 7,0 mia. kr., investeringer i illikvid kredit for 7,7 mia. kr. samt investeringer i private equity for 13,3 mia. kr., svarende til 8,1 pct. af virksomhedens samlede investeringsaktiver.“ Finanstilsynet inspection report published 13 April 2026, inspection carried out October 2025. https://www.finanstilsynet.dk/tilsyn/inspektion-og-afgoerelser/2026/apr/redegoerelse-om-inspektion-i-velliv-pension-and-livsforsikring-as-vedroerende-vaerdiansaettelse-af-alternative-investeringer. Total pension assets about DKK 300 mia. kr. at 31 December 2025 (Årsrapport 2025 key figures). Unoterede kapitalandele in the bilag-11 specification were DKK 6.699 mia. (gennemsnitsrenteprodukter) plus DKK 14.757 mia. (markedsrenteprodukter) at ultimo 2025. https://media.velliv.dk/media/erkfc03t/velliv_aarsrapport_2025_tilg.pdf","about DKK 190m of current value per fund. Velliv says its private equity book is „ca. 70 fonde, der er forvaltet af 40 forskellige forvaltere“ (https://www.velliv.dk/opsparing/saadan-investerer-vi/hvad-er-alternative-investeringer) and the regulator puts the book at DKK 13,3 mia. at Q3 2025. One divided by the other gives roughly DKK 190m per fund. That is residual value, not commitment, so original commitments are larger. No stated per-fund commitment figure was found in any Velliv document.",,"Bestyrelsen, prepared by a board-level Investeringsudvalg. „Investeringsudvalgets opgave er at drøfte investeringsprocesser og -strategi, behandle styringsdokumenter på investeringsområdet forud for fremlæggelse for bestyrelsen... Investeringsudvalget behandler væsentlige ikke-rutinemæssige investeringer forud for fremlæggelse for bestyrelsen.“ Members in 2025: Peter Branner (formand, uafhængig), Anne Broeng (uafhængig), Peter Gæmelke (ikke-uafhængig).","F: „Der blev afholdt 4 møder i 2025“ for the Investeringsudvalg (Årsrapport 2025, Selskabsledelse section).","No manager-selection gatekeeper found in Velliv's own documents. The only named outside advisers are BlackRock and Churchill, described by Velliv's then head of alternative investments as advisers taken on when Velliv became customer-owned: „Da Velliv blev kundeejet afsøgte vi markedet og valgte Blackrock og Churchill som nye rådgivere“ (KapWatch, 28 February 2022). Whether that still stands in 2026 was not established.","Kim Kehlet Johansen (Administrerende direktør (CEO); also konstitueret finansdirektør (CFO) from 17 November 2025); Lea Flach Vaisalo (Investeringsdirektør (CIO) and member of the direktion; announced 7 March 2025, took the seat 1 May 2025; came from Head of Private Markets at Nordea Asset Management); Peter Branner (Formand for Investeringsudvalget (independent board member)); Christoph Junge (Chef for alternative investeringer i Velliv); Jacob Carlsen (Finansdirektør (CFO), joining the direktion 1 March 2026)",https://media.velliv.dk/media/erkfc03t/velliv_aarsrapport_2025_tilg.pdf,"Opened Årsrapport 2025 in full (4,609 text lines: notes 27, 28 and 29 on fair values and the bilag-11 asset specification, the Selskabsledelse section with the Investeringsudvalg, the direktion list, the ledelsespåtegning), the „Hvad er Alternative Investeringer?“ page, the „Vellivs brug af kapitalforvaltere“ page, the finansielle rapporter index, the ansvarlige investeringer page, the Finanstilsynet inspection report of April 2026, the Lea Vaisalo appointment release, and the full velliv.dk sitemap filtered for liste, beholdning, aktivliste, alternativ, unoteret, kapitalfond, gennemsigtighed. Found no liste over alternative investeringer, no aktivliste and no beholdningsliste anywhere on velliv.dk or media.velliv.dk. The only PDFs linked from the investment and reporting pages are a gebyrliste, bondholder notices and the financial reports. The KapWatch interview is paywalled after its opening paragraphs.",3
Elo Mutual Pension Insurance Company (Keskinainen Tyoelakevakuutusyhtio Elo),Finland,Espoo (registered office) and Helsinki,Private-sector earnings-related pension insurer (tyoelakevakuutusyhtio),none,"yes - Elo already carries more than a dozen single fund positions above EUR 50m market value in its own published 2025 schedule, on a EUR 5.7bn private-equity book, and the July 2026 solvency change gave it headroom it says it is already using.","commits in its own name - Elo is the LP of record on every line of its published fund schedule; no pool, no fronting asset manager.","Paaomasijoitukset EUR 5,624.6m, 16.4 per cent of EUR 34,383.8m of investments at 31 December 2025 (https://www.elo.fi/-/media/files/yhtioasiat/tulos-ja-taloustieto/2026/elo-toimintakertomus-ja-tilinpaatos-2025-.pdf), rising to EUR 5,745.1m, 15.8 per cent of EUR 36,266.4m at 30 June 2026 (https://www.elo.fi/-/media/files/yhtioasiat/tulos-ja-taloustieto/2026/osavuosiraportti-q2-2026_1.pdf). The itemised Paaomarahastot schedule in the 2025 financial statements totals EUR 5,988,517 thousand at book value and EUR 7,240,692 thousand at market value, which is wider than the paaomasijoitukset line because it also carries private credit and infrastructure funds. Both read 2026-09-19.","Single fund lines in Elo's 31 December 2025 Paaomarahastot schedule run from about EUR 1m to EUR 156.6m at market value. The largest are Strategic Value Special Situations Feeder Fund V EUR 156.6m, Dover Street X Feeder Fund L.P. EUR 145.3m, KKR Diversified Core Infrastructure Fund (A) SCSp EUR 114.8m, Barings European Private Loan Fund III EUR 78.1m and Hellman and Friedman Capital Partners X EUR 66.8m. A working band of EUR 25m to EUR 100m per fund. https://www.elo.fi/-/media/files/yhtioasiat/tulos-ja-taloustieto/2026/elo-toimintakertomus-ja-tilinpaatos-2025-.pdf read 2026-09-19",,"Yhtiokokous (policyholders and insured) elects the 36-member hallintoneuvosto, which elects the 12-member hallitus. Chair of the hallitus in 2025 was Antti Aho, first deputy chair Maria Lofgren. The board has an audit and risk committee (Minna Alitalo chair, Sinikka Naatsaari, Janne Makkula, Timo Viherkentta) and a nomination and remuneration committee. Day-to-day investment authority sits with the CEO Carl Pettersson and the deputy CEO and CIO Jonna Ryhanen. Elo's 2025 report does not name a separate investment committee or state who signs an individual fund commitment.",not found - Elo's 2025 toimintakertomus does not state how often the hallitus meets or how often fund commitments are approved.,No external manager-selection gatekeeper named anywhere in the 2025 report. Elo's fund schedule shows direct LP positions plus secondary and fund-of-funds exposure through HarbourVest Dover Street and Pantheon private-debt feeders.,Jonna Ryhanen (Sijoitusjohtaja (CIO) and varatoimitusjohtaja (deputy CEO); deputy to the CEO); Carl Pettersson (Toimitusjohtaja (CEO)); Antti Aho (Chair of the hallitus (board)); Minna Alitalo (Chair of the board audit and risk committee),https://www.elo.fi/-/media/files/yhtioasiat/tulos-ja-taloustieto/2026/elo-toimintakertomus-ja-tilinpaatos-2025-.pdf,"Read the full Paaomarahastot schedule in Elo's toimintakertomus ja tilinpaatos 2025 (every line from 17Capital to Wynnchurch, about 290 lines across two columns), the Osakerahastot, Korkorahastot, Kiinteistosijoitusrahastot and Hedge-rahastosijoitukset schedules, the asset-allocation table, the solvency tables and the Hallinto ja johtaminen section; also Elo's vastuullisuusesite 2025, Elo's osavuosiraportti Q2 2026 and the Elo news article of 10.6.2026 on the investment reform. Could not find: a named investment committee, a board meeting cadence, a stated commitment-approval process, any consultant or gatekeeper, or any Asia private-equity fund. Elo's own website serves its report list through JavaScript; the PDF URLs cited here were resolved and confirmed to return application/pdf.",5
Etera Mutual Pension Insurance Company (Keskinainen Elakevakuutusyhtio Etera),Finland,Helsinki (former),Former private-sector earnings-related pension insurer; merged into Ilmarinen on 1 January 2018,none,no - Etera has not existed since 1 January 2018. Any capacity that was Etera's is now Ilmarinen's.,not applicable - Ilmarinen is the counterparty for everything that was Etera's.,not applicable - the entity no longer exists.,not applicable,,not applicable - decisions sit with Ilmarinen.,not applicable,not applicable,,https://www.ilmarinen.fi/media_global/liitepankki/ilmarinen/taloudellisia-tietoja/tulostiedotus/2025/4/tilintarkastamaton_tilinpaatos_2025.pdf,"Searched Ilmarinen's Tilintarkastamaton tilinpaatos 2025 for every mention of Etera. The single hit is in the insurance-risk section. Could not find, and would not expect to find, any separately reported Etera investment portfolio, Etera fund list or Etera-era commitment still carried apart from Ilmarinen's own. Did not attempt to reconstruct Etera's pre-2018 fund list because a 2026 placement conversation would be with Ilmarinen regardless.",4
Ilmarinen Mutual Pension Insurance Company (Keskinainen Elakevakuutusyhtio Ilmarinen),Finland,Helsinki,Private-sector earnings-related pension insurance company (tyoelakeyhtio),signs,"yes - an EUR 8.8bn private equity book, and single Asia fund positions already carried at EUR 71.3m and EUR 74.8m of fair value. A US$50m commitment is ordinary size for this investor.","commits in its own name - Ilmarinen holds the funds directly on its own balance sheet schedule; no pool, no outsourced signer. https://www.ilmarinen.fi/media_global/liitepankki/ilmarinen/taloudellisia-tietoja/tulostiedotus/2025/4/tilintarkastamaton_tilinpaatos_2025.pdf","private equity (paaomasijoitukset) EUR 8,812.4m at 31 December 2025, 13.0 per cent of investments, against EUR 8,708.8m and 13.8 per cent a year earlier. Total investments EUR 67,537.1m. Committed capital in private equity EUR 8,671m, 2025 return 2.6 per cent. Unlisted equities are a separate EUR 1,825.3m, 2.7 per cent. Note 27 'Sijoitusjakauma kayvin arvoin' and Note 28. https://www.ilmarinen.fi/media_global/liitepankki/ilmarinen/taloudellisia-tietoja/tulostiedotus/2025/4/tilintarkastamaton_tilinpaatos_2025.pdf","Ilmarinen publishes book and fair value per fund, not commitments. Its Asia lines carry EUR 6.6m to EUR 74.8m of fair value, and the wider fund schedule runs to EUR 494.2m on its largest line. Dozens of lines sit between EUR 50m and EUR 160m of fair value. https://www.ilmarinen.fi/media_global/liitepankki/ilmarinen/taloudellisia-tietoja/tulostiedotus/2025/4/tilintarkastamaton_tilinpaatos_2025.pdf","TPG Asia VII (B), L.P. | EUR 69.1m book value; EUR 74.8m fair value at 31 December 2025; commitment not published (held at 31 December 2025; vintage not stated in the source)
KKR Asian Fund IV SCSp | EUR 57.4m book value; EUR 71.3m fair value at 31 December 2025; commitment not published (held at 31 December 2025; vintage not stated in the source)
KKR Asian Fund III (EEA) SCSp | EUR 42.6m book value; EUR 64.4m fair value at 31 December 2025; commitment not published (held at 31 December 2025; vintage not stated in the source)
Blackstone Capital Partners Asia II L.P. | EUR 46.1m book value; EUR 59.5m fair value at 31 December 2025; commitment not published (held at 31 December 2025; vintage not stated in the source)
TPG Asia VI, L.P. | EUR 39.8m book value; EUR 39.8m fair value at 31 December 2025; commitment not published (held at 31 December 2025; vintage not stated in the source)
TPG Asia VIII (B), L.P. | EUR 29.5m book value; EUR 32.3m fair value at 31 December 2025; commitment not published (held at 31 December 2025; vintage not stated in the source)
KKR Asian Fund II L.P. | EUR 6.4m book value; EUR 6.6m fair value at 31 December 2025; commitment not published (held at 31 December 2025; vintage not stated in the source)
KKR Asia Pacific Infrastructure Investors II SCSp | EUR 22.1m book value; EUR 25.1m fair value at 31 December 2025; commitment not published (held at 31 December 2025; vintage not stated in the source)
PAG China Credit Dislocation Feeder Fund I LP | EUR 7.6m book value; EUR 7.6m fair value at 31 December 2025; commitment not published (held at 31 December 2025; vintage not stated in the source)","The Board of Directors (hallitus) draws up and confirms the investment plan. Verbatim: 'Sijoitustoiminnan riskinottoa ohjaa hallituksen vahvistama sijoitussuunnitelma. Sijoitussuunnitelmassa maaritellaan perusallokaation lisaksi muun muassa vertailuindeksit, sijoitustoiminnan paatosvaltuudet, sijoitusriskien rajoittamiseksi maaritetyt enimmaisrajat.' The plan sets the decision-making authorities, so individual fund commitments are taken inside the investment function under those delegated authorities. A 30-member Supervisory Board (hallintoneuvosto) elects the Board and oversees it; it does not pick funds.",F: 'Hallitus kokoontui 11 kertaa vuonna 2025' - the Board met 11 times in 2025. The Supervisory Board met on its own separate schedule in 2025.,No external manager-selection gatekeeper named anywhere in the 2025 report. Manager selection sits with the in-house investment function.,"Mikko Mursula (Chief Executive Officer from 1 September 2025; previously Ilmarinen's Chief Investment Officer from 2015 and Deputy CEO from 2021); Annika Ekman (Chief Investment Officer and management group member from the start of September 2025; head of equities (osakejohtaja) at Ilmarinen since 2015); Jarkko Eloranta (Chair of the Supervisory Board (hallintoneuvosto), General Secretary of SAK)",https://www.ilmarinen.fi/media_global/liitepankki/ilmarinen/taloudellisia-tietoja/tulostiedotus/2025/4/tilintarkastamaton_tilinpaatos_2025.pdf,"Downloaded Ilmarinen's 'Toimintakertomus ja tilinpaatos 2025' from https://www.ilmarinen.fi/media_global/liitepankki/ilmarinen/taloudellisia-tietoja/tulostiedotus/2025/4/tilintarkastamaton_tilinpaatos_2025.pdf and confirmed the file is byte-identical to the local copy I parsed. Extracted the whole 'Muut sijoitukset, osakkeet ja osuudet' holdings schedule at 31.12.2025 with a two-column numeric parser and ran a keyword pass over the entire 171-page document for Asia, Asian, Pacific, China, India, Korea, Japan, ASEAN, Vietnam, Indonesia, Axiom, Pantheon, HarbourVest, Squadron, Crown, LGT, Baring, BPEA, MBK, Hillhouse, PAG, CDH, Affinity, Navis, Quadrant and Archer. Read Note 27 'Sijoitusjakauma kayvin arvoin' and Note 28 for the allocation and committed capital, the GOV governance section for the decision route and board cadence, and the personnel section for the 2025 CEO and CIO succession. as-of DATE of THE LIST USED: 31 December 2025. NOTE on THE DOCUMENT: the file is titled 'tilintarkastamaton_tilinpaatos_2025' (unaudited financial statements 2025); it is Ilmarinen's own published year-end statement and no separate audited PDF was found at a stable public URL. COULD not FIND: a commitment amount or a vintage year for any Ilmarinen fund. COULD not FIND: any pan-Asia fund-of-funds position. The only multi-manager Asia-adjacent names are Pantheon Parma LP (a co-investment vehicle, not an Asia fund-of-funds) and AlpInvest strategic portfolio finance funds. COULD not FIND: a named head of private equity or head of alternatives at Ilmarinen in any primary dated source.",5
Keva,Finland,Helsinki,"Public pension institution; statutory pension provider for Finnish local government, wellbeing services counties, state, Evangelical Lutheran Church and Kela personnel",signs,"yes - Keva's single largest Asia position, Keva Crown Emerging Asia Fund III, carries EUR 147.9m of acquisition value on its own, and its private equity book is EUR 13.97bn with EUR 5.6bn of undrawn commitments at 31 December 2025. A US$50m ticket is small for this investor.","commits in its own name - Keva runs its private equity in house and has three Keva-branded, Keva-dedicated LGT Crown vehicles plus five Keva Investments partnerships on its own schedule. No pool and no outsourced signer. https://www.keva.fi/globalassets/2-tiedostot/tama-on-keva--tiedostot/sijoitukset-talous-ja-raportointi/2026/keva-financial-statements-2025.pdf","EUR 13,969m private equity at market value at 31 December 2025, of which EUR 579m is direct unlisted companies. Total commitments to private equity funds and silent-partner positions were EUR 20,087m at year end, of which EUR 5,611m was undrawn. Private equity was 18.1 per cent of investments; total investments EUR 71,365.8m. Verbatim: 'Kevalla oli paaomasijoituksia vuoden lopulla markkina-arvoltaan 13 969 miljoonaa euroa... Paaomarahastojen ja aanettomana yhtiomiehena tehtyjen paaomasijoitusten sijoitussitoumusten kokonaismaara oli vuoden lopussa 20 087 miljoonaa euroa, josta nostamattomien sitoumusten maara oli 5 611 miljoonaa euroa.' https://www.keva.fi/globalassets/2-tiedostot/tama-on-keva--tiedostot/sijoitukset-talous-ja-raportointi/2026/keva-toimintakertomus-2025.pdf","Keva publishes fair value and acquisition value per fund, not commitments. On the acquisition-value column the Asia lines run EUR 19.6m to EUR 147.9m, and the whole major-fund schedule runs to EUR 233.8m on its largest line (Keva Investments IV LP). Fifty or more lines carry an acquisition value above EUR 50m. https://www.keva.fi/globalassets/2-tiedostot/tama-on-keva--tiedostot/sijoitukset-talous-ja-raportointi/2026/keva-financial-statements-2025.pdf","Keva Crown Emerging Asia Fund III LP | EUR 204 453 003,46 book or fair value; EUR 147 925 463,77 acquisition value at 31 December 2025; commitment not published (held at 31 December 2025; vintage NOT stated in any source I found. LEI 254900PBX3ODV3M0CF96 first registered 3 July 2018, the same day as Fund I, which points to a bulk registration of LGT's Cayman entities rather than to a fund launch. Do not read it as a vintage)
Carlyle Asia Partners V LP | EUR 112 751 159,18 book or fair value; EUR 111 433 985,58 acquisition value at 31 December 2025; commitment not published (held at 31 December 2025; vintage not stated in the source)
MBK Partners Fund IV LP | EUR 97 650 972,79 book or fair value; EUR 59 785 452,65 acquisition value at 31 December 2025; commitment not published (held at 31 December 2025; vintage not stated in the source)
MBK Partners Fund V LP | EUR 93 664 096,19 book or fair value; EUR 78 365 004,14 acquisition value at 31 December 2025; commitment not published (held at 31 December 2025; vintage not stated in the source)
Keva Crown Emerging Asia Fund II LP | EUR 91 262 597,47 book or fair value; EUR 49 357 959,19 acquisition value at 31 December 2025; commitment not published (held at 31 December 2025; vintage NOT stated in any source I found. LEI 254900PBX3ODV3M0CF96 first registered 3 July 2018, the same day as Fund I, which points to a bulk registration of LGT's Cayman entities rather than to a fund launch. Do not read it as a vintage)
Affinity Asia Pacific Fund V LP | EUR 76 859 161,72 book or fair value; EUR 70 572 558,36 acquisition value at 31 December 2025; commitment not published (held at 31 December 2025; vintage not stated in the source)
Blackstone Capital Partners Asia II Lux SCSp | EUR 59 504 507,25 book or fair value; EUR 46 089 130,41 acquisition value at 31 December 2025; commitment not published (held at 31 December 2025; vintage not stated in the source)
Warburg Pincus China-Southeast Asia Fund LP | EUR 49 461 125,12 book or fair value; EUR 50 956 736,00 acquisition value at 31 December 2025; commitment not published (held at 31 December 2025; vintage not stated in the source)
Warburg Pincus China LP | EUR 33 221 477,46 book or fair value; EUR 23 929 903,92 acquisition value at 31 December 2025; commitment not published (held at 31 December 2025; vintage not stated in the source)
Keva Crown Emerging Asia Fund I LP | EUR 29 908 969,37 book or fair value; EUR 2 178 029,91 acquisition value at 31 December 2025; commitment not published (held at 31 December 2025; vintage NOT stated in any source I found. LEI 254900W4UY1YH9EIH687 first registered 3 July 2018, the same day as Fund II, so it is a registration date and not a launch date. The acquisition value of EUR 2.2m against a fair value of EUR 29.9m is the pattern of a mature fund-of-funds that has returned most of its cost)
MBK Partners Fund VI LP | EUR 13 889 757,45 book or fair value; EUR 19 641 360,99 acquisition value at 31 December 2025; commitment not published (held at 31 December 2025; vintage not stated in the source)
Keva Crown Secondaries Fund LP | EUR 300 248 783,90 book or fair value; EUR 185 961 741,06 acquisition value at 31 December 2025; commitment not published (held at 31 December 2025; vintage not stated in the source. A Keva-dedicated LGT Crown vehicle, global secondaries rather than Asia)","Keva's Board of Directors (hallitus) steers investment operations and annually approves the investment plan, which itself contains the investment authorisations delegated to the investment function. Verbatim: 'Lyhyemmalla aikavalilla hallitus ohjaa sijoitustoimintaa ja hyvaksyy vuosittain sijoitussuunnitelman, joka sisaltaa myos sijoitusvaltuudet.' The Board sits under the Council of Delegates (valtuutetut), which elects it. Individual fund commitments are made by the investment function under the delegated authorities, not voted on by the Board. Keva's own contact directory lists a dedicated Alternative Investments unit under the CIO, with a Head of Alternative Investments and two named private equity portfolio managers, so the sourcing seat is identifiable and separate from the Board.",F: 'hallitus kokoontui vuonna 2025 12 kertaa' - the Board met 12 times in 2025. The Council of Delegates met twice in 2025.,"No external manager-selection gatekeeper named in Keva's 2025 reporting. The nearest thing to a gatekeeper is LGT Capital Partners, which runs three Keva-dedicated Crown Emerging Asia vehicles and the Keva Crown Secondaries Fund. LGT is therefore the incumbent to displace or sit alongside, not a neutral screen.","Maaria Kettunen (Chief Investment Officer and member of the management group, from 1 November 2025); Ari Huotari (Chief Investment Officer until 31 October 2025, retiring in 2026); Jaakko Kiander (Chief Executive Officer); Kimmo Mikander (Deputy CEO); Heikki Autto (Chair of Keva's Board of Directors during 2025); Toni Eklund (Chair of Keva's Board of Directors elected by the Council of Delegates on 21 November 2025 (deputy chair Daniel Sazonov)); Markus Pauli (Head of Alternative Investments); Kati Bondorff (Portfolio Management, Private Equity Investments); Tapio Olhava (Portfolio Management, Infrastructure and Private Equity Investments); Erika Tikka (COO, Investments and Deputy CIO); Tommi Moilanen (Head of Investment Strategy); Anssi Vesalainen (Head of Legal Affairs, Investments (the seat that papers a fund commitment))","https://www.keva.fi/globalassets/2-tiedostot/tama-on-keva--tiedostot/sijoitukset-talous-ja-raportointi/2026/keva-financial-statements-2025.pdf
https://www.keva.fi/globalassets/2-tiedostot/tama-on-keva--tiedostot/sijoitukset-talous-ja-raportointi/2026/keva-toimintakertomus-2025.pdf","Downloaded Keva's Financial statements 2025 (English) and confirmed it is byte-identical to the live file at https://www.keva.fi/globalassets/2-tiedostot/tama-on-keva--tiedostot/sijoitukset-talous-ja-raportointi/2026/keva-financial-statements-2025.pdf. Parsed the whole of Note 23 'Major private equity fund investments' at 31 December 2025 (pp.29-34, every line) and Note 21-24, the unlisted-company schedule, the hedge fund schedule, the real estate fund schedule and the investment-allocation tables. Ran a keyword pass over the entire document for Asia, Pacific, China, India, Korea, Japan, Crown, MBK, Affinity, Navis, Primavera, Hillhouse, PAG, CDH, Axiom, Pantheon, HarbourVest, Squadron, Auda, Baring and BPEA. Also read the Finnish Toimintakertomus 2025 and Tilinpaatos 2025 (both byte-identical to their live URLs) for the programme size, the governance route and the board cadence. Queried the GLEIF LEI register for 'Keva Crown Emerging Asia' (3 active records) and for 'Keva Squadron' and 'Squadron Emerging Asia' (0 records). Searched SEC EDGAR full-text for 'Crown Emerging Asia' and 'Keva Crown Emerging Asia' (0 hits; these are Cayman vehicles). COULD NOT FIND: a commitment amount or a vintage year for any individual Keva fund, because Keva publishes fair value and acquisition value only. COULD NOT FIND: Squadron Emerging Asia I anywhere in Keva's 2025 documents, in the GLEIF register, or in EDGAR. Its only evidence is the 26 May 2011 article in The Asset. Fetched Keva's own investment-team contact directory at https://www.keva.fi/en/this-is-keva/contact/ on 19 September 2026, which names the alternatives and private equity seats directly. COULD NOT FIND: any published commitment-level or vintage-level disclosure by Keva; the schedule is valuation-only. Also read LGT Capital Partners' own media release on the final close of Crown Asia-Pacific Private Equity V and its private markets competency page to establish how the Crown Asia family is constructed. COULD not FIND: any LGT or Keva document that describes the strategy of the Keva Crown Emerging Asia funds specifically.",5
Kirkon elakerahasto (Church Pension Fund of the Evangelical Lutheran Church of Finland),Finland,Helsinki,"Statutory pension fund of the Evangelical Lutheran Church, part of Kirkon keskusrahasto",none,"no - a US$50m single-fund ticket would be about a quarter of a roughly EUR 191m private-equity book and about 2.5 per cent of the entire EUR 1,965m fund, and the fund does not buy individual funds directly; it buys pooled vehicles and delegates the underlying selection.","delegates - the johtokunta decides on asset managers and their contracts, and the private-equity exposure is held through the CCF PE, eQ PE CCF and CCF PE II Ky pooled vehicles rather than through direct LP positions in individual funds.","Paaomasijoitukset were 9.7 per cent of the portfolio at 31 December 2025, on total fund assets of EUR 1,965m at market value (EUR 1,917m in 2024), which is roughly EUR 191m. Infrastructure was a further 3.8 per cent. https://evl.fi/kirkonelakerahasto/wp-content/uploads/sites/10/2026/05/Kirkon-elakerahaston-toimintakertomus-ja-tilinpaatos-vuodelta-2025_allekirjoitettu.pdf read 2026-09-19","The fund holds its private equity through three pooled vehicles rather than named funds. The 31 December 2025 holdings schedule shows CCF PE at 4.4 per cent of the portfolio and EUR 85.79m market value, eQ PE CCF at 8.6 per cent and EUR 169.47m, and CCF PE II Ky at 16.3 per cent and EUR 321.20m. Its smallest named alternative tickets are EUR 5m of committed capital (SEB Impact Opportunity Fund). https://evl.fi/kirkonelakerahasto/wp-content/uploads/sites/10/2026/05/Kirkon-elakerahaston-toimintakertomus-ja-tilinpaatos-vuodelta-2025_allekirjoitettu.pdf read 2026-09-19",,"Kirkon elakerahaston johtokunta, elected by the kirkkohallitus plenary on 21.8.2024, chaired by Hanna Hiidenpalo, deputy chair Jussi Junni, secretary sijoitusjohtaja Ira van der Pals, term ending 31.5.2028. Its published powers include 'paattaa sijoitustoiminnassa kaytettavista sijoitusmuodoista', 'paattaa sijoitusten jakautumisesta eri sijoitusmuotoihin', 'hyvaksya vuosittain kirkon elakerahaston varojen sijoitussuunnitelma' and 'paattaa omaisuudenhoitajista ja naiden kanssa laadittavista sopimuksista'. A governance change is already legislated: from 1.1.2027 a hallitus elected by the kirkolliskokous replaces the johtokunta, the kirkkohallitus stops acting as the fund's board, and the fund appoints its own full-time director.",F: 'Vuoden 2025 aikana pidettiin seitseman johtokunnan kokousta.' Attendance of full members was 95.3 per cent. https://evl.fi/kirkonelakerahasto/wp-content/uploads/sites/10/2026/05/Kirkon-elakerahaston-toimintakertomus-ja-tilinpaatos-vuodelta-2025_allekirjoitettu.pdf read 2026-09-19,eQ Asset Management is the named manager of the eQ PE CCF vehicle and the CCF PE vehicles carry the same naming. No separate investment consultant is named in the 2025 report.,Hanna Hiidenpalo (Chair of the johtokunta (board) of Kirkon elakerahasto); Ira van der Pals (Sijoitusjohtaja; secretary of the johtokunta); Jussi Junni (Deputy chair of the johtokunta); Michaela Motzkin-Niemi (Sijoituspaallikko; permanent expert member of the johtokunta),https://evl.fi/kirkonelakerahasto/wp-content/uploads/sites/10/2026/05/Kirkon-elakerahaston-toimintakertomus-ja-tilinpaatos-vuodelta-2025_allekirjoitettu.pdf,"Read the signed Kirkon elakerahaston toimintakertomus ja tilinpaatos 2025 in full: the asset-allocation table, the johtokunta powers and membership section, the note on paaomasijoitukset market and book values, the complete 31 December 2025 omistukset schedule covering listed equity funds, fixed-income funds, epalikvidit sijoitukset and the other alternatives, the responsible-investment section and the section describing the 1.1.2027 governance change. Could not find: the identity of any underlying fund inside CCF PE, eQ PE CCF or CCF PE II Ky, any commitment size for those vehicles, or any stated geographic split of the private-equity book.",4
Mandatum plc / Mandatum Life Insurance Company (Mandatum Henkivakuutusosakeyhtio),Finland,Helsinki,"Listed life insurer and asset manager (Solvency II insurer), Nasdaq Helsinki since the October 2023 partial demerger from Sampo",none,"unclear - not from the With-profit balance sheet, where a US$50m commitment would be about a fifth of a EUR 269m private-equity book that is shrinking year on year. Possibly from the capital-light side, which carries EUR 2.95bn of alternatives and EUR 1.78bn of open commitments, but that is client-directed money placed through Mandatum Asset Management baskets rather than a balance-sheet LP ticket.","mixed - 'In the With-profit business area's portfolios, private equity funds and private credit funds are mainly managed by external asset managers' and 'Alternative investments are placed both directly into individual funds and into funds of funds in order to attain sufficient diversification between funds and investment styles'. On the capital-light side Mandatum Asset Management selects and packages the funds for clients.","Two separate books. On Mandatum's own With-profit balance sheet, Private equity was EUR 269.0m at 31 December 2025 (EUR 281.8m a year earlier) and Private credit funds EUR 168.9m (EUR 195.6m). On the capital-light side, which is client money in unit-linked and wealth-management baskets, Alternative investments were EUR 2,951.6m at 31 December 2025 (EUR 3,114.6m) within total capital-light assets of EUR 14,525.2m. Group open off-balance-sheet investment commitments were EUR 1,992.2m, of which EUR 1,784.0m sat in the capital-light business areas and only EUR 208.3m in the With-profit book. https://mb.cision.com/Main/22546/4323045/3991780.pdf read 2026-09-19","Not disclosed per fund, but the concentration note bounds it: 'the five largest investments in the private equity portfolio are equal to 64.6 (61.6) per cent of the portfolio'. Five positions covering 64.6 per cent of a EUR 269.0m book average about EUR 35m each at carrying value. https://mb.cision.com/Main/22546/4323045/3991780.pdf read 2026-09-19",,"Mandatum plc's Board of Directors elects and dismisses the Group CEO; the Group CEO appoints the Group Management Team. Investment authority sits with the Group CIO within the limits of the Investment Policy: 'For the With-profit business area's portfolios, the positions and risks in the equity portfolios and the related derivatives may not exceed the limits set in the Investment Policy.' The Responsible Investment Policy approved in December 2025 puts the final call on contested names with the CIO. Mandatum's public reporting does not name a separate investment committee or describe how an individual fund commitment is approved.",not found - neither the Annual Report 2025 nor the group-management page states a commitment-approval cadence.,No external gatekeeper named. Mandatum Asset Management Ltd is the in-house manager; the developed-market equity portfolio is managed mainly by MAM while emerging-market equity is run through external managers.,"Juhani Lehtonen (CIO, Chief Investment Officer, Mandatum Group; Group Management Team member); Janne Sarvikivi (EVP Asset and Wealth Management; Managing Director, Mandatum Asset Management Ltd); Janne Sorainen (EVP With-profit Business; Managing Director, Mandatum Life Insurance Limited); Petri Niemisvirta (CEO, Mandatum Group)",https://mb.cision.com/Main/22546/4323045/3991780.pdf,"Downloaded and text-extracted Mandatum's Annual Report 2025 (the PDF is CID-font encoded, decoded with a fixed offset) and read the asset-allocation tables for the With-profit business area and the capital-light business areas, the equity-risk and alternative-investments notes, the risk-concentration note, the off-balance-sheet commitment note, the liquidity cash-flow notes, the Responsible Investment Policy summary and the governance and management sections. Also read the mandatum.fi group management page for names and titles. Searched the whole report for Asia, Asian, Pacific, China, Japan, Axiom, Pantheon, HarbourVest, Partners Group, KKR, Carlyle, TPG and Baring; the only hits were two macro-commentary mentions of China and emerging markets. Could not find: any named fund or manager, any geographic breakdown of the private-equity book beyond the statement that it is 'diversified according to both fund style and geographical area', or any investment-committee structure.",4
"OP Financial Group / OP Osuuskunta (OP Pohjola), including OP-Henkivakuutus and OP Kiinteistosijoitus",Finland,Helsinki,"Co-operative banking, insurance and asset-management group; OP-Henkivakuutus is a Solvency II life insurer",none,"unclear - OP Financial Group is large enough in principle, but nothing in the sources checked evidences a private-equity fund-commitment programme on OP's own balance sheet, let alone an Asia one.","not established - OP runs both a balance sheet (OP-Henkivakuutus, OP Vakuutus) and third-party funds (OP-Rahastoyhtio). Which entity would sign a fund commitment could not be established from the sources opened.",not found,not found,,not found,not found,not found,,https://www.op.fi/op-ryhma,"Fetched op.fi/op-ryhma and op.fi/en/op-financial-group successfully but both return a client-rendered shell with no report content. Every candidate reports path returned HTTP 404 to a direct fetch: op-ryhma/medialle/aineistopankki/vuosikertomukset, op-financial-group/investors/reports-and-presentations, op-ryhma/sijoittajille/raportit-ja-esitykset, op-financial-group/investors/results-and-reports, op-financial-group/investors/financial-reports, op-ryhma/sijoittajille/tulokset-ja-raportit, op-ryhma/taloudelliset-tiedot, op-financial-group/to-investors and op-ryhma/sijoittajille. A direct fetch on op.fi/op-financial-group returned only the login and footer. vuosikertomus.op.fi does not resolve. A GlobeNewswire organisation page returned only 2017 releases. The session's a direct fetch quota (200 calls) was exhausted before OP could be searched and the Exa tools were unavailable, so OP Financial Group's Annual Report 2025, Financial Statements 2025, the H1 2026 report and the OP-Henkivakuutus SFCR were all unread. The only OP data point I did verify is third-party: Kirkon elakerahasto holds an 'OP Kapitalisaatiosopimus' worth EUR 9.22m and Sitra holds 'OP Toimitilakiinteisto Ky', both of which show OP as a product manufacturer rather than as an LP.",1
Sampo plc / Sampo Group,Finland,Helsinki,"Listed P and C insurance group (If P and C, Topdanmark, Hastings), Solvency II insurer",none,"no - Sampo's investment activity is explicitly liability-driven off short-duration P and C insurance reserves, it names no private-equity programme, and the life business that used to carry the group's alternatives book left with the Mandatum demerger in October 2023.","subsidiary-level - 'Insurance liabilities are the starting point for investment activities in all Sampo Group insurance entities. As a result, the structures and risks of the investment portfolios differ in the Group's insurance entities.' Any commitment would be signed by an operating insurance subsidiary, not by Sampo plc.","not found - Sampo describes its portfolio only in words: 'Fixed income investments form the core of the Sampo Group investment portfolio. Listed equities, real estate and alternative investments supplement investments in fixed income assets.' No private-equity figure, no allocation table and no fund list is published on any page of sampo.com that could be read. https://www.sampo.com/group/risk-management/financial-risks/ read 2026-09-19","not found - no fund, no manager and no commitment size is disclosed on any readable Sampo page.",,"'The Board of Directors of Sampo plc is responsible for ensuring that the Group's risks are properly managed and controlled... The Board makes decisions on strategy, performance targets and overall guidelines regarding capital management.' Sampo plc as holding company decides 'Group level investment exposures'; day-to-day management of investment risk is 'the responsibility of the business areas and the investment units'. No investment committee is named.",not found,none named,Lars Kufall Beck (Group CFO); Mirko Hurmerinta (Interim Head of Investor Relations),https://www.sampo.com/group/risk-management/financial-risks/,"Read sampo.com/group/risk-management/, sampo.com/group/risk-management/financial-risks/, sampo.com/investors/ and sampo.com/results/. Could not open the Annual Report 2025, the Financial Statements 2025 or the Half-Year Financial Report published 12 August 2026: sampo.com is a client-rendered single-page application that serves the same 172KB shell for every reports path, the investor reports pages returned no PDF links to a direct fetch, and every guessed globalassets PDF path returned HTML rather than a PDF. A direct fetch quota for this session was exhausted before Sampo could be searched, and the Exa tools were unavailable. So the screen rests on Sampo's own risk-management narrative and Q2 2026 key figures (insurance revenue EUR 2,437m, combined ratio 82.9 per cent, 'Profit before taxes (P and C operations)' EUR 584m) rather than on an allocation table. Treat the absence of a private-equity book as probable, not proven.",2
Sitra - Suomen itsenaisyyden juhlarahasto (the Finnish Innovation Fund),Finland,Helsinki,Endowed public fund supervised by the Finnish Parliament (eduskunta),none,"no - Sitra's entire endowment is EUR 1,040m and its whole 2025 new-commitment programme across four private asset classes was EUR 56m. A single US$50m fund commitment would be close to the full annual budget and about 4 per cent of the endowment.","commits in its own name - 'Sitra makes the decisions on the allocations, but the funds decide on the individual investment targets independently', and the fund schedule is in Sitra's own name.","'Vuoden 2025 lopussa Sitran sijoitusten markkina-arvo oli 1 040 miljoonaa euroa (986 milj. e 31.12.2024).' New commitments across all private asset classes in 2025 came to EUR 56m: 'Teimme uusia sijoitussitoumuksia kiinteisto-, infrastruktuuri-, private equity- ja venture capital -rahastoihin yhteensa 56 miljoonalla eurolla (noin 62 milj. e vuonna 2024).' https://www.sitra.fi/wp-content/uploads/2026/04/Sitra_toimintakertomus_2025_FI_web.pdf read 2026-09-19","Sitra's Paaomarahasto-osuudet schedule is made up of Nordic and European venture and small-buyout funds (Vaaka Partners Buyout II and IV, Sentica Buyout IV, Verdane Capital VIII and IX, Spintop II and III, Standout Capital I and II, Vendep Capital II and IV, Ventech V and VI). The whole annual commitment budget across real estate, infrastructure, private equity and venture is EUR 56m, so single tickets are single-digit to low-double-digit millions of euro. https://www.sitra.fi/wp-content/uploads/2026/04/Sitra_toimintakertomus_2025_FI_web.pdf read 2026-09-19",,"Sitra's hallitus (board) runs the fund's general management and prepares matters for the hallintoneuvosto. The hallintoneuvosto is made up of sitting members of parliament and 'valvoo Sitran hallintoa ja paattaa toiminnan periaatteista'; its chair at the end of 2025 was MP Mika Lintila. The board chair from 1.1.2026 is Pekka Ala-Pietila (Jorma Ollila chaired through 2025). Executive leadership sits with the yliasiamies, Atte Jaaskelainen. Auditors are elected by parliament.",F: 'Sitran hallitus kokoontui vuonna 2025 yhteensa yhdeksan kertaa.' The board audit committee met three times. https://www.sitra.fi/wp-content/uploads/2026/04/Sitra_toimintakertomus_2025_FI_web.pdf read 2026-09-19,"No external investment consultant or gatekeeper named in the 2025 toimintakertomus. MSCI is used to score the listed fund portfolio on ESG, not to select managers.","Atte Jaaskelainen (Yliasiamies (President), in post since 1.8.2023); Pekka Ala-Pietila (Chair of Sitra's hallitus from 1.1.2026); Inka Mero (Board member; founder and managing director of the Voima Ventures fund, the board's private-equity voice); Mika Lintila (Chair of the hallintoneuvosto (MP))",https://www.sitra.fi/wp-content/uploads/2026/04/Sitra_toimintakertomus_2025_FI_web.pdf,"Read Sitra's Toimintakertomus ja tilinpaatos 2025 in full, including the Paaomarahasto-osuudet schedule, the Kiinteistorahastot, Infrastruktuurirahastot and Lainapaaomarahastot schedules, the listed equity and fixed-income fund schedules, the investment-review section giving the EUR 1,040m market value and the EUR 56m of new commitments, the valuation-policy notes and the Hallinto section covering the hallitus, hallintoneuvosto, yliasiamies and auditors. Searched the whole document for Axiom, Asia Alternatives, LGT Crown, Pantheon, HarbourVest, Partners Group, TPG, Baring, BPEA, Carlyle, MBK, Affinity, Navis, Hillhouse, PAG, CDH, Primavera, Warburg, Aasia, China, India, Japan and Korea; the only hits were emerging-market LISTED funds and one narrative mention of Asian growth markets. Could not find: any Asia fund, any per-fund commitment amount (the schedule gives book and fair value only), or a named investment director.",5
Tela - Tyoelakevakuuttajat TELA ry (the Finnish Pension Alliance),Finland,Helsinki,Trade association for Finnish earnings-related pension providers; not an investor,none,"no - Tela is a trade association with no investment portfolio. Use it as the sector data source and as the route to the members, not as an LP.",not applicable - Tela signs nothing. Each member commits in its own name.,"Sector, not Tela's own. Finnish statutory pension assets available for investment were EUR 300.2bn at 30 June 2026, up EUR 16bn in the quarter and over EUR 300bn for the first time. The equity share of the tyoelakeyhtiot's risk allocation averaged 61 per cent at 30 June 2026 against 54 per cent at the end of 2024, and Tela states that after the reform 'tyoelakeyhtioiden osakesijoitusten paino voi nousta julkisuudessa esitettyjen arvioiden mukaan noin 70 prosenttiin'. Separately, about EUR 3.2bn of pension assets sat in Finnish growth companies at the end of 2025. https://www.tela.fi/2026/08/28/tyoelakevakuuttajien-sijoitustyo-kantaa-hedelmaa-elakevarat-ylittivat-300-miljardin-euron-rajan/ and https://www.tela.fi/2026/08/26/analyysi-tyoelakevakuuttajien-sijoitukset-suomalaisiin-kasvuyrityksiin-yli-kolme-miljardia-euroa-sijoitusjohtajat-ja-telan-siren-peraankuuluttavat-uudistuksia-paaomarahastojen-tueksi/ read 2026-09-19",not applicable - Tela holds no investments.,,Tela is a registered association of pension providers. Its managing director is Saara-Sofia Siren and its chief economist is Mikko Makinen. It lobbies and publishes statistics; it makes no investment decisions.,"F: Tela publishes the allocation and return data of the six largest pension investors quarterly, and sector-wide asset figures the following day. The Q2 2026 set was published 27 and 28 August 2026. https://www.tela.fi/2026/08/27/tyoelakevakuuttajien-sijoitusjakauma-ja-tuotot-kesakuun-2026-lopussa/ read 2026-09-19",not applicable,"Saara-Sofia Siren (Toimitusjohtaja (Managing Director), Tyoelakevakuuttajat Tela); Mikko Makinen (Paaekonomisti (Chief Economist), Tyoelakevakuuttajat Tela)",https://www.tela.fi/2026/08/27/tyoelakevakuuttajien-sijoitusjakauma-ja-tuotot-kesakuun-2026-lopussa/,"Read tela.fi's Q2 2026 allocation release (27.8.2026), the EUR 300bn sector release (28.8.2026), the reform Q and A page (updated 1.6.2026), the presidential-confirmation news item (18.6.2026) and the 30.4.2026 item on the government proposal. Cross-checked the fund-list claim by searching the 2025 financial statements of Ilmarinen, Keva and Varma held locally in this project. Could not find: Tela membership-level detail on eläkesäätiöt and eläkekassat beyond the statistical coverage note, and could not open the 26.8.2026 growth-company analysis in full (the EUR 3.2bn figure comes from the search-result abstract of that Tela page, so treat it as moderate confidence rather than verbatim). URL CHECK 19 September 2026: the 3.9.2026 tela.fi news item cited for the managing director's name now returns 404. It has been replaced with Tela's live organisation page and the name flagged for re-verification.",4
VER - Valtion Elakerahasto (State Pension Fund of Finland),Finland,Helsinki,"State budget-off buffer fund for central-government pensions, supervised by the Ministry of Finance",none,"unclear - the balance sheet is easily large enough at EUR 27.3bn, but VER states its risk level is being cut, not raised: 'VERin arvion mukaan paatettyjen ja esitettyjen talousarviosiirtojen seurauksena VERin riskitaso tulee olemaan aiemmin suunniteltua alempi', and it says the only lever it has over the illiquid share is planning the volume of new commitments downward. Net cash flow is permanently negative and forecast to stay so into the 2050s.","commits in its own name - VER is the investor and has its own four-desk investment organisation, one of which, Epalikvidit sijoitukset, owns private equity, real estate, infrastructure and private credit funds.","Paaomasijoitukset (private equity funds alone) were 5.9 per cent of the portfolio at 31 December 2025, down from 6.7 per cent, with infrastructure funds a further 4.4 per cent and unlisted shares 1.3 per cent; open unfunded private-equity commitments were EUR 643m (EUR 713m a year earlier). On a portfolio of EUR 25,760m that puts the PE book at roughly EUR 1.5bn. At 30 June 2026 the combined 'Paaomasijoitukset' risk-classified line (private equity plus infrastructure) was EUR 2,815.9m, 10.3 per cent of EUR 27,250.9m. https://www.ver.fi/download/noname/59C38BCF-7777-4EAE-85BC-F74683627D66/13970 and https://www.ver.fi/download/noname/9573E37F-2BDF-483E-863D-E2475BDF6578/14095 read 2026-09-19",not found - VER names no individual fund and no individual commitment size in its 2025 financial statements or in any page of ver.fi. The only sizing available is the aggregate EUR 643m of open PE commitments at 31 December 2025. https://www.ver.fi/download/noname/59C38BCF-7777-4EAE-85BC-F74683627D66/13970 read 2026-09-19,,"The Ministry of Finance appoints VER's hallitus for a three-year term (the current term ends 28.2.2027). 'Hallitus ohjaa VERin sijoitustoimintaa. Kaikki sijoituspaatokset tehdaan hallituksen vahvistamien sijoitussuunnitelmien seka sijoitustoiminnan valtuuksien ja limiittien mukaisesti.' The board confirms the annual sijoitussuunnitelma and the mandates and limits; individual commitments are then made by the investment organisation inside those limits. A board-appointed sijoitusneuvottelukunta of six outside professionals reviews the plan and reports to the board. Chair of the board is Vesa Vihriala, deputy chair Annika Klimenko (budjettineuvos, Ministry of Finance).","F: 'Vuonna 2025 hallitus kokoontui yhdeksan kertaa.' The sijoitusneuvottelukunta meets twice a year. Sources https://www.ver.fi/fi-FI/VER_toimijana/Organisaatio and https://www.ver.fi/download/noname/59C38BCF-7777-4EAE-85BC-F74683627D66/13970, read 2026-09-19.","No external consultant or gatekeeper named. VER publishes a formal market-sounding protocol instead: permission must be asked by email, and soundings are received primarily by Jan Lundberg (equities) and Mikko Rasanen (fixed income). Illiquid assets sit with Maarit Saynevirta.","Maarit Saynevirta (Sijoitusjohtaja, Epalikvidit sijoitukset (CIO, Illiquid Investments) - the seat that owns private-equity fund selection); Antti Suhonen (Toimitusjohtaja (CEO)); Jan Lundberg (Osakesijoitusjohtaja (CIO, Equities); named receiver of market soundings); Vesa Vihriala (Chair of the board, appointed by the Ministry of Finance; term ends 28.2.2027); Ritva Laukkanen (Board member)",https://www.ver.fi/fi-FI/VER_toimijana/Organisaatio,"Read VER's Tilinpaatos 2025 (lyhennelma) in full including sections 1.2.2 Hallitus, 1.2.3 Sijoitusneuvottelukunta, 1.3.1.2 Muut korkosijoitukset, 1.3.2.2 Muut osakesijoitukset, 1.3.3 Muut sijoitukset and 1.6 risk management; the risk-classified allocation PDF at 30.6.2026; the H1 2026 press release of 18.8.2026 with its key-figures table; and the ver.fi pages Portfolio, Osakesijoitukset, Muut sijoitukset, Ohjaus ja valvonta, Organisaatio, Johtoryhma and Markkinoiden tunnustelu. Searched the 2025 financial statements for Axiom, Pantheon, HarbourVest, Partners Group, KKR, TPG, Carlyle, Blackstone, EQT, Advent, Permira, Apollo, Ardian, Hamilton Lane, LGT, Adams Street and Neuberger and got zero hits. Could not find: any fund name, any commitment size, any manager name, or a stated approval cadence for individual commitments. Note that the file cached in this project as ver_Saavutettava_Tilinpaatoskatsaus_Q4_2025_fi.txt is in fact Veritas material, not VER, and was not used.",5
Varma Mutual Pension Insurance Company (Keskinainen tyoelakevakuutusyhtio Varma),Finland,Helsinki,Private-sector earnings-related pension insurance company (tyoelakeyhtio),signs,"yes - an EUR 11.4bn private equity book and four Asia funds already carried above EUR 59m of fair value, MBK Partners Fund IV at EUR 97.7m. A US$50m ticket is ordinary size here.","commits in its own name - the funds sit directly on Varma's own balance sheet schedule. No pool, no outsourced signer. https://www.varma.fi/globalassets/tama-on-varma/varman-toimintakertomus-ja-tilinpaatos-2025.pdf","private equity (paaomasijoitukset) EUR 11,417.5m at 31 December 2025, 16.7 per cent of investments, against EUR 11,704.3m and 18.2 per cent a year earlier. Total investments EUR 68,286.8m. The fund-holdings schedule (paaomarahastot yhteensa) totals EUR 8,242.5m book value and EUR 11,786.3m fair value. 2025 private equity return minus 0.6 per cent. https://www.varma.fi/globalassets/tama-on-varma/varman-toimintakertomus-ja-tilinpaatos-2025.pdf","Varma publishes book and fair value per fund, not commitments. Its Asia lines carry EUR 2.2m to EUR 97.7m of fair value, with seven Asia funds above EUR 50m. https://www.varma.fi/globalassets/tama-on-varma/varman-toimintakertomus-ja-tilinpaatos-2025.pdf","MBK Partners Fund IV L.P. | EUR 61.3m book value; EUR 97.7m fair value at 31 December 2025; commitment not published (held at 31 December 2025; vintage not stated in the source)
MBK Partners Fund V, L.P. | EUR 73.4m book value; EUR 94.0m fair value at 31 December 2025; commitment not published (held at 31 December 2025; vintage not stated in the source)
TPG Asia VII (B) L.P. | EUR 61.0m book value; EUR 74.8m fair value at 31 December 2025; commitment not published (held at 31 December 2025; vintage not stated in the source)
Primavera Capital Fund II L.P. | EUR 35.5m book value; EUR 74.4m fair value at 31 December 2025; commitment not published (held at 31 December 2025; vintage not stated in the source)
Navis Asia Fund VII L.P. | EUR 54.1m book value; EUR 59.4m fair value at 31 December 2025; commitment not published (held at 31 December 2025; vintage not stated in the source)
KKR Asian Fund IV SCSp | EUR 46.4m book value; EUR 59.3m fair value at 31 December 2025; commitment not published (held at 31 December 2025; vintage not stated in the source)
Primavera Capital III L.P. | EUR 34.4m book value; EUR 51.6m fair value at 31 December 2025; commitment not published (held at 31 December 2025; vintage not stated in the source)
TPG Asia VI L.P. | EUR 38.5m book value; EUR 39.8m fair value at 31 December 2025; commitment not published (held at 31 December 2025; vintage not stated in the source)
Warburg Pincus China-Southeast Asia II-E L.P. | EUR 32.9m book value; EUR 32.9m fair value at 31 December 2025; commitment not published (held at 31 December 2025; vintage not stated in the source)
Warburg Pincus China L.P. | EUR 22.0m book value; EUR 32.7m fair value at 31 December 2025; commitment not published (held at 31 December 2025; vintage not stated in the source)
Affinity Asia Pacific Fund V L.P. | EUR 27.0m book value; EUR 32.0m fair value at 31 December 2025; commitment not published (held at 31 December 2025; vintage not stated in the source)
CDH Fund VI L.P. | EUR 18.1m book value; EUR 23.6m fair value at 31 December 2025; commitment not published (held at 31 December 2025; vintage not stated in the source)
MBK Partners Fund VI, L.P. | EUR 10.9m book value; EUR 10.9m fair value at 31 December 2025; commitment not published (held at 31 December 2025; vintage not stated in the source)
Auda Asia II L.P. | EUR 3.6m book value; EUR 3.6m fair value at 31 December 2025; commitment not published (held at 31 December 2025; vintage not stated in the source)
MBK Partners Fund III L.P. | EUR 2.2m book value; EUR 2.2m fair value at 31 December 2025; commitment not published (held at 31 December 2025; vintage not stated in the source)
NB Crossroads XXII Asset Allocation Offshore LP | EUR 28.3m book value; EUR 53.2m fair value at 31 December 2025; commitment not published (held at 31 December 2025; vintage not stated in the source)
KKR Asia Real Estate Partners II SCSp | EUR 28.4m book value; EUR 32.3m fair value at 31 December 2025; commitment not published (held at 31 December 2025; vintage not stated in the source)","The Board of Directors (hallitus) draws up the investment plan and monitors it ('laatia sijoitussuunnitelma ja seurata sen [toteutumista]'). Below it sits the Investment Committee (Sijoitustoimikunta). Verbatim: 'Sijoitustoimikunta kasittelee keskeiset toimitusjohtajan paatettavaksi tulevat sijoitusasiat. Toimikuntaan kuuluvat toimitusjohtaja, sijoitustoiminnasta vastaavat johtajat ja vastuullisuudesta vastaava johtaja. Toimikunta valmistelee sijoitusesitykset hallitukselle ja tekee paatokset asioissa, joissa silla on [valtuudet] hallituksen vahvistaman sijoitussuunnitelman [mukaisesti].' So a fund commitment goes to the Investment Committee, which either decides it under delegated authority or puts it to the Board.","F: 'Hallitus kokoontui 11 kertaa vuonna 2025, ja varsinaisten jasenten osallistumisaste kokouksiin oli 96,2 prosenttia.' The Audit Committee met 8 times in 2025.","No external manager-selection gatekeeper named. The Investment Committee, chaired in substance by the CEO and staffed by the investment directors, is the screen.","Risto Murto (President and CEO (toimitusjohtaja) since 2014; management group member since 2006); Markus Aho (Deputy CEO, Investments (varatoimitusjohtaja, Sijoitukset); management group member since 2022, joined Varma 2014); Hanna Kaskela (Director, Sustainability and Communications; sits on the Investment Committee as the sustainability director); Teo Ottola (Chair of the Audit Committee (2025 and 2026 terms))","https://www.varma.fi/globalassets/tama-on-varma/varman-hallinto-ja-palkitseminen-2025.pdf
https://www.varma.fi/globalassets/tama-on-varma/varman-toimintakertomus-ja-tilinpaatos-2025.pdf","Downloaded Varma's Toimintakertomus ja tilinpaatos 2025 and Hallinto ja palkitseminen 2025 and confirmed both are byte-identical to the live files at the URLs cited. Extracted the full fund-holdings schedule at 31.12.2025 with a two-column numeric parser and ran a keyword pass over both documents for Asia, Pacific, China, India, Korea, Japan, Axiom, Pantheon, HarbourVest, Squadron, Crown, LGT, BPEA, MBK, Hillhouse, PAG, CDH, Affinity, Navis, Primavera, Auda and NB Crossroads. Read Note 27-equivalent allocation tables for the programme size and the governance document's Board, CEO, Investment Committee and management-group sections. COULD not FIND: a commitment amount or a vintage year for any Varma fund. COULD not FIND: confirmation of Auda Asia II's strategy. Varma's document gives only the name. I therefore checked the manager instead: HQ Capital's own English site describes a multi-manager private equity business covering Asia, SEC EDGAR full-text search for 'Auda Asia' returns 57 hits including Form D filings by Auda Capital SCS SICAV SIF - Auda Asia IV and Auda Capital SCS SICAV-SIF-Auda Asia Secondary Fund, and the GLEIF register holds Luxembourg SICAV compartments named Auda Capital VIII, IX and X Asia. The pan-asia FoF tier on that line rests on the manager's business, not on Varma's disclosure.",5
Veritas Pension Insurance Company (Elakevakuutusosakeyhtio Veritas),Finland,Turku,"Private-sector earnings-related pension insurance company (tyoelakeyhtio), the smallest of the four",small,"no - a US$50m ticket is about 10 per cent of Veritas's entire EUR 492.7m private equity book and roughly five times its largest observed fund position. Veritas is the right buyer for a US$5m to US$15m slot, not a US$50m one.",commits in its own name - the funds sit directly on Veritas's own securities schedule. https://veritas.fi/wp-content/uploads/Veritas_toimintakertomus_2025.pdf,"private equity (paaomasijoitukset) EUR 492.7m at 31 December 2025, 9.5 per cent of investments, against EUR 460.7m and 9.6 per cent a year earlier. Total investments EUR 5,209.7m. https://veritas.fi/wp-content/uploads/Veritas_toimintakertomus_2025.pdf",EUR 1.4m to EUR 11.5m of carrying value per fund line across the whole alternatives schedule. The largest single private equity fund line checked is under EUR 12m. https://veritas.fi/wp-content/uploads/Veritas_toimintakertomus_2025.pdf,"Axiom Asia Co-Investment Fund II, L.P. | EUR 7,426,669 book value and EUR 9,050,405 fair value at 31 December 2025; commitment not published (held at 31 December 2025; vintage not stated in the source)
ASEAN China Investment Fund III L.P. | EUR 7,104,597 book value and EUR 8,787,949 fair value at 31 December 2025 (held at 31 December 2025; vintage not stated in the source)
ASEAN China Investment Fund IV L.P. | EUR 8,266,355 book value and EUR 8,735,016 fair value at 31 December 2025 (held at 31 December 2025; vintage not stated in the source)
ASEAN China Investment Fund V L.P. | EUR 5,836,553 book value and EUR 5,836,553 fair value at 31 December 2025 (held at 31 December 2025; book equal to fair value, early in drawdown)
EQT Mid Market Asia III Fund | EUR 2,079,420 book value and EUR 2,081,013 fair value at 31 December 2025 (held at 31 December 2025; vintage not stated in the source)
Axiom Asia 7-A SCSP, SICAV-RAIF | EUR 1,396,167 book value and EUR 1,396,167 fair value at 31 December 2025; commitment not published (held at 31 December 2025; book value equal to fair value is the profile of a new position early in drawdown)","Board of Directors (hallitus), supported by an Investment and Risk Committee (Sijoitus- ja riskivaliokunta) that prepares investment and risk matters for the Board. A Supervisory Board (hallintoneuvosto) elects the Board.",F: 'Hallitus kokoontui 13 kertaa vuoden 2025 aikana.' The Investment and Risk Committee met five times in 2025; the Supervisory Board met three times.,No external manager-selection gatekeeper named in the 2025 report.,"Laura Wickstrom (Chief Investment Officer (Sijoitusjohtaja), management group); Elina Fogelholm (Chief Executive Officer designate; chosen in September 2025, started at Veritas on 9 December 2025, takes the CEO role in spring 2026); Tommy Sandas (Chief Financial Officer (talousjohtaja); acting CEO from 13 June 2025); Carl Haglund (Chief Executive Officer until 13 June 2025)",https://veritas.fi/wp-content/uploads/Veritas_toimintakertomus_2025.pdf,"Downloaded Veritas's Toimintakertomus 2025 from https://veritas.fi/wp-content/uploads/Veritas_toimintakertomus_2025.pdf and extracted it with pdftotext -layout. Read the full securities schedule (verdipaperi/sijoitukset listing) at 31.12.2025 line by line, the allocation tables for private equity and total investments, the governance section for the Board, the Investment and Risk Committee and the Supervisory Board and their 2025 meeting counts, and the CEO succession passage. Fetched the live management group page at https://veritas.fi/tietoa-veritaksesta/johtoryhma/ for the current CIO. COULD NOT FIND: a commitment amount or a vintage year for any Veritas fund. COULD NOT FIND: the CIO's name inside the annual report itself; it comes from Veritas's own website.",5
AG2R La Mondiale,France,Paris,"Paritarian retirement, savings and personal-protection group (SGAPS), with the captive manager AG2R La Mondiale Gestion d'Actifs",none,"unclear, leaning no - the captive manager's stated mandate is listed assets, and the only evidenced private equity activity is a retail unit-linked range using three French managers. No general-account fund-commitment programme is visible from which a US$50m Asia ticket could come.","the insurance entities sign, with AG2R La Mondiale Gestion d'Actifs as captive manager - the captive runs more than EUR 30bn of listed assets for internal and external clients.","AG2R La Mondiale Gestion d'Actifs manages more than EUR 30bn at 31 December 2025, and its own description of that mandate is LISTED assets for internal and external clients. https://www.ag2rlamondiale.fr/gestion-d-actifs/nous-connaitre read 2026-09-19. No general-account private equity programme size is published.","Not found. The only private equity vehicles that could be evidenced are three French funds offered as unit-linked supports to savers, not general-account LP commitments, and no commitment size is published for them.",,"Not established from a primary source. AG2R La Mondiale is a paritarian group governed jointly by employer and employee representatives, so a new asset class is a board-level decision, but this check did not reach a document naming the investment committee.",Not found.,"AG2R La Mondiale Gestion d'Actifs is the captive manager. For the retail private equity range the selected managers are Alto Invest, Idinvest Partners and Isatis Capital, all French.",,https://www.ag2rlamondiale.fr/gestion-d-actifs/nous-connaitre,"Read the AG2R La Mondiale asset management page for the captive's EUR 30bn+ listed-asset mandate at 31 December 2025; the group's 2025 results coverage for the solvency ratio and own-funds surplus; the silvereco.fr writeup of the group's private equity retail range naming Alto Invest, Idinvest Partners and Isatis Capital; and the AG2R investor and financial-publications pages, neither of which exposed a direct SFCR PDF link in the fetched content. The sfcr pdf itself was not opened. The session's web-search budget was exhausted before I could locate its direct URL, so the equity SCR figure and any LTEI statement are unestablished for this institution. A second pass should retrieve the SGAPS AG2R La Mondiale SFCR 2025 from the DILA or AMF opendata mirror.",1
AXA (AXA group general account and AXA IM Prime),France,Paris,"Global composite insurer; alternatives multi-manager AXA IM Prime sits inside AXA IM, which joined BNP Paribas in July 2025",none,"yes on size, unclear on will - a EUR 34bn alternatives platform can absorb US$50m without difficulty. What is not established is whether AXA would buy a third-party pan-Asia fund-of-funds when AXA IM Prime is itself a primaries, secondaries and co-investment multi-manager, and when the private equity fund-selection function has historically been run centrally from Germany.","captive manager signs, and that captive is no longer AXA-owned - private equity fund selection for the general account has historically been run centrally from Germany and is executed through AXA IM Prime. AXA IM joined BNP Paribas Group in July 2025 and AXA Investment Managers Paris merged with BNP Paribas Asset Management Europe on 31 December 2025, with the combined company operating under the BNP Paribas Asset Management Europe name. The signing entity has therefore changed hands during the period this row covers.","AXA IM Prime runs about EUR 34bn of assets across private equity, private debt, infrastructure and hedge funds, in primaries, secondaries, co-investments, NAV financing and GP stakes. https://alts.axa-im.com/private-markets-hedge-fund-investments read 2026-09-19. The AXA general account's own private equity allocation is not published as a separate figure and this check could not establish it.","not established. No AXA or AXA IM Prime document I reached publishes a per-fund commitment range for the general account. Given AXA IM Prime's EUR 34bn platform, a US$50m ticket is trivially small in relative terms, but that is an inference from platform scale and not an evidenced ticket figure. Do not put a number on a slide.",,"Not established from a primary source. AXA IM Prime is the operative selection function for private markets; the PEI report of April 2022 says fund selection is managed centrally from Germany, with the Hong Kong and Japan entities sourcing.",Not found.,"AXA IM Prime is the gatekeeper and is simultaneously a competitor: it sells primaries, secondaries and co-investment programmes, which is the product Pavilion sells.",,https://alts.axa-im.com/private-markets-hedge-fund-investments,"Read the AXA IM Alts private markets and hedge fund page for the AXA IM Prime platform description and the EUR 34bn AUM figure; the publicly readable standfirst of the PEI article on AXA's Asian entities, whose body is behind a registration wall; the AXA press release announcing publication of the 2025 Group SFCR and the 2025 full-year earnings release for the internal model and solvency ratio; and the AXA IM UK release on the W Capital Partners acquisition. Did not reach the AXA Group SFCR PDF itself or any fund-level holdings list; AXA does not publish one. Could not verify the seed file's claim about named Asian emerging managers from a primary source.",2
CNP Assurances,France,Paris (Issy-les-Moulineaux),"Life and personal-protection insurer; majority owned by La Banque Postale, itself in the Caisse des Depots group",none,"unclear, leaning no at the current pace - CNP's revealed average private equity ticket in 2025 was about EUR 22m across 13 funds. A US$50m single-fund commitment would be more than double its normal unit and would absorb roughly a sixth of its annual private equity budget.","commits in its own name, through one entity - 'Les investissements en titres non cotes sont essentiellement realises par CNP Assurances SA.' The unlisted book is signed by the insurance company itself, not by a captive asset manager. https://www.cnp.fr/cnp/content/download/13941/file/CNP-Assurances-Holding-SFCR-2025_VF.pdf","private equity stock of EUR 3.6bn at 31 December 2025, inside an unlisted book of EUR 3.6bn real estate and infrastructure debt, EUR 4.4bn corporate debt, EUR 6.8bn infrastructure and EUR 16.4bn real estate and forests. In 2025 the group made EUR 292m of private equity investments across 13 funds in France, Europe and the United States, mainly stakes in SMEs and mid-caps. Total investments financing European companies EUR 230bn at 31/12/2025, and the allocation is 85% European. https://www.cnp.fr/cnp/content/download/13941/file/CNP-Assurances-Holding-SFCR-2025_VF.pdf read 2026-09-19","about EUR 22m per fund. This is an evidenced figure, not an estimate: the SFCR states 'En 2025, le Groupe a realise des investissements de 292 M EUR au sein de 13 fonds en France, Europe et aux Etats-Unis', which is EUR 292m divided by 13 funds. https://www.cnp.fr/cnp/content/download/13941/file/CNP-Assurances-Holding-SFCR-2025_VF.pdf",,Conseil d'administration of CNP Assurances with a Comite d'audit et des risques; the SFCR describes a standard Solvency II three-lines governance with an ORSA produced annually and quarterly solvency assessments. The SFCR does not name a dedicated private equity investment committee.,F: the ORSA is produced once a year and the SCR coverage ratio is assessed quarterly.,No external gatekeeper or fund-of-funds manager is named in the 2025 SFCR. The screen appears to be CNP's own investment team.,,https://www.cnp.fr/cnp/content/download/13941/file/CNP-Assurances-Holding-SFCR-2025_VF.pdf,"Downloaded the CNP Assurances Holding SFCR 2025 (3.5MB PDF) and parsed the full 7,757-line text extract. Read the unlisted investment focus section with the stock table and the 2025 private equity investment figure, the economy-financing section, the market risk chapter, section E2 on the SCR and MCR, and section E4 on internal models. Grepped the whole document for Asie, asiatique, Asia, private equity, capital investissement, actions non cotees, fonds de fonds and for every fund-of-funds and Asian GP name in the task list; none of the manager names appears. Did not reach the CNP Document d'Enregistrement Universel or a fund-by-fund holdings list, which CNP does not publish.",2
Caisse des Depots et Consignations (CDC),France,Paris,State-owned long-term investor and public financial institution; parent of Bpifrance (jointly with the State) and administrator of several public pension schemes,none,"unclear - CDC's balance sheet is plainly large enough, but its statutory remit is French economic development and this check did not reach a primary document establishing any non-European private equity programme. Treat the ticket question as open rather than answered.","CDC acts as administrator and manager for other people's money as well as its own - it runs the Ircantec reserves and supplies most of the FRR's staff, so an approach to CDC can be an approach to several asset owners at once.","Not established in this pass. CDC's own asset-management and fonds d'epargne reporting was not reached at a primary source, and I will not put a number on it.",Not established.,,Not established from a primary source in this pass.,Not found.,"CDC is itself the gatekeeper for the schemes it administers, notably Ircantec.","Olivier Sichel (President du Directoire du FRR since 26 December 2024, succeeding Eric Lombard. NOTE: the FRR annual report gives this FRR title only; it does not state his CDC role, and I did not verify his CDC title from a CDC source.)",https://www.fondsdereserve.fr/wp-content/uploads/2025/10/FRR-RA2024-FR-2.pdf,"This row is the weakest in the file and i am saying so. The web-search budget for this session was exhausted before I reached CDC's own Rapport annuel, its Rapport d'activite or its gestion d'actifs disclosures. What I did read is the FRR Rapport annuel 2024, which establishes the CDC connection from the FRR side: 'Le FRR compte, en 2024, 48 collaborateurs permanents, dont 41 sous contrat Caisse des depots', and the Ircantec portfolio document, which establishes that the Ircantec reserves CDC administers hold no private equity. No CDC primary document was opened. A second pass should read the CDC Rapport annuel and the Bpifrance activity report before this row is used.",1
"Covea (MAAF, MMA, GMF; Covea Finance; PartnerRe)",France,Paris,"Mutual insurance group (SGAM), property and casualty led, with the reinsurer PartnerRe and the captive manager Covea Finance",none,"unclear, leaning no - unlisted equity is EUR 302m, 0.28% of a EUR 109.5bn investment book. A US$50m single-fund commitment would be a sixth of the entire unlisted equity position. Nothing in the SFCR shows a private equity programme of a size that makes that a normal act.","the insurance entities sign, with Covea Finance as captive manager - Covea Finance is the group's portfolio management company and manages the insurance entities' assets; the SGAM Covea consolidates them. Covea Finance reported EUR 86.8bn of assets under management at 31 December 2025.","total investments EUR 109,530m at 31 December 2025 on Solvency II template S.02.01, of which equities EUR 4,071m split EUR 3,770m listed and only EUR 302m UNLISTED, collective investment undertakings EUR 19,456m and bonds EUR 80,192m. The SFCR confirms Covea holds private equity fund stakes but does not size them: alternative valuation methods are applied to 'certaines participations dans des fonds de capital investissement lorsque les actifs concernes ne sont pas cotes sur des marches actifs'. https://www.covea.com/sites/default/files/2026-05/sfcr_covea_2025.pdf read 2026-09-19",Not found. Covea publishes no fund-by-fund schedule and no per-commitment figure. Its private equity fund stakes sit undifferentiated inside the EUR 19.5bn collective investment undertakings line.,,Not named in the SFCR beyond the standard Solvency II governance. The SFCR sets out a risk-appetite framework in which the group solvency ratio is the binding constraint and market risk is measured on the standard formula.,F: the SFCR is produced annually; the risk-appetite framework is monitored against the solvency ratio with stress tests reported in the SFCR.,Covea Finance is the captive manager and the operative screen. No external gatekeeper or fund-of-funds manager is named.,,https://www.covea.com/sites/default/files/2026-05/sfcr_covea_2025.pdf,"Downloaded the Covea group SFCR 2025 and parsed the full 5,012-line text extract. Read the executive summary, the market risk chapter, section D on valuation including D4 on alternative valuation methods, section E2 on the SCR and MCR, sections E3 and E4 on the duration-based equity sub-module and internal models, and the S.02.01 balance sheet template. Grepped the whole document for Asie, asiatique, Asia, private equity, capital investissement, actions non cotees, fonds de fonds and every fund-of-funds and Asian GP name in the task list. The only Asia hit is the PartnerRe premium geography chart. Did not find an S.06.02 list-of-assets annex; Covea does not publish one in the group SFCR.",1
ERAFP (Etablissement de Retraite Additionnelle de la Fonction Publique),France,Paris,Public funded supplementary pension scheme for French civil servants (etablissement public administratif),no_asia,"yes on size, no on route - a EUR 700m European private equity envelope dwarfs a US$50m ticket, but ERAFP cannot commit to a fund directly. Pavilion would have to win a tender lot, or be selected as an underlying fund by Access Capital Partners, Ardian or Schroders inside an existing mandate.","delegated multi-manager mandates signed by ERAFP, funds selected by the appointed manager - ERAFP is subject to EU public procurement and awards every external mandate by tender with published avis de marche and avis d'attribution. The appointed manager, not ERAFP, picks the underlying funds.","the 2025-26 unlisted tender totals EUR 1.6bn of target commitments over the mandates' term, of which EUR 1.0bn is private equity (EUR 700m Europe, EUR 300m North America) and EUR 600m infrastructure (EUR 400m OECD, EUR 200m ecological transition). https://www.rafp.fr/en/news/erafp-awards-nine-asset-management-mandates-unlisted-private-equity-and-infrastructure read 2026-09-19. Scheme assets are about EUR 47.8bn, with real estate at 11.9% or EUR 5.3bn at end 2025 (ERAFP sustainability report 2024, https://media.rafp.fr/s3fs-public/2025-05/RAFP-Rapport-durabilite-2024.pdf).","ERAFP does not write fund commitments. It writes DELEGATED MULTI-MANAGER MANDATES sized EUR 200m to EUR 700m per lot, awarded by EU public tender, and the appointed manager then selects the underlying funds. The 2016 precedent was a EUR 200m European private equity lot and a EUR 150m OECD infrastructure lot with a ten-year term extendable by two further two-year periods. https://www.rafp.fr/en/news/press-release/erafp-launches-tender-selection-private-equity-and-infrastructure-managers","Lot 1, European private equity multi-manager mandate (Access Capital Partners and Ardian active, Schroders on stand-by) | EUR 700m indicative target allocation in 2026
Lot 2, North American private equity multi-manager mandate (Schroders active, Ardian on stand-by) | EUR 300m indicative envelope in 2026","Conseil d'administration of ERAFP, supported by the scheme's investment teams, acting through a formal public procurement process. Awards are announced by press release naming the active and stand-by managers per lot.","F: tender-driven rather than calendar-driven. The 2025-26 private equity and infrastructure round was launched in March 2025 and awarded on 13 August 2026, roughly seventeen months end to end.","The appointed multi-manager is the gatekeeper. For European private equity that is Access Capital Partners and Ardian, with Schroders on stand-by; for North America it is Schroders, with Ardian on stand-by. No separate investment consultant is named in the award release.",,https://www.rafp.fr/en/news/erafp-awards-nine-asset-management-mandates-unlisted-private-equity-and-infrastructure,"Read the ERAFP award press release of 13 August 2026 naming all nine mandates, the four lots, their indicative amounts and the active and stand-by manager per lot; the 2016 ERAFP private equity and infrastructure tender release for the precedent lot sizes and mandate term; the ERAFP English news index for the 2025 and 2026 award releases; and the French-language coverage of the same award at next-finance.net. Could not reach the underlying avis d'attribution on TED or BOAMP, nor a fund-by-fund holdings list, because ERAFP publishes mandate-level information only.",2
FRR (Fonds de Reserve pour les Retraites),France,Paris,Public pension reserve fund (etablissement public administratif; staff largely on Caisse des Depots contracts),none,"yes on size, no on geography - EUR 500m a year across four unlisted classes leaves ample room for a US$50m ticket, and the FRR already runs eight private equity mandates. The block is the mandate itself: the new unlisted money is directed at French SMEs, ecological and energy transition and sovereignty, and the fund held zero Asia ex-Japan equity at 31/12/2024.","commits in its own name through delegated mandates - the FRR signs mandates, not fund commitments: 'Les investissements du FRR sont integralement realises par l'intermediaire de prestataires de services d'investissement, a l'exception de la gestion courante de la tresorerie.' Every manager is selected by public tender. https://www.fondsdereserve.fr/wp-content/uploads/2025/10/FRR-RA2024-FR-2.pdf","unlisted assets are 14% of the FRR allocation, of which about 10.7 percentage points sit in France, EUR 2.2bn at 31/12/2024, split 72% equity (EUR 1.56bn) and 28% debt (EUR 614m). The private equity map at 31/12/2024 (excluding the 2007 private equity programme) shows 11 funds, 3 fund-of-funds mandates and 5 fund mandates, with 8 private equity mandates and 4 private debt mandates in total. More than EUR 1.4bn of commitments had been made to private equity funds by end 2024. Net assets EUR 20.4bn at 31/12/2024, down EUR 0.8bn on the year. https://www.fondsdereserve.fr/wp-content/uploads/2025/10/FRR-RA2024-FR-2.pdf read 2026-09-19","the FRR does not publish per-fund commitment sizes. What it does publish is the forward budget: 'l'allongement de l'horizon au-dela de 2033 a egalement permis au FRR d'enclencher une nouvelle strategie sur les actifs non cotes a partir de 2025. Elle pourrait permettre d'engager jusqu'a 500 M EUR par an, ventiles sur le capital investissement, la dette privee, les infrastructures et l'immobilier, et ainsi maintenir des montants investis en actifs non cotes de pres de 3 Md EUR en cible.' Four asset classes sharing EUR 500m a year. https://www.fondsdereserve.fr/wp-content/uploads/2025/10/FRR-RA2024-FR-2.pdf",,"Comite de Selection des Gerants (CSG), composed of experts independent of and external to the FRR and chaired by a member of the Directoire. Verbatim: 'Les analyses sont ensuite soumises a l'avis du Comite de Selection des Gerants (CSG), compose d'experts independants externes au FRR et preside par un membre du Directoire. La selection finale est in fine validee par le Directoire a l'appui de l'avis du CSG.' CSG president Adrien Perret; CSG members Thierry Coussieu, Catherine Guinefort, Samia Khallaf, Patrick Savadoux. Directoire: Olivier Sichel (President since 26 December 2024, succeeding Eric Lombard), Salwa Boussoukaya-Nasr, Adrien Perret. Collective vehicle (OPC) selections also require CSG validation.","F: tender-driven. The selection procedure runs launch note, candidate ranking, restricted offer phase, CSG opinion, Directoire validation. The Conseil de surveillance sets the strategic allocation annually.","The CSG of external independent experts is the gatekeeper for manager selection. Above it, Pantheon Ventures and LGT Capital Partners already hold FRR private equity mandates and select the underlying funds, so they are the operative screen for any new fund.","Olivier Sichel (President du Directoire du FRR, since 26 December 2024); Adrien Perret (Membre du Directoire and President du Comite de Selection des Gerants); Salwa Boussoukaya-Nasr (Membre du Directoire); Pierre-Olivier Billard (Directeur Financier)",https://www.fondsdereserve.fr/wp-content/uploads/2025/10/FRR-RA2024-FR-2.pdf,"Downloaded the FRR Rapport annuel 2024 PDF and parsed the full 6,354-line text extract. Read the unlisted asset map at 31/12/2024, the allocation and implementation chapter, the manager selection procedure, the full 'Societes gestionnaires du FRR au 31 decembre 2024' list with every tender reference, the governance chapter with the Directoire and the Comite de Selection des Gerants membership, and the detailed financial instrument schedule at 31/12/2024. Grepped the whole document for Asie, asiatique, Chine, Inde, Japon, Pantheon, LGT, HarbourVest, Adams Street, Axiom, StepStone and Hamilton Lane. The FRR appels d'offres page redirects to its allocation-implementation page and lists no live tender; the 'liste des marches conclus' URL returns HTTP 404. No 2025 annual report was published at a stable URL at the date of this check.",2
Groupama (Groupama Assurances Mutuelles; Groupama Asset Management),France,Paris,"Mutual insurance group, property and casualty and health led, with the captive manager Groupama Asset Management",none,"unclear - Groupama's solvency position is strong, with an SCR coverage ratio of 318% at 31 December 2025, so capacity is not the constraint. The constraint is the absence of any evidenced private equity programme in the primary document.","the insurance entities sign, with Groupama Asset Management as captive manager - Groupama Assurances Mutuelles is the group reinsurer and head entity; Groupama AM runs the assets.",Not disclosed. The 2025 SFCR of Groupama Assurances Mutuelles contains no private equity or capital investissement line and no unlisted equity figure that I could isolate. https://www.groupama.com/app/uploads/2026/04/SFCR_2025_Groupama-Assurances-Mutuelles.pdf read 2026-09-19,"Not found. No fund-level or per-commitment figure appears in the SFCR, and Groupama publishes no holdings schedule.",,"Conseil d'administration of Groupama Assurances Mutuelles, which approved the 2025 SFCR on 19 May 2026. Risk governance runs through the group's partial internal model policy and the standard Solvency II key functions.",F: the SFCR is approved annually by the Conseil d'administration; the 2025 report was approved on 19 May 2026.,Groupama Asset Management is the captive manager and the operative screen. No external gatekeeper is named.,,https://www.groupama.com/app/uploads/2026/04/SFCR_2025_Groupama-Assurances-Mutuelles.pdf,"Downloaded the Groupama Assurances Mutuelles SFCR 2025 and parsed the full 3,280-line text extract. Read the governance chapter including section B.3.3 on partial internal model governance, the market risk chapter, section E on capital management, and section E.4 on the difference between the standard formula and the internal model. Grepped the whole document for Asie, asiatique, Asia, private equity, capital investissement, actions non cotees, fonds de fonds and every fund-of-funds and Asian GP name in the task list; all returned nothing. Did not reach the Groupama GROUP SFCR 2025 as a separate PDF, nor a Groupama Asset Management holdings disclosure, so the group-level unlisted position remains unestablished.",1
Ircantec (Institution de Retraite Complementaire des Agents Non Titulaires de l'Etat et des Collectivites publiques),France,Paris and Angers (assets managed by the Caisse des Depots),"Pay-as-you-go supplementary points pension scheme with a reserve portfolio, administered by the Caisse des Depots",none,no - Ircantec publishes its complete line-by-line portfolio every year and it contains no private equity fund of any kind. There is no programme from which a US$50m Asia commitment could be funded without a new strategic allocation decision.,"the Caisse des Depots manages the assets - Ircantec's reserves are run through dedicated funds (fonds dedies) managed by delegated societes de gestion under Caisse des Depots administration, and Ircantec publishes the holdings of those dedicated funds rather than signing fund commitments itself.","reserve portfolio EUR 18.6bn at market value at end 2025, with an operating surplus of EUR 1.1bn for the year. https://www.ircantec.retraites.fr/nous-connaitre/actualite/resultats-2025-lircantec-un-regime-solide-et-performant read 2026-09-19. No private equity line appears anywhere in the published portfolio.","Not applicable. No private equity fund holding exists in the published portfolio, so no ticket size can be evidenced or inferred.",,"Conseil d'administration of Ircantec, which approved the 2025 activity and sustainability reports at its meeting of 25 June 2026. The strategic asset allocation and the exclusion policies are set at that level and implemented by the delegated managers.","F: the Conseil d'administration approves the annual reports in June. Manager exclusion thresholds carry dated compliance deadlines, for example the biodiversity thresholds that delegated managers had to apply by the end of March 2025.","The delegated societes de gestion running the fonds dedies are the operative screen, together with the Caisse des Depots as administrator. No private-markets gatekeeper is named.",,https://www.ircantec.retraites.fr/sites/default/files/2025_Ircantec_Composition-Portefeuille_2026_WEB.pdf,"Downloaded the Ircantec '2025 Composition du portefeuille' PDF and parsed all 3,071 lines of the extracted text, which is the complete line-item list of securities held through its dedicated funds. Searched every line for FCPR, FPCI, SLP, OPCI, SCPI, fonds de fonds, private equity, capital investissement and for every fund-of-funds and Asian GP name in the task list. Found none. The only hits on Asia-related strings are Japanese government bonds, East Japan Railway, Japan Elevator Service Holdings and Prudential Funding Asia, all listed securities. Also read the Ircantec 2025 results page for the reserve size and the Conseil d'administration date. Did not locate a separate Ircantec reglement financier or politique de placement document stating a formal non-OECD or unlisted-asset limit, so that limit remains unverified.",1
MACSF (Mutuelle d'Assurances du Corps de Sante Francais),France,Paris (La Defense),"Mutual insurer for French healthcare professionals; life, savings, retirement and medical liability",none,"unclear - a EUR 4.2bn unlisted book could absorb US$50m, and MACSF's own direct tickets reach EUR 25m. But no fund-level commitment size is published and every evidenced transaction is French, so the ticket question cannot be answered from the record.","commits in its own name - MACSF runs its unlisted programme in-house under the group finance director, combining direct French stakes with fund subscriptions. Its life entity is MACSF Epargne Retraite.","total unlisted investments of EUR 4,239m gross book value, EUR 4,157m net and EUR 6,196m realisable value at 31 December 2025, inside total life-entity investments of EUR 28,187m gross. Unlisted equities alone are EUR 1,147,830 thousand on Solvency II template S.02.01 line R0120. https://www.macsf.fr/groupe/content/download/5587/file/rapport%20annuel%202025%20VD.pdf and https://www.macsf.fr/groupe/content/download/5478/file/RAPPORT_SFCR_groupe_MACSF_2025.pdf, both read 2026-09-19. Roger Caniard, group finance director, put the unlisted target at 12% of the portfolio in December 2024. https://www.decideurs-patrimoine.com/investissements-patrimoine/60008-roger-caniard-macsf-la-part-obligataire-capte-la-majorite-de-nos-flux.html","not evidenced at fund level. MACSF publishes no fund-by-fund schedule. The only per-transaction figures that could be evidenced are DIRECT investments, not fund commitments: EUR 25m into Synapse Medicine (2022) and EUR 14m into Quinten (2022). Inferring a fund ticket from those would be wrong, because they are direct equity stakes in French healthcare companies rather than LP commitments. State the range as not found.",,"Not established from a primary source. Roger Caniard, Directeur financier du groupe MACSF and a member of the executive committee, is the named seat for listed and unlisted equity. No investment committee is named in the SFCR.",Not found.,No external gatekeeper or fund-of-funds manager is named in the 2025 SFCR or the 2025 rapport annuel. MACSF appears to select in-house.,"Roger Caniard (Directeur financier du groupe MACSF, member of the comite executif, described as a specialist in listed and unlisted equity markets. Interview published 10 December 2024; seat not re-confirmed against a 2026 source.)",https://www.macsf.fr/groupe/content/download/5478/file/RAPPORT_SFCR_groupe_MACSF_2025.pdf,"Downloaded and parsed the MACSF group SFCR 2025 (3,791-line text extract) and the MACSF rapport annuel 2025 (5,989-line text extract). Read the SCR methodology section, section E4 on internal models, the S.02.01 balance sheet template, and the investment schedules for the life, non-life and other entities with their listed and unlisted splits. Grepped both documents for Asie, asiatique, Asia, private equity, capital investissement, fonds de fonds and every fund-of-funds and Asian GP name in the task list; zero hits on all of them. Also read the MACSF newsroom unlisted-investment page and the December 2024 Decideurs interview with Roger Caniard. Did not find any fund-by-fund holdings schedule, because MACSF does not publish one, and did not find an S.06.02 list-of-assets annex.",1
Malakoff Humanis (SGAM Malakoff Humanis),France,Paris,"Paritarian retirement, health and personal-protection group (SGAM), covering Malakoff Humanis Prevoyance, Malakoff Humanis Mutuelle, La France Mutualiste, Quatrem, Auxia and others",none,"unclear, leaning no - EUR 540m of unlisted equity spread across more than a dozen member entities means the per-entity unlisted book is small, and a US$50m single commitment would be a large share of any one of them. The group structure fragments the ticket.","each member insurance entity signs for itself under the SGAM - the SFCR reports the performance portfolio SEPARATELY for Malakoff Humanis Prevoyance, INPR, Capreval, Malakoff Humanis Mutuelle, La France Mutualiste, Radiance Mutuelle, Mutuelle Renault, Medicis, Energie Mutuelle, CMAV, Quatrem, UNOFI-Assurances, Auxia, MH Retraite Supplementaire and Auxia Assistance. There is no single pooled commitment vehicle.","unlisted equities EUR 539,858 thousand on Solvency II template S.02.01 line R0120 at 31 December 2025. Within the group's 'portefeuille de performance', unlisted equities are 12.8% at Malakoff Humanis Prevoyance, 32.8% at Malakoff Humanis Mutuelle, 23.4% at La France Mutualiste and 7.6% at INPR, the balance being rate instruments and listed equities. https://www.mobilitemutuelle.fr/content/uploads/2026/06/Rapport-SFCR-2025.pdf read 2026-09-19","Not found. The SFCR gives portfolio percentages and a single aggregate unlisted-equity figure. No fund name, no commitment size and no holdings schedule appear anywhere in the 15,275-line document.",,"Paritarian governance at SGAM level with the standard Solvency II key functions. The SFCR sets a solvency-ratio level to be reached in the ORSA central scenario and preserved in the adverse scenario, which is the binding investment constraint. No private-markets investment committee is named.",F: annual ORSA with prospective central and adverse scenarios; the SFCR is produced annually.,No external gatekeeper or fund-of-funds manager is named in the SFCR.,,https://www.mobilitemutuelle.fr/content/uploads/2026/06/Rapport-SFCR-2025.pdf,"Downloaded the SGAM Malakoff Humanis SFCR 2025 and parsed the full 15,275-line text extract, the longest document in this French set. Read the executive summary, the market risk chapter with its risk-factor list and the per-entity performance-portfolio table, the operational risk section, section E on capital management, section E.4 on internal models, and the S.02.01 balance sheet template. Grepped the whole document for Asie, asiatique, Asia, private equity, capital investissement, fonds de fonds, multigestion, co-investissement and every fund-of-funds and Asian GP name in the task list; all returned nothing. Did not find an S.06.02 list-of-assets annex. Did not reach Malakoff Humanis's Relance or Tibi commitments from a primary source, so the claim that its unlisted programme is contractually French remains unverified for this institution.",1
"Allianz SE (Allianz Capital Partners / AllianzGI Private Markets Equity, group general account)",Germany,Munich,"Composite insurance group general account. Private equity is run by Allianz Capital Partners, now branded AllianzGI Private Markets Equity, inside Allianz Global Investors.",none,yes - a US$50m commitment sits inside ACP's own stated EUR 40-200m per-transaction range and inside its stated USD 40-60m Asia smaller-manager band. Capacity has never been the question at Allianz. Appetite is.,"its captive asset manager signs - Allianz Capital Partners, a company of Allianz Global Investors, makes the fund commitments for the Allianz group general account. Its private equity investment managers 'work from offices in Munich, New York, and Singapore' (https://www.allianzcapitalpartners.com/en/our-business/private-equity read 2026-09-19). The Singapore desk has been open since 2007 per the 2021 Allianz release.","about EUR 25bn of private equity under Michael Lindauer at his departure, per Intenture 8 May 2026 ('rund 25 Mrd. Euro schweres Private-Equity-Geschaeft'), https://www.intenture-news.com/news/michael-lindauer-verlasst-allianzgi-nach-22-jahren read 2026-09-19. F: PEI's free teaser of 20 November 2025 puts it 'from EUR 18.5bn in AUM as of end-2020 to around EUR 30bn this year', https://www.privateequityinternational.com/allianz-global-a-major-pe-backer-cools-on-private-equity-in-slow-exit-market/ read 2026-09-19. The two figures are not reconciled by either source. F: the wider AllianzGI private markets platform is EUR 98bn, IPE 10 April 2025, https://www.ipe.com/news/people-moves-allianzgi-picks-new-leads-for-private-and-public-teams/10129919.article. F: history from Allianz's own 2021 release: EUR 3bn invested in private equity funds during 2020, over 500 fund investments since 1996, relations with over 200 fund managers, alternatives 21% of total investments at FY2020, portfolio split equally across Europe, Asia and the Americas, https://www.allianz.com/en/mediacenter/news/business/asset_management/211125_Allianz-celebrating-25-years-of-Private-Equity.html.","'Investment volumes per transaction of EUR 40-200mn' on ACP's own private equity page, https://www.allianzcapitalpartners.com/en/our-business/private-equity read 2026-09-19. F: for Asia specifically, USD 150m-200m into USD 1-3bn-and-above funds and USD 40m-60m into smaller managers, AVCJ 11 August 2021. I: if the reported cut to about EUR 500m a year is real, a US$50m ticket is roughly a tenth of the whole annual budget rather than a routine line item. That inference depends entirely on a figure this check could not verify.",,"Not published. Allianz does not disclose an investment committee for third-party fund commitments. The chain that is public runs group CIO, then AllianzGI Private Markets under Edouard Jozan, then the private equity CIO seat now held by Sebastian Schroff.",Not published.,"None. ACP is itself the in-house gatekeeper and screens 'hundreds of funds every year' with 'active investment relationships with over 90 fund managers worldwide' (ACP private equity page). There is no external consultant in the path, and ACP competes with Pavilion for the same Asia allocation.","Sebastian Schroff (CIO Private Credit & Private Equity, Allianz Global Investors; took the global private equity lead on Michael Lindauer's departure. CIO Private Credit & Private Equity since March 2025, with AllianzGI since July 2020 as Head of Global Private Credit and with the Allianz group since 2014.); Edouard Jozan (Head of AllianzGI Private Markets and member of the executive committee, effective 1 June 2025, previously head of distribution for Europe. Oversees a EUR 98bn private markets platform.); Michael Lindauer (FORMER CIO Private Equity, Allianz Global Investors, from October 2003 until 2026. He oversaw about EUR 25bn and joined Interogo Fund Management's investment committee in May 2026. His quote was removed from Allianz's own private equity page between the 15 April 2026 and 14 May 2026 Wayback captures.); Qingru Li (Head of Private Equity Asia, Allianz Capital Partners, based in Singapore. SEAT STATUS UNCONFIRMED: her quote appears on Allianz's own private equity page in every Wayback capture from May 2022 to 13 November 2025 and is absent from the 14 December 2025 capture onwards. She was the first of the four named private equity leaders to be removed. I could not confirm a departure from any named and dated source.); Carsten Quitter (Chief Investment Officer, Allianz Group. SEAT STATUS UNCONFIRMED, quoted in the November 2021 release and not re-verified against a 2026 source.)",https://www.allianzcapitalpartners.com/en/our-business/private-equity,"Read the Allianz Group SFCR 2025 in full (9.1MB PDF, published 18 May 2026; extracted and grepped for internal model, standard formula, capitalization ratio, equity risk, unlisted, private equity, alternative investments, symmetric adjustment, type 2). Read the live Allianz Capital Partners private equity page and its leadership team page. Pulled and parsed thirteen Wayback captures of allianzcapitalpartners.com/en/our-business/private-equity from 18 May 2022 to 7 June 2026 and tracked the named-people block capture by capture. Read the Allianz 2021 '25 years of Private Equity' release, the AVCJ LP interview with Allianz Capital Partners of 11 August 2021, the IPE people-moves piece of 10 April 2025, the Intenture Lindauer piece of 8 May 2026, the private-banking-magazin piece on AllianzGI job cuts of 27 March 2025, and the PEI institution profile stub. COULD not REACH: the body of the PEI article of 20 November 2025, on the live site or on either Wayback capture (2 and 5 December 2025), both of which are paywalled at the same teaser sentence; archive.today rate-limited (HTTP 429). COULD not REACH: the Allianz Group Annual Report 2025 PDF, which is over the 10MB a direct fetch limit and returns HTTP 403 to a direct fetch behind Akamai, so I could not cross-check the alternatives allocation against the balance sheet. not found: any named Asian private equity fund committed to by Allianz. Allianz publishes no fund list. not found: any second outlet carrying the EUR 500m figure.",4
"BASF Pensionskasse VVaG (with BASF Pensionstreuhand e.V., the group CTA)",Germany,"Ludwigshafen am Rhein (Carl-Bosch-Strasse 38, 67056)","Corporate pension in two pots. A BaFin-supervised Pensionskasse in the legal form of a Versicherungsverein auf Gegenseitigkeit carries the basic benefit level. A Contractual Trust Arrangement, BASF Pensionstreuhand e.V., carries the promises above that level. There is no BASF Pensionsfonds.",none,"unclear, leaning yes on capacity and no on the vehicle as Pavilion currently offers it. Capacity: a EUR 1.6bn private equity book across 37 funds with EUR 214.3m of live undrawn commitments can absorb US$50m, which is about 3 percent of that book. Structure: the Pensionskasse says in its own words that 'Die qualitativen und quantitativen Vorgaben der Anlageverordnung fuer Pensionskassen, Sterbekassen und kleine Versicherungsunternehmen stellen diesbezueglich den regulatorischen Rahmen dar', so AnlV § 2 Abs. 1 Nr. 13 Buchstabe b applies and a Singapore-law or Cayman-law closed-ended fund managed from Singapore cannot enter its Sicherungsvermoegen at all. Only a Luxembourg or Irish parallel vehicle with an EEA manager works, and BASF already runs exactly that plumbing, since every private equity position it holds is subscribed by BAA, SICAV in Luxembourg. Quota: AnlV § 3 Abs. 3 caps the unlisted share at 15 percent of the Sicherungsvermoegen, EUR 1,551m against EUR 10,340.8m, and the BAA holding is EUR 1,089.2m at book, so nominal headroom is about EUR 460m before infrastructure equity held inside the two mixed Dachfonds is deducted. The Pensionskasse noted with approval that on 7 February 2025 the risk-capital quota rose from 35 to 40 percent and a separate 5 percent infrastructure quota arrived. The second pot, BASF Pensionstreuhand e.V., is a CTA, is not AnlV-bound and could take an offshore vehicle directly, but it publishes nothing and its governance is invisible from outside. Fit: BASF's private equity is already predominantly funds-of-funds, so a pan-Asia fund-of-funds competes with the global funds-of-funds it owns rather than filling a gap, and the manager list inside BAA is undisclosed so the overlap cannot be tested.","Pooled internally through one Luxembourg vehicle. BAA, SICAV was founded in 2007 and is 96.8 percent owned by the Pensionskasse; its stated purpose in the Luxembourg register is 'particularly the worldwide participation in Private Equity and Mezzanine Funds'. Liquid assets run through eight Universal Investment Spezialfonds under a tripartite Dreiervereinbarung of unlimited term: two gemischte Dachfonds at EUR 5,137.7m, one Rentenfonds at EUR 2,392.7m and five Immobilienfonds at EUR 751.6m. Private equity bypasses the KVG entirely. The subscription document for a fund is signed by the Verwaltungsrat of BAA in Luxembourg rather than by the Pensionskasse, which is an inference from the structure and not a BASF statement.","private equity is EUR 1,604.6m of net assets inside BAA, SICAV at its 30 September 2025 year end, invested across 37 private equity funds described as 'vorwiegend Dachfonds'. The Pensionskasse carries the holding at EUR 1,089.2m book and EUR 1,484.8m fair value at 31 December 2025, about 12.2 percent of Kapitalanlagen at fair value. Undrawn commitments were EUR 214.3m at 31 December 2025 against EUR 239.3m a year earlier, and capital calls ran EUR 25.0m in 2025 and EUR 68.2m in 2024. https://www.basf.com/dam/jcr:e9d6451c-d04c-4d56-9707-608eabb3eb0c/basf/www/global/de/documents/Ludwigshafen/working-at-the-site/pensionskasse/BASF-Pensionskasse-VVaG_Gesch-ftsbericht-2025.pdf read 2026-09-19. At group level, Alternative Investments inside the IAS 19 plan assets are EUR 5,573m of EUR 20,290m, 27.5 percent, defined as 'Anlagen in Private- und Infrastructure-Equity, Absolute-Return-Fonds und besicherte Unternehmensdarlehen'. https://bericht.basf.com/2025/de/konzernabschluss/anhang/rueckstellungen-fuer-pensionen.html read 2026-09-19","not disclosed. Inferred band EUR 20m to EUR 50m per fund, low to moderate confidence. The basis is four numbers from the accounts: the fund count moved from 36 to 37 in 2025, so roughly one new fund a year; programme-wide capital calls were EUR 25.0m in 2025 and EUR 68.2m in 2024; undrawn commitments stand at EUR 214.3m; and EUR 1,604.6m of NAV across 37 funds averages about EUR 43m each. A single US$50m ticket would sit at the top of that band and would be an outsized first commitment to a new manager.",,"The four-member Vorstand of BASF Pensionskasse VVaG runs the business under Satzung § 27 Abs. 2. Strategic asset allocation needs Aufsichtsrat consent: § 27 Abs. 3 Nr. 2 lists 'Aufstellung von Grundsaetzen fuer Vermoegensanlagen' among the decisions requiring it. The eight-member Aufsichtsrat is chaired by Dr. Lars Reichmann, with four members nominated by BASF SE and four elected by the Vertreterversammlung. Any written declaration of the Vorstand needs two signatures under § 27 Abs. 1. The Vorstand adopted the strategic asset allocations for Tarif 1 and Tarif 2 / Tarif 2021 in the second half of 2023 on the basis of asset-liability studies, and a 2025 review left them unchanged.","Vorstand at least once per calendar quarter (Satzung § 26 Abs. 2). Aufsichtsrat at least once per calendar half-year (Satzung § 24 Abs. 4). Investment policy reviewed at least annually, asset-liability studies refreshed roughly every three years. Annual Anlageausschuesse are held with the asset managers. The 2025 accounts were signed on 28 April 2026.","Universal-Investment-Gesellschaft mbH as KVG for the liquid and property Spezialfonds, BAA, SICAV as the private equity pooling vehicle, BASF Treuhand GmbH & Co. KG as the in-house asset manager. External asset-liability advisers are referred to only as 'externe Berater' and are never named. No private markets gatekeeper is named anywhere. Mercer Deutschland and Willis Towers Watson both appear near BASF in the record without being evidenced as investment advisers: Herwig Kinzler of Mercer sat on the portfolio institutionell awards jury that gave BASF a prize in 2019, and Willis Towers Watson supplies the RATE:Link discount-rate methodology for the group's IAS 19 measurement.","Beate Petry (Vorsitzende des Vorstands, BASF Pensionskasse VVaG, from 1 January 2025, succeeding Patrick Huber. Head of Global Pensions and Benefits at BASF SE. Took the chair of the aba, the German occupational pensions association, in May 2025.); Michael Woelfel (Mitglied des Vorstands, BASF Pensionskasse VVaG, from 26 February 2025. Head of Asset Management German Plans at BASF Treuhand GmbH & Co. KG. This is the investment seat and the first call for a fund pitch.); Ralph Wortmann (Mitglied des Vorstands, BASF Pensionskasse VVaG. Head of Global Pension Risk Management, BASF SE.); Esther Gottwein (Mitglied des Vorstands, BASF Pensionskasse VVaG. Key Specialist Legal Affairs Pensions, BASF SE. Two of the four Vorstand members must sign any commitment document.); Klaus Morgenstern (Vice President Asset Management, BASF SE. Left the Pensionskasse Vorstand on 25 February 2025 and joined its Aufsichtsrat the next day, so the investment history moved from the executive seat to the supervisory one.); Dr. Lars Reichmann (Vorsitzender des Aufsichtsrats, BASF Pensionskasse VVaG. Vice President Corporate Human Resources Compensation, Benefits and Mobility, BASF SE. Deputy chair Silke Burger, Betriebsratsmitglied.); Gerhard Klugger (Treuhaender for the Sicherungsvermoegen of BASF Pensionskasse VVaG, deputy Friedrich Bollmann from 1 January 2025. Dr. Volker Meusers is Verantwortlicher Aktuar.)",https://www.basf.com/dam/jcr:881beeb0-0233-49ec-b6a7-47178deb602e/basf/www/global/de/documents/Ludwigshafen/working-at-the-site/pensionskasse/Satzung-Stand-01.07.2026.pdf,"Read in full: BASF Pensionskasse VVaG Geschaeftsbericht 2025, all 60 pages (https://www.basf.com/dam/jcr:e9d6451c-d04c-4d56-9707-608eabb3eb0c/basf/www/global/de/documents/Ludwigshafen/working-at-the-site/pensionskasse/BASF-Pensionskasse-VVaG_Gesch-ftsbericht-2025.pdf); Geschaeftsbericht 2024 via the Wayback Machine; the Satzung Stand 1 July 2026 (https://www.basf.com/dam/jcr:881beeb0-0233-49ec-b6a7-47178deb602e/basf/www/global/de/documents/Ludwigshafen/working-at-the-site/pensionskasse/Satzung-Stand-01.07.2026.pdf); the Erklaerung zu den Grundsaetzen der Anlagepolitik gemaess § 234i VAG, Stand April 2026 (https://www.basf.com/dam/jcr:5cc14caf-08d4-4615-a5a7-076571d41223/basf/www/global/de/documents/Ludwigshafen/working-at-the-site/pensionskasse/2026-04_Erklaerung-der-BASF-Pensionskasse-VVaG.pdf); the Offenlegungspflichten gemaess § 134c AktG, Stand Dezember 2024 and Stand Februar 2023, both via the Wayback Machine (https://web.archive.org/web/20250303214549id_/https://www.basf.com/dam/jcr:dd6863eb-9e3a-453d-b88f-adadd5531235/basf/www/global/de/documents/Ludwigshafen/working-at-the-site/pensionskasse/12-2024-Pensionskasse/Offenlegungspflichten_Paragraph134c_AktG.pdf); the BASF Report 2025 pension note in English (https://report.basf.com/2025/en/financial-statements/notes/provisions-for-pensions.html) and German (https://bericht.basf.com/2025/de/konzernabschluss/anhang/rueckstellungen-fuer-pensionen.html), plus the 2021 and 2023 notes for the alternatives time series; the BaFin Unternehmensdatenbank search and the detail page for Reg-Nr 2114 (https://portal.mvp.bafin.de/database/InstInfo/institutDetails.do?cmd=loadInstitutAction&institutId=2114); GLEIF API records for the Pensionskasse, the Pensionstreuhand, BASF Treuhand GmbH & Co. KG and BAA; northdata pages for BAA (RCS B130825) and BASF Treuhand (AG Mannheim HRA 707126); and portfolio-institutionell articles on the Petry appointment, the 2019 award and the 2026 DAX plan-assets survey. The Wayback CDX API was used to enumerate every Pensionskasse document ever published on basf.com. COULD not ESTABLISH: the names of the 37 private equity funds inside BAA, SICAV, which are disclosed nowhere and would sit in BAA's Luxembourg annual accounts behind a paid LBR session (RESA.lu is a parked domain and the CSSF entity search is a JavaScript application behind a 302); the size and asset allocation of BASF Pensionstreuhand e.V., which files nothing, and which cannot be derived by subtracting the Pensionskasse from the EUR 14,622m of German plan assets because the group recognises only its own share of the Pensionskasse as a multi-employer plan; whether BASF's AnlV look-through books the BAA participation under § 2 Abs. 1 Nr. 12 or Nr. 13, and therefore the exact remaining 15 percent headroom; and the 2025 versions of the § 134c AktG and SFDR disclosures, whose live links on the Pensionskasse page carry an empty href with display:none and were never captured by the Wayback Machine, so December 2024 is the newest readable version. The Bundesanzeiger was not usable, as this screen warned, though nothing was lost because the Pensionskasse publishes its Jahresabschluss in full on basf.com. No search engine was usable in this session; every finding came from constructed URLs, sitemaps, the BASF content-delivery API and the Wayback CDX API.",2
Bayerische Versorgungskammer (BVK),Germany,Munich,Public-law pension group (12 occupational and municipal Versorgungseinrichtungen),none,"yes - US$50m is the bottom of BVK's stated per-fund range and it already writes separate accounts far larger; the binding constraint is manager access, not ticket capacity.","commits in its own name - BVK is the signing LP. It runs an explicit two-track model: it underwrites large and mega single funds in Europe, the USA and Asia itself, and delegates the small and mid-market sleeve to third-party multi-managers. Pantheon has now been awarded NINE BVK private equity mandates. no - BVK runs an explicit two-track model and delegates whole sleeves to third-party multi-managers; it has renewed a fund-of-funds partner nine times. Not an in-house-first house for the small/mid market. https://www.pantheon.com/news/pantheon-awarded-ninth-private-equity-mandate-by-bayerische-versorgungkammer-bvk/","~EUR 12bn private equity (top1000funds profile, as-of 2023-12) out of a total capital-investment volume of ~EUR 122.0bn at 31 December 2025 (BVK Jahresbericht 2025, published 2026-07, p.46). The 2025 annual report does not print a private-equity percentage in extractable text - the Ist-/Ziel-allocation comparison is a graphic only.",US$50m-US$200m per fund (top1000funds profile; carried verbatim from the client seed row). Alternatives Watch 2024-08 repeats: 'BVK typically commits between $50 million and $200 million per fund.',,"Manager selection sits with the executive line, not with the lay board. BVK Jahresbericht 2025 (published 2026-07) organigram: Mitglied des Vorstands Andre Heimrich > Bereich Kapitalanlagen Wertpapiermanagement (Anselm Wagner) > Abteilung Beteiligungen, Aktien und Alternative Investments (Hendrik Kott). Each of the 12 Versorgungseinrichtungen has a lay Verwaltungsrat (or Landesausschuss / Vertreterversammlung) which the report says decides 'ueber die Richtlinien der Versorgungspolitik, die Satzung und die Entlastung der Geschaeftsfuehrung' - policy, statutes and discharge, not individual fund selection.","Strategic asset allocation (SAA) is revised on a three-year cycle and was updated in 2025: 'Im Rahmen des Dreijahreszyklus wurde die SAA 2025 aktualisiert.' The SAA process runs through five working groups spanning Kapitalanlagen-Controlling, Mathematik and the relevant Fachbereiche. Fund-level commitment cadence is not published.","THREE named routes. (1) PANTHEON is the long-run private-equity fund-of-funds / separate-account gatekeeper - nine mandates since 2007, ninth awarded July 2024. (2) ACCESS CAPITAL PARTNERS holds the European small-cap buyout mandate, 5th consecutive as of Sep 2023. (3) UI BVK KVG, a dedicated Kapitalverwaltungsgesellschaft that Universal Investment founded for BVK in 2022, administers the Spezialfonds: 'UI BVK KVG' will hold EUR 75bn directly and EUR 150bn indirectly through Master- and Zielfonds, while 'Die Fonds der BVK werden weiterhin von externen Asset Managern gesteuert.' BVK Vorstandsmitglied Andre Heimrich was designated to its supervisory board and Universal Investment Geschaeftsfuehrer Stefan Rockel to lead it.","Hendrik Kott (Leiter, Abteilung Beteiligungen, Aktien und Alternative Investments (organigram entry 9.1) - THIS IS THE PRIVATE-EQUITY SEAT); Hendrik Kott (Head of Equity and Alternative Investments at BVK (English rendering, quoted in the Pantheon mandate release)); Anselm Wagner (Bereichsleiter, Bereich Kapitalanlagen Wertpapiermanagement (organigram entry 9) - Kott's superior); Andre Heimrich (Mitglied des Vorstands, responsible for Kapitalanlagen (Immobilienmanagement and Wertpapiermanagement both report to him in the organigram) - the CIO seat); Axel Uttenreuther (Vorsitzender des Vorstands (CEO)); Andreas Steimel (Bereichsleiter, Kapitalanlagen Immobilienmanagement - appointed 'fuer eine Uebergangszeit' with effect from 1 February 2026 after the US real-estate losses (real estate, not PE; included because it shows live turmoil in the Kapitalanlagen line))",https://www.versorgungskammer.de/Portals/1/Media/Dokumente/Mediathek/Der%20Jahresbericht/BVK_2025_Jahresbericht_DE_BF.pdf | https://www.private-banking-magazin.de/universal-investment-gruendet-kvg-fuer-die-bayerische-versorgungskammer-1/ | https://www.pantheon.com/news/pantheon-awarded-ninth-private-equity-mandate-by-bayerische-versorgungkammer-bvk/,"Downloaded and text-extracted the full BVK Jahresbericht 2025 (5.3MB PDF, versorgungskammer.de, PDF revision stamp 2026-07-13, (C) 2026) with pdftotext -layout; read the Kapitalanlage chapter, the strategic-asset-allocation chapter, the governance description and the complete organigram in the Impressum. The Ist-/Ziel-allocation chart is an image, so no per-asset-class PE percentage could be extracted and no Asia line item exists in the report text - grep for 'Asien'/'Asia' in the whole report returned nothing. Fetched the Pantheon mandate release in full, the Access Capital Partners media centre, and the private-banking-magazin piece on UI BVK KVG. top1000funds.com returned HTTP 403 to direct fetch, so its wording is carried from the client seed row plus a search-engine extract of the same page. Searched explicitly for BVK against Axiom Asia, Asia Alternatives, Pantheon Asia and LGT Crown Asia - NOTHING returned. Did not reach: Private Equity International's institution profile (paywalled), Bundesanzeiger filings, SEC Form ADV Schedule D.",3
Bosch Pensionsfonds AG (with the wider Robert Bosch GmbH German pension assets),Germany,"Stuttgart (Heidehofstr. 31, 70184 Stuttgart). Robert Bosch GmbH sits at Robert-Bosch-Platz 1, 70839 Gerlingen-Schillerhoehe.","Corporate Pensionsfonds (IORP) of a private industrial group, 100 percent owned by Robert Bosch GmbH, plus unregulated pension cover assets carried on the Robert Bosch GmbH balance sheet. No Bosch Pensionskasse and no German CTA were found.",none,"yes on capacity and yes on regulation, unproven on appetite. Capacity: the Sicherungsvermoegen is EUR 8.33bn at 31 December 2025 and the private markets sleeve is already EUR 1.45bn, so US$50m is about 0.5 percent of assets and about 3 percent of the existing alternatives book. Regulation: Bosch Pensionsfonds AG is governed by PFAV Kapitel 4 and § 124 Abs. 1 VAG, not by the Anlageverordnung, because no Bosch pot is a Pensionskasse. That does not help as much as the label suggests. PFAV § 17 Abs. 1 Nr. 13 Buchstabe b repeats the AnlV EEA and full-OECD double test word for word, so a Singapore-law or Cayman-law closed-ended fund managed from Singapore fails the catalogue test under PFAV exactly as it does under the AnlV. The escape route is PFAV § 17 Abs. 2, an Oeffnungsklausel for assets that are not in or do not meet Absatz 1, capped by § 18 Abs. 1 Satz 2 at 10 percent of the Sicherungsvermoegen, about EUR 833m of theoretical headroom, with PFAV § 16 Abs. 3 adding a heightened legal-risk diligence duty rather than a ban. That clause is materially wider than the AnlV § 2 Abs. 2 Oeffnungsklausel, which starts at 5 percent and needs supervisory approval to reach 10 percent. Cleanest of all, Bosch already routes every private markets position through a Luxembourg SCS SICAV-FIS, so a Luxembourg feeder subscribed by that vehicle removes the question entirely. Appetite is where the case is weak. Bosch discloses no Asia private equity position, no Asia manager and no fund-of-funds relationship, and its only published Asia number is a 12 percent Asia-Pacific slice of listed German plan-asset equity that has drifted down from 15 percent in 2017. One hard screen applies: Bosch mandates 'grundsaetzlich nur Vermoegensverwalter... die sich den Grundsaetzen fuer Verantwortungsvolles Investieren der Vereinten Nationen verpflichtet haben', so Pavilion Seviora must be a UN PRI signatory. This check did not verify Pavilion's PRI status.","Not pooled with any other asset owner. Bosch pools internally instead. Every liquid position runs through four Universal Investment Deutschland Spezialfonds and every private markets position through one Universal Investment Luxemburg SCS SICAV-FIS. The Robert Bosch GmbH internal cover assets are a separate, unregulated pot managed by group treasury, and in 2014 treasury said the same manager is used for the internal pool and the Pensionsfonds to win pricing advantages from scale. The commercial counterparty for a fund subscription would in practice be Universal Investment Luxemburg acting for BAV RBI Alternatives Lux S.C.S., SICAV-FIS on a mandate from the Vorstand, which is an inference from the structure rather than a Bosch statement.","EUR 1,451,932,017 at 31 December 2025 sits in BAV RBI Alternatives Lux S.C.S., SICAV-FIS, 17.4 percent of the Sicherungsvermoegen. It is the only holding in the Vermoegensverzeichnis marked 'taegl. Rueckgabe moeglich: nein'. A second, liquid alternatives Spezialfonds, UI-Fonds BAV RBI Alternatives, holds EUR 235,953,172. Combined alternatives are EUR 1,687,885,189, 20.3 percent of the Sicherungsvermoegen of EUR 8,331,831,227.07. https://www.boschvorsorgeplan.de/portal/documents/4820902/8875530/Geschaeftsbericht_BPF_2025/21cedb12-d17b-42a1-8dd3-d46df7a29022 read 2026-09-19. The split of the Luxembourg vehicle between private equity, private debt, infrastructure and real estate is not disclosed, and uncalled commitments sit inside that vehicle rather than on the Pensionsfonds balance sheet.","not disclosed. No Bosch document gives a commitment size to any single fund, because every underlying commitment sits one layer down inside BAV RBI Alternatives Lux S.C.S., SICAV-FIS. Inference only, low confidence: a EUR 1.45bn private markets sleeve run by a small in-house team would ordinarily carry EUR 25m to EUR 100m per fund, which would make a US$50m commitment unremarkable. That band comes from the sleeve size alone and from no Bosch source.",,"The Vorstand of Bosch Pensionsfonds AG sets investment strategy. 'Die Festlegung der Anlagestrategien erfolgt durch den Vorstand der BPF AG. Er wird dabei von Fachdienstleistern und einem Anlageausschuss beraten.' Operational investment functions are outsourced: 'Die operativen Kapitalanlagefunktionen sind im Rahmen von Funktionsausgliederungs- bzw. Dienstleistungsvertraegen im Wesentlichen an spezialisierte Fachdienstleister ausgelagert.' The Aufsichtsrat is parity-staffed by employer and employee representatives. Hans Ruebel is Treuhaender for the Sicherungsvermoegen with Wolfgang Engel as deputy, certifying under § 128 Abs. 5 VAG that the assets meet statutory and supervisory requirements.","The Anlageausschuss meets half-yearly and reviews strategy at least then, 'spaetestens in den halbjaehrlich stattfindenden Anlageausschusssitzungen ueber eine Pruefung der Anlagestrategien beraten'. The Vorstand meets monthly. The 2026 Grundsaetze der Anlagepolitik were approved by the Vorstand on 20 March 2026. The accounts were signed in Stuttgart on 28 April 2026 and the trustee certificate in Esslingen on 27 April 2026.","Aon Deutschland for global occupational pensions since 2012, extended long term in February 2024. Willis Towers Watson for bAV administration and the Pensionsfonds Geschaeftsstelle since 2006. Universal Investment Deutschland and Universal Investment Luxemburg are the only two Vermoegensverwalter Bosch names. No private markets gatekeeper appears anywhere: Golding, YIELCO, Alpha Portfolio Advisors, Astorius, Pantheon and Allianz GI Alternatives all return nothing.","Dirk Jargstorff (Vorsitzender des Vorstands, Bosch Pensionsfonds AG. Holds the Geschaeftsstelle, administration, communication, legal, tax, data protection, information security, risk management, independent risk control, the actuarial function and internal audit. Separately described in February 2024 as the person who 'verantwortet bei Bosch den Bereich Pensions & Related Benefits'.); Christian Zeidler (Vorstand Finanzen, Bosch Pensionsfonds AG. Holds Kapitalanlage, meaning steering of financial service providers and mandates, front and back office and investment controlling. This is the investment seat and the first call for a fund pitch.); Nina Litobarski (Vorsitzende des Aufsichtsrats, Bosch Pensionsfonds AG (Juristin). Deputies Henri Catenos and Kerstin Mai.); Hans Ruebel (Treuhaender fuer das Sicherungsvermoegen, Esslingen. Signed the Vermoegensverzeichnis certificate under § 128 Abs. 5 VAG on 27 April 2026. In 2014 he headed Robert Bosch group treasury and was responsible for both the internal pension assets and the Pensionsfonds, which is why he is the one name linking the two pots.); Janis Herppich (Verantwortlicher Aktuar, Bosch Pensionsfonds AG, Reutlingen, since 1 July 2025, succeeding Tim Voetmann who resigned the mandate with effect from 30 June 2025.); Dr. Rafael Kroenung (CEO Wealth Solutions, Aon Deutschland. Counterparty on the Bosch consulting relationship, not a Bosch employee.); Melanie Loriz (Director Pensions, Communication Steering, Bosch Pensionsfonds AG. Press contact.)",https://www.boschvorsorgeplan.de/portal/documents/4820902/8735609/Bosch_Pensionsfonds_Grundsaetze_Anlagepolitik_2026/23375959-de49-424d-9c8e-df1e551f8d77,"Read in full: Bosch Group Annual Report 2025 including note 26 on pension provisions, tables T49 to T57, note 33 on related parties and the complete list of consolidated companies (https://assets.bosch.com/media/global/bosch_group/our_figures/pdf/bosch-annual-report-2025.pdf); archived Bosch Group Annual Reports 2018, 2021 and 2024 via the Wayback Machine for the plan-asset component time series; the 28-page Geschaeftsbericht Bosch Pensionsfonds 2025 including the complete Vermoegensverzeichnis by Sicherungsvermoegen, the Anteile an Investmentvermoegen table, the board lists and the trustee certificate (https://www.boschvorsorgeplan.de/portal/documents/4820902/8875530/Geschaeftsbericht_BPF_2025/21cedb12-d17b-42a1-8dd3-d46df7a29022); the Erklaerung zu den Grundsaetzen der Anlagepolitik gemaess § 239 Abs. 2 VAG, Stand April 2026 (https://www.boschvorsorgeplan.de/portal/documents/4820902/8735609/Bosch_Pensionsfonds_Grundsaetze_Anlagepolitik_2026/23375959-de49-424d-9c8e-df1e551f8d77); the Mitwirkungspolitik 2026 gemaess §§ 134b, 134c AktG (https://www.boschvorsorgeplan.de/portal/documents/4820902/8735562/20263103_Bosch_BPF_Mitwirkungspolitik_2026/191dce9d-2440-4704-9e21-8105ae24337b); the Nachhaltigkeitsbezogene Offenlegung, Stand April 2025; BVP Basisinformationen 2026 and BVP Factsheet 2026, both dated 13 August 2026; the portal pages bpf-uebersicht, bpf-kapitalanlage, bpf-fakten and presse; PFAV §§ 16, 17, 18, 19 and 20 in full at gesetze-im-internet.de, which I re-read myself and confirmed independently; and seven portfolio-institutionell.de articles including the Aon renewal of 19 February 2024, the two 2023 alternatives job advertisements and the September 2014 treasury interview. Not found after a targeted sweep: any named Asia private equity fund, GP or co-investment vehicle (BPEA EQT, Baring Private Equity Asia, PAG, Hillhouse, MBK, Affinity, CVC Asia, KKR Asian Fund, TPG Asia, Carlyle Asia, Blackstone Asia, Navis, Quadria, Everstone, ChrysCapital, Kedaara, Peak XV, Warburg Pincus China, Bain Capital Asia); any fund-of-funds or gatekeeper (Pantheon, Adams Street, HarbourVest, LGT Capital Partners, Axiom Asia, Asia Alternatives, AlpInvest, StepStone, Hamilton Lane, Portfolio Advisors, Unigestion, Schroders Capital, Adveq, Golding, Partners Group, YIELCO, Alpha Portfolio Advisors, Astorius, Allianz GI Alternatives, Faros, FERI, Mercer, WTW Investments); and any Bosch Pensionskasse, Bosch Pensionsverwaltung GmbH, Bosch Pensionstreuhand e.V. or German CTA. COULD not REACH: the Bundesanzeiger full-text search, which serves only a JavaScript notice to scripted requests; unternehmensregister.de, which needs a browser session; the Luxembourg Business Registers and the CSSF fund lists, which returned HTTP 429 and 404, so the constitution and the underlying holdings of BAV RBI Alternatives Lux S.C.S., SICAV-FIS are unknown; and every BaFin database path, which returned HTTP 404, so the BaFin licence of Bosch Pensionsfonds AG rests on the company's own statement and on its participation in the 2025 EIOPA IORP stress test. General web search was unavailable for the whole session, so everything above came from constructed URLs, sitemaps, the Wayback CDX API and site-level search on portfolio-institutionell.de.",2
"Debeka-Gruppe (Debeka Lebensversicherungsverein a. G., Debeka Krankenversicherungsverein a. G., Debeka Allgemeine Versicherung AG, Debeka Pensionskasse AG)",Germany,Koblenz,Mutual insurance group. The two largest companies are Versicherungsvereine auf Gegenseitigkeit with no shareholders. Civil-service and public-sector customer base.,none,"unclear - the balance sheet is large enough at EUR 127bn, and the equity stress does nothing to the solvency ratio, so capacity is not the obstacle. The obstacle is allocation. The whole evidenced alternatives book is EUR 325m, so a US$50m commitment would be an unusually large single position for this investor. Debeka would have to decide to build a private-equity programme rather than add to one.","commits in its own name, and manages almost everything itself. 'Der weit ueberwiegende Teil der Kapitalanlagen wird unmittelbar von der Debeka Pensionskasse auf der eigenen Bilanz verwaltet. Nur bei Investitionen in Investmentvermoegen wird das Kapitalanlagemanagement im Rahmen der jeweiligen Fonds- bzw. Gesellschaftsstruktur auf eine externe Kapitalverwaltungsgesellschaft oder einen anderweitigen externen Dienstleister uebertragen.' Debeka Pensionskasse AG, Erklaerung ueber die Grundsaetze der Anlagepolitik, read 2026-09-19. A fund commitment is therefore one of the few routes where an external manager is used at all.","No private equity programme is evidenced. What exists is a small alternatives book. Debeka Lebensversicherung holds Alternative Investments of EUR 324,999,365.14 at book value and EUR 298,673,037.57 at fair value, with distributions of EUR 6,749,595.52 in the year, against Rentenfondsanteile of EUR 8,983,274,390.62 and Immobilienfondsanteile of EUR 801,533,092.31. Debeka Lebensversicherungsverein a. G. Geschaeftsbericht 2025, note under section 285 no. 26 HGB, read 2026-09-19. F: total investments were EUR 127,155.3m for the Debeka-Unternehmensgruppe and EUR 118,777.1m for the Versicherungsgruppe at 31 December 2025. Same report. I: the alternatives book is roughly 0.3% of the group investment total. That is the smallest private-asset allocation of the five German insurers by a wide margin. F: the alternatives holding is carried at an unrealised loss, with fair value EUR 26.3m below book value.","not DISCLOSED, and no Debeka document names a fund, a manager or a commitment size. I: an entire alternatives book of EUR 325m at the life carrier cannot support a US$50m single-fund commitment without that one fund becoming roughly 15% of the whole allocation. Inference from the EUR 325m figure alone. If Debeka writes fund tickets at all they are likely in the low tens of millions of euros.",,The board approves the investment policy and a quarterly tactical allocation sits underneath it. 'Die vom Vorstand verabschiedete Anlagepolitik der Debeka Pensionskasse setzt sich zusammen aus der Teilstrategie Finanzen sowie der unter Beruecksichtigung der Ergebnisse und Empfehlungen des Aktiv-Passiv-Managements erlassenen Strategischen Asset Allokation. Aus der Anlagepolitik abgeleitete Vorgaben fuer das operative Kapitalanlagemanagement werden ueber die Taktische Asset Allokation etabliert.' THE GATE THAT MATTERS FOR A new MANAGER is THE NEUE-PRODUKTE-PROZESS: 'Jede neuartige oder nicht alltaegliche Kapitalanlage wird vor Erwerb im Rahmen eines eigens dafuer implementierten Prozesses (Neue-Produkte-Prozess) begutachtet und einer Analyse der speziell mit dieser Kapitalanlage sowie der zugehoerigen Anlageklasse verbundenen Risiken sowie deren Auswirkungen auf den Kapitalanlagebestand unterzogen.' A pan-Asia fund-of-funds would be a new product for Debeka and would go through that process before any commitment.,"The tactical allocation is reviewed quarterly and ad hoc. 'welche quartalsweise und bei Bedarf ad hoc' angepasst. Debeka Pensionskasse AG Anlagepolitik, read 2026-09-19. No commitment-approval cadence is published.","None found. No Master-KVG, no private-markets gatekeeper and no investment consultant is named in any Debeka document checked. Grepped specifically for Universal-Investment, HANSAINVEST, IntReal, Golding, YIELCO, Alpha Portfolio Advisors and Kapitalverwaltungsgesellschaft across the life annual report and the Pensionskasse investment policy, with zero relevant hits. Debeka runs its investments in-house through a Risikomanagement der Kapitalanlagen department.",,https://www.debeka.de/unternehmen/zahlen_fakten/berichte/,"Downloaded and extracted with pdftotext: the Debeka-Gruppe SFCR 2025 (14.7MB), the Debeka Lebensversicherung, Debeka Krankenversicherung and Debeka Allgemeine Versicherung solo SFCRs 2025, the Debeka Lebensversicherungsverein a. G. Geschaeftsbericht 2025 (6.9MB, 1.28MB of text), the Debeka Krankenversicherung and Debeka Allgemeine Versicherung annual reports 2025, the Debeka Pensionskasse AG Geschaeftsbericht 2025, the Debeka Pensionskasse AG Erklaerung ueber die Grundsaetze der Anlagepolitik, the Debeka ZVK Anlagepolitik and the FKAG governance report. Also pulled the Anlageverordnung text. Grepped every one of them for Asien, Asia, Private Equity, Dachfonds, fund of funds, Beteiligungen, Alternative Investments and all 22 Asian GP names and 16 fund-of-funds platform names in the screen list. RESULT: zero hits for Asia, zero hits for private equity, zero hits for every manager name. not found: any named person in an investment, alternatives or private-markets seat. Debeka publishes no investment team page and names no such role in its reports. not found: the composition of the EUR 325m Alternative Investments line. Debeka does not break it down by strategy, manager or region. LIMITATION to DECLARE: the trade-press sweep is incomplete. The session's web-search budget was exhausted and the German institutional-investor sites (portfolio-institutionell, institutional-money, private-banking-magazin, fondsprofessionell, dpn, versicherungswirtschaft-heute) were probed by direct a direct fetch rather than by search, so a Debeka private-equity story in the German trade press could exist and be missed here.",2
Ernst Russ AG,Germany,Hamburg,Listed shipping and maritime asset-management company (Scale segment of the Frankfurt exchange). Not a pension fund and not an institutional asset owner.,none,"no - US$50m is about 15 percent of Ernst Russ AG's entire EUR 292.8m consolidated equity and about 40 percent of its EUR 114.3m of cash at 31 December 2025, and the company allocates capital to ships rather than to funds. Its 2025 segments are Shipping, Management Services and Other Services. There is no investment committee, no private-markets programme and no Sicherungsvermoegen. The AnlV does not apply to it, which removes the Singapore-domicile obstacle, and that makes no difference because the balance sheet cannot carry the ticket. https://www.ernst-russ.de/files/uploads/dokumente-download/finanzberichte/2025_Geschaeftsbericht_Ernst%20Russ%20AG_D.pdf","the institution itself would sign, and it has no reason to. Any historic Asia private-equity position attributable to the Ernst Russ name sits in a retail closed-ended fund that the group MANAGED for third-party investors, through the vehicle recorded in its 2016 Anteilsbesitzliste as 'KC Fondsbeteiligungs- und Treuhand GmbH (ehem. Verwaltung Koenig & Cie. International Private Equity III Asia GmbH)'. The capital in such a fund belongs to German retail investors, not to Ernst Russ AG. https://www.ernst-russ.de/files/uploads/dokumente-download/finanzberichte/Ernst%20Russ%20AG%20-%20Gesch%C3%A4ftsbericht%202016.pdf","none today, and the business was sold in 2019. The 2025 Geschaeftsbericht reports three segments, Shipping, Management Services and Other Services, and the words 'Private Equity' appear zero times in it. https://www.ernst-russ.de/files/uploads/dokumente-download/finanzberichte/2025_Geschaeftsbericht_Ernst%20Russ%20AG_D.pdf read 2026-09-19. F: historically the group did run a private-markets fund-of-funds business. The 2016 Geschaeftsbericht states 'In rund zehn Jahren hat die Ernst Russ Gruppe als Manager von Publikumsfonds und Private Placements mehr als 120 Mio. USD an Investitionen in ausgewaehlte Private Equity- und Infrastrukturfonds fuer ihre Investorenbasis getaetigt'. That is USD 120m placed over about ten years FOR CLIENTS, across all private equity and infrastructure. https://www.ernst-russ.de/files/uploads/dokumente-download/finanzberichte/Ernst%20Russ%20AG%20-%20Gesch%C3%A4ftsbericht%202016.pdf F: the exit is dated. The 2019 Geschaeftsbericht attributes the year's change to 'dem Verkauf des Asset- und Fondsmanagements fuer die Private Equity- und Infrastruktur-Fonds'. https://www.ernst-russ.de/files/uploads/dokumente-download/finanzberichte/200429_ER_Geschaeftsbericht_2019_Inhalt_ES.pdf read 2026-09-19","no fund-commitment ticket exists. The group's own balance sheet at 31 December 2025 shows total assets of EUR 370.1m, equity of EUR 292.8m and cash of EUR 114.3m, and the assets are ships. Bilanziertes Schiffsvermoegen was EUR 241.2m of the EUR 370.1m Bilanzsumme. https://www.ernst-russ.de/files/uploads/dokumente-download/finanzberichte/2025_Geschaeftsbericht_Ernst%20Russ%20AG_D.pdf read 2026-09-19",,"Vorstand of Ernst Russ AG, supervised by a four-member Aufsichtsrat. No investment committee and no private-markets committee exists in the 2025 report.","F: the Aufsichtsrat held ordinary meetings on 30 January 2025 and 27 May 2025 plus extraordinary meetings on 11 March, 18 March, 3 September and 27 October 2025, per the Bericht des Aufsichtsrats in the Geschaeftsbericht 2025.",None found. Auditor is Deloitte GmbH Wirtschaftspruefungsgesellschaft.,"Dr. Christopher Eilers (Co-CEO and Chief Financial Officer; joined the Vorstand on 1 August (year stated in the report as the date he strengthened the board)); Joseph Schuchmann (Co-CEO and Chief Commercial Officer); Harald Christ (Vorsitzender des Aufsichtsrats; Geschaeftsfuehrender Gesellschafter der Christ Capital GmbH, Berlin. Re-elected chair at the Aufsichtsrat meeting of 27 May 2025.); Jan Peter Doehle (Stellvertretender Vorsitzender des Aufsichtsrats)",https://www.ernst-russ.de/files/uploads/dokumente-download/finanzberichte/2025_Geschaeftsbericht_Ernst%20Russ%20AG_D.pdf,"Downloaded and text-searched every Ernst Russ AG annual report published on its investor-relations page, all ten years, German and English editions: Geschaeftsbericht 2016, 2017, 2018 (DS and ES), 2019 (DS and ES), 2020 (DS and ES), 2021 (DS and ES), 2022 (DS and ES), 2023 (DS and ES), 2024 (four files) and 2025 (German and English). The string 'Axiom' appears in none of them. The words 'Private Equity' appear 21 times in the 2016 report, 5 times in 2017, 4 times in 2018, once in 2019 (the sentence recording the SALE of the private-equity fund-management business) and zero times in every report from 2020 to 2025. Read the 2016 Anteilsbesitzliste in full and found the Koenig & Cie. International Private Equity III Asia management vehicle there. Read the 2025 Konzernbilanz, the key-figures table, the segment note, the revenue-by-region table, the Bericht des Aufsichtsrats and the Vorstand list. Corroborated the fund vehicle independently in the Hamburg commercial register through Northdata, which gives HRA 101143 for the fund partnership and HRB 98883 for the management and trustee company, both in Liquidation, and shows the fund's last published accounts are for 31.12.2008. COULD NOT REACH: the Bundesanzeiger full-text search, which returns a session error to scripted requests, so I could not read the separate Jahresabschluesse of Koenig & Cie. International Private Equity III Asia GmbH & Co. KG that would name its Zielfonds. That is the single document most likely to confirm or refute the Axiom Asia record, and it needs a human browser session. Also searched portfolio-institutionell.de, the main German institutional trade title, for 'Axiom Asia' and for 'Pavilion Capital' on 2026-09-19. Its site search does not do exact matching and returned only unrelated Asia and private-equity articles, so neither name has a German trade-press record I can reach. Weak negative, not proof.",1
Munich Re Group (Muenchener Rueckversicherungs-Gesellschaft AG) / MEAG MUNICH ERGO AssetManagement GmbH,Germany,Munich,"Reinsurance and primary insurance group general account (Munich Re reinsurance plus the ERGO primary carriers), with assets managed by the captive manager MEAG",none,"yes - MEAG manages around EUR 374bn of total assets at 30 June 2026 (https://www.meag.com/en/inform/verwaltetes-vermoegen.html read 2026-09-19) and the group's alternatives book alone is EUR 19.6bn. A US$50m commitment is immaterial to the balance sheet. The constraint is appetite and the absence of a stated Asia target, not capacity.","its captive asset manager signs - MEAG MUNICH ERGO AssetManagement GmbH. 'MEAG manages the assets of Munich Re and ERGO. We also offer our extensive know-how to institutional investors and private clients from outside the Group.' (https://www.meag.com/index_en.html read 2026-09-19). MEAG buys private equity only through third-party funds: 'Direkte Investments in Private Equity werden nicht verfolgt.' The legal LP would be a Munich Re or ERGO carrier, with MEAG as the selecting and executing manager.","non-fixed-income alternative investments were 14% (13%) of the investment portfolio at 31 December 2025, split 7% (7%) property and 7% (7%) equity securities, with business-related participations a further 2% (2%). Munich Re Group Annual Report 2025, investment portfolio by economic category. F: the balance-sheet line 'Alternative investments' was EUR 19,587m at 31 December 2025 against EUR 18,979m a year earlier, of which EUR 18,989m sits in fair-value Level 3. F: 'Instruments subject to equity risk' were EUR 9,802m (9,307m). F: on the Solvency II balance sheet, unlisted equities were EUR 2,819m against listed equities of EUR 114m, and collective investment undertakings were EUR 64,778m. Munich Re Group SFCR 2025, QRT S.02.01. All figures read 2026-09-19 from the cached extracts of the Group Annual Report 2025 and the Group SFCR 2025. not DISCLOSED: a standalone private equity AUM figure. Munich Re does not publish one.","not DISCLOSED. Neither the Group Annual Report 2025 nor the Group SFCR 2025 nor MEAG's own pages state a commitment size, a fund count or a ticket range. I: an alternatives book of EUR 19.6bn inside a EUR 213bn investment portfolio, bought only through funds and never directly, implies per-fund tickets in the tens of millions of euros at least. That is an order-of-magnitude inference from the alternatives total alone, not an evidenced range, and it should not be quoted as a number.",,"Not published. MEAG does not disclose an investment committee, a cadence or an approval chain for third-party fund commitments. The only relevant structural fact that is public is that alternatives are run as a single unit: 'All areas of Alternative Investments are bundled under one roof at MEAG in Munich.'",Not published.,None found. MEAG is itself the in-house selector. No Master-KVG and no external private-markets gatekeeper appears in any Munich Re or MEAG document checked. MEAG's Hong Kong unit is the Asia access point: 'MEAG's units in New York and Hong Kong and the global footprint of Munich Re gives MEAG access to the international capital markets.',"Antonia Jobke (Chief Investment Officer, Alternative Assets, MEAG, Munich. SOURCE IS A DATABASE PROFILE, NOT A PRIMARY DOCUMENT. She is not named on any MEAG page I could reach, so treat the seat as unconfirmed.); Lara von Holst (Managing Director and Chief Investment Officer, Hong Kong, MEAG. SOURCE IS A DATABASE PROFILE, NOT A PRIMARY DOCUMENT. Unconfirmed against any MEAG page. This is the Asia seat if the record is right.); Lydia Malakis (Head of International Distribution & Institutional Sales, MEAG, Munich. Database profile only, unconfirmed. Note this is a sell-side seat at MEAG's third-party business, not a buy-side seat.)",https://www.meag.com/en/inform/alternative-anlagen.html,"Read the cached text extract of the Munich Re Group Annual Report 2025 (25,026 lines) and grepped it for Asia, Asien, private equity, alternative investments, Beteiligungen, fund of funds, internal model, equity risk and every one of the 22 Asian GP names and 16 fund-of-funds platform names in the screen list. Downloaded and extracted the Munich Re Group SFCR 2025 (227 pages) with pdftotext and read chapters C.2 market risk, E.1 own funds, E.2 SCR/MCR, E.3 duration-based equity sub-module and E.4 internal model versus standard formula, plus QRT S.02.01. Read the cached ERGO Lebensversicherung Geschaeftsbericht 2025 extract (28,214 lines) and grepped the same name list. Read MEAG's private equity page in both German and English, its alternative assets page, its total assets page and its homepage. Read the PEI institution profile for MEAG (paywalled; four of 33 contacts and three of five commitments visible). RESULT: zero hits for every Asian GP and every fund-of-funds platform on the list, in all three primary documents. NOT FOUND: any MEAG management or board page (meag.com/en/inform/management.html returns HTTP 404 and there is no sitemap). NOT FOUND: a private equity AUM figure, a fund count, a ticket size, an investment committee or a cadence. LIMITATION TO DECLARE: the session's web-search budget was exhausted partway through this row and the fallback search endpoints began rate-limiting, so the trade-press sweep for MEAG is thinner than the document sweep.",3
"R+V Versicherung AG group (R+V Lebensversicherung AG, R+V Allgemeine Versicherung AG), the insurer of the German cooperative banking group",Germany,Wiesbaden,Composite insurance group owned by the German cooperative financial network (Genossenschaftliche FinanzGruppe Volksbanken Raiffeisenbanken),none,yes - the investment book is around EUR 130bn and the private-equity vehicles already exist as separate Luxembourg compartments. Capacity is not the constraint. Appetite for an external pan-Asia manager is.,"its own Luxembourg AIFM signs, into dedicated compartments. R+V AIFM S.a r.l. (100%) manages RV AIP S.C.S. SICAV-SIF (100%, Munsbach, Luxembourg), whose compartments include RV TF 3 Primaries (99.3%), RV TF 4 Secondaries (99.3%), RV TF 5 Co-Investments (99.3%) and RV TF 7 Private Equity (99.0%). R+V Konzerngeschaeftsbericht 2025, list of shareholdings, read 2026-09-19. A commitment would be signed by the relevant compartment, with R+V AIFM S.a r.l. as the manager.","Beteiligungskapital is 2% of the R+V Lebensversicherung investment allocation, against 6% Aktien, 8% Immobilien, 17% Realrechtsdarlehen, 16% Staatsanleihen, 14% Pfandbriefe, 12% Unternehmensanleihen and 10% Bankenanleihen. R+V Lebensversicherung Wissenswertes 2026 fact sheet, read 2026-09-19. F: group investments were EUR 101,344m at 31 December 2025 against EUR 99,787m, plus EUR 26,767m of unit-linked assets, EUR 128,111m in total. R+V Konzerngeschaeftsbericht 2025. F: the fact sheet states '420 Mitarbeitende managen fuer die gesamte R+V Gruppe rund 130 Milliarden Euro an Kapitalanlagebestand' and that the book is spread 'weltweit auf 26 Assetklassen'. F: on the Solvency II balance sheet, unlisted equities were EUR 170m and listed equities EUR 82m, holdings in related undertakings including participations were EUR 1,416m, and Investmentfonds were EUR 40,877m of a EUR 89,753m total. R+V Gruppe SFCR 2025. I: 2% of a roughly EUR 130bn book implies a private-equity and participations programme on the order of EUR 2.5bn. That is arithmetic from the published percentage, not a figure R+V states.","not DISCLOSED. No R+V document states a commitment size, a fund count or a ticket range. I: an allocation implied at roughly EUR 2.5bn, run through eight named Luxembourg compartments, is consistent with per-fund commitments in the tens of millions of euros. Inference from the 2% allocation and the compartment structure only.",,"Not published. R+V names no investment committee and no cadence for fund commitments in the Konzerngeschaeftsbericht 2025 or the group SFCR 2025. The structural answer is the compartment stack: primaries, secondaries and co-investments are already separated into their own named vehicles, so a mandate has a defined home before it has a committee.",Not published.,"None found. No Master-KVG and no external private-markets gatekeeper appears in any R+V document checked. R+V runs its own Luxembourg AIFM, which is the opposite of the delegated-gatekeeper pattern common among German Versorgungswerke.",,https://www.ruv.de/unternehmen/investor-relations,"Read the cached text of the R+V Konzerngeschaeftsbericht 2025 in full, including the complete list of shareholdings and Tabelle XVI on the market-risk capital requirement. Downloaded and extracted with pdftotext the R+V Gruppe SFCR 2025 and the R+V Lebensversicherung AG SFCR 2025, and read chapters C.2 market risk, D.1 valuation, E.2 SCR and MCR, E.3 duration-based equity sub-module and E.4 internal model versus standard formula. Read the R+V Lebensversicherung Wissenswertes 2026 fact sheet and the R+V investor-relations pages. Grepped all of them for Asien, Asia, Private Equity, Beteiligungen, Alternative, Fondsanteile, Dachfonds and every GP and platform name in the screen list. RESULT: zero manager-name hits in every document. not found: any named person in a private-equity or alternatives seat at R+V. R+V publishes no alternatives team page and names no such role in its reports. not found: a private-equity AUM figure, a fund count, a ticket size, an investment committee or a cadence. not found: the underlying holdings of the RV TF compartments. The shareholdings list gives each compartment's name and R+V's percentage and nothing about what it owns. LIMITATION to DECLARE: the session's web-search budget was exhausted before the trade-press sweep for R+V, and the fallback search endpoints began rate-limiting, so the press coverage check is thinner than the document check.",2
Siemens Pension Trust / Siemens Fonds Invest GmbH,Germany,"Munich (Otto-Hahn-Ring 6, 81739 Muenchen; HRB 154984 Amtsgericht Muenchen)","Corporate pension assets of Siemens AG, managed through Siemens Fonds Invest GmbH, a BaFin-supervised Kapitalverwaltungsgesellschaft",none,"unclear - unknown, probably at the top of its range - EUR 2bn of cumulative private assets across three strategies and nearly two decades does not support a routine US$50m single-fund ticket. A US$50m commitment would be a large one for this book unless it came from the new pooled third-party platform. Say this plainly to the client: Siemens is the weakest ticket-capacity name in this German group apart from Ernst Russ.","its captive manager signs - Siemens Fonds Invest GmbH is the KVG that selects and signs for the Siemens German pension plans, through its in-house Alternatives Team. yes, for the legacy book - the stated method is 'strict quality selection and systematic diversification' through the in-house Alternatives Team's own 'personal network and long-standing relations to the best fund managers in the US, Europe and APAC regions'. That is direct GP selection, not a bought fund-of-funds. https://www.siemens.com/en-us/products/fonds-invest/alternative-investments/","More than EUR 2bn of private assets built since 2007 for Siemens AG's German pension plans (siemens.com alternative-investments page, read 2026-09-19). Total platform: ~EUR 23bn as of 2025-12-31 per siemens.com (client seed row) versus ~EUR 25bn including EUR 6bn of mutual funds per IPE, 2025-09-18 - a minor unreconciled conflict, both dated 2025. No PE target percentage is published.","Not disclosed. EUR 2bn accumulated over ~18 years across buyout, growth and venture implies a modest average per fund; the client seed row's '~US$55m (est.)' is an estimate with no source behind it and should not be treated as researched.",,"Siemens Fonds Invest GmbH is run by three Geschaeftsfuehrer: Erik Macharzina, Dr. Josef Mehl and Marco Sczesny. Investment authority sits with the Alternatives Team inside SFI, which has 'been an integral part of Siemens Fonds Invest GmbH' since 2019. No Anlageausschuss and no Aufsichtsrat is disclosed on the corporate-information page. Siemens Pension-Trust e.V. holds the pension assets under an Anlagerichtlinie and SFI manages them; the Trust's own governing bodies are not published.",Not published. No committee cadence appears in any Siemens source I reached.,"No external private-equity gatekeeper. The structural intermediaries are ADMINISTRATIVE, not selection: Universal Investment is the sourcing partner for fund administration and front-office across all Publikums- and Spezialfonds (>EUR 18bn, migration completed January 2023; Katja Mueller, Chief Customer Officer, Universal Investment) and Hauck Aufhaeuser Lampe took the Verwahrstellen (depositary) Grossmandat for ~EUR 5.5bn across 14 Publikumsfonds with effect from 1 January 2026 (Dr. Holger Sepp, Vorstandsmitglied Asset Servicing). SFI itself remains the KVG. Manager selection stays in-house.","Erik Macharzina (Geschaeftsfuehrer (Managing Director) of Siemens Fonds Invest GmbH; styled 'CEO & CIO, Siemens Fonds Invest GmbH' in the January 2026 Hauck Aufhaeuser Lampe mandate release and 'Chief Executive Officer and Chief Investment Officer' by IPE); Heiko Thomas Fischer (Head of Pension and Investment Management, Siemens Fonds Invest - quoted on the private-equity expansion: 'We have a team with many years of experience for investing in private equity funds.' NOTE: source is dated 2025-09-18; I could not confirm the seat independently in 2026.); Dr. Josef Mehl (Geschaeftsfuehrer (Managing Director), Siemens Fonds Invest GmbH); Marco Sczesny (Geschaeftsfuehrer (Managing Director), Siemens Fonds Invest GmbH)",https://www.siemens.com/en-us/products/fonds-invest/corporate-information/ | https://www.private-banking-magazin.de/siemens-fonds-invest-erteilt-mandat-an-universal-investment/ | https://www.mein-geld-medien.de/allgemein/hauck-aufhaeuser-lampe-erhaelt-grossmandat-von-siemens-fonds-invest-gmbh-im-geschaeftsbereich-asset-servicing/,"Read in full the Siemens Fonds Invest alternative-investments page, the institutional-investors page and the corporate-information page on siemens.com; the IPE article of 2025-09-18 on the platform opening; the private-banking-magazin report on the Universal Investment mandate (published 2023-04-25); and the mein-geld-medien report on the Hauck Aufhaeuser Lampe depositary mandate effective 2026-01-01. Could not obtain a Siemens Pension-Trust e.V. annual report or a plan-asset allocation table - Siemens publishes pension plan assets only inside the group Siemens-Bericht, and I could not resolve a working PDF URL for the fiscal 2025 report before the session's search budget ran out. A directory site (pipelineroad.com) claims ~12% alternatives and plan assets of EUR 26.5bn, but it is a secondary aggregator with no primary citation and I have not recorded it as fact. No SEC Form ADV or Form D check was possible without search. No named Asia fund, no named GP, and no ticket size could be found in any source.",3
"Talanx AG group (HDI Group, HDI Lebensversicherung AG, Hannover Rueck SE), assets managed by Ampega Asset Management GmbH",Germany,"Hannover, with Ampega in Cologne","Listed multi-line insurance and reinsurance group. Talanx AG is the listed holding, HDI V.a.G. the mutual majority owner, Hannover Rueck SE the listed reinsurance subsidiary. Ampega is the captive asset manager.",none,"yes - EUR 4,241m of uncalled private-equity commitments at 31 December 2025 and an investment book measured in the hundreds of billions. A US$50m ticket is ordinary size for this programme.","its captive asset manager signs, through mandates. 'Die Umsetzung der Kapitalanlagestrategie erfolgt ueber die Auflage von Mandaten bei dem internen Kapitalanlagedienstleister Ampega Asset Management GmbH. Die Mandate werden ueber eine Kapitalanlagerichtlinie definiert.' https://www.hdi.de/pensionskasse/anlagepolitik read 2026-09-19. The group description confirms the role: 'die Ampega-Gesellschaften betreuen vor allem die Kapitalanlagen des Konzerns'. Talanx Konzern Geschaeftsbericht 2025. The legal LP would be an HDI or Hannover Re carrier or a Talanx holding KG, with Ampega executing.","uncalled commitments to private equity funds and venture capital companies were EUR 4,241m at 31 December 2025 against EUR 3,981m a year earlier. 'Zum Abschlussstichtag bestehen fuer Kapitalanlageengagements Resteinzahlungsverpflichtungen in Hoehe von 4.241 (3.981) Mio. EUR. Dabei handelt es sich im Wesentlichen um noch nicht erfuellte Einzahlungsverpflichtungen aus Beteiligungszusagen an Private-Equity-Fonds und Venture-Capital-Gesellschaften.' Talanx Konzern Geschaeftsbericht 2025, contingent liabilities note, read 2026-09-19. This is the strongest programme-size number in the german set. Dry powder alone is EUR 4.2bn and it grew by EUR 260m over the year. F: the fair-value hierarchy table lists 'Private-Equity-Fonds / Private-Equity-Immobilienfonds' in Level 3 in the same annual report. The column layout in the text extract is ambiguous between EUR 13,674m and EUR 3,674m for 2025 against EUR 3,178m for 2024, so I do not state the NAV as a fact. The EUR 4,241m uncalled figure is unambiguous and should be the one quoted.",not DISCLOSED. No Talanx or Ampega document checked states a commitment size or a fund count. I: a EUR 4.2bn uncalled balance carried by a group that describes the portfolio as 'breit diversifiziert' and built 'ueber Jahrzehnte' is consistent with commitments in the EUR 50m to EUR 150m range across a large fund list. That is an inference from the uncalled total and the portfolio description alone. Do not quote it as a range.,,"Not published as a named committee. What is documented is the instrument: every allocation runs through a Kapitalanlagerichtlinie that defines each Ampega mandate. 'Die Mandatsgestaltung erlaubt es dem Asset Manager grundsaetzlich, Marktopportunitaeten innerhalb eines definierten Rahmens zu nutzen.' The group also runs a Talanx Limit- und Schwellenwertsystem (TLuSS) that sets volume caps per asset class.",Not published.,"None found. Ampega is the in-house manager and no external private-markets gatekeeper appears in any Talanx, HDI or Hannover Re document checked. No Master-KVG is named. Hannover Re also runs its own Asian vehicles directly, for example PAG Real Estate Asia Select Fund Limited in the Cayman Islands.","Dr Jan Wicke (Member of the Talanx AG board of management, responsible for Accounting, Collections/Disbursement, Controlling and Finance/Treasury, and a member of the supervisory board of both Ampega Asset Management GmbH and Ampega Investment GmbH. Also a member of the board of management of HDI V.a.G. Hannover. THIS IS THE TARGET SEAT: he sits above the CFO function and on both Ampega supervisory boards.)",https://www.hdi.de/pensionskasse/anlagepolitik,"Downloaded and extracted with pdftotext: the Talanx Konzern Geschaeftsbericht 2025 (3.9MB, 1.7MB of text), the Talanx AG Solvabilitaets- und Finanzbericht 2025, the HDI Gruppe SFCR 2025, the HDI Global, HDI Versicherung and HDI Lebensversicherung solo SFCRs 2025, the Hannover Rueck Group SFCR 2025, the Hannover Rueck Annual Report 2025 and the Hannover Rueck SE single-entity report 2025. Also pulled the EBAV Anlagepolitik statements for HDI Pensionskasse AG, HDI Lebensversicherung AG, HDI Pensionsfonds AG and Targo Lebensversicherung AG, and the Talanx board and press pages. Grepped all of them for the 22 Asian GP names and 16 fund-of-funds platform names in the screen list. RESULT: one hit only, PAG, and it is a consolidated real-estate subsidiary rather than a fund commitment. not found: a Talanx Group Solvency II ratio for FY2025. The annual report states 'Die Ergebnisse des Modelllaufs zum 31. Dezember 2025 liegen noch nicht vor... Die konkrete Quote veroeffentlichen wir im Mai 2026 im Bericht ueber die Solvabilitaet und die Finanzlage', and the Talanx AG solo SFCR states the HDI Gruppe report was due 7 May 2026. I used the HDI Gruppe SFCR figure instead. not found: a named private-equity or alternatives head at Ampega. not found: a per-fund ticket, a fund count or an investment committee name. COULD not VERIFY: a BaFin internal-model approval dated 20 September 2019. The only approval date in the documents is September 2023, quoted below.",3
VBL (Versorgungsanstalt des Bundes und der Laender),Germany,Karlsruhe,Public-law supplementary pension institution for federal and state public-sector employees (Anstalt des oeffentlichen Rechts),none,"yes - EUR 1.5bn of commitments in one year cannot be deployed in tickets smaller than this; US$50m is small for VBL. Caveat: inferred from the annual commitment total, not from a published per-fund figure.","commits in its own name - VBL signs its own fund commitments through its internal AI10 Private Equity / Infra Equity Referat. No delegated fund-of-funds manager appears in any VBL document reached. unknown, leaning in-house-selection - VBL says it 'selected and onboarded best-in-class asset managers for the key asset classes' and diversifies across 'asset managers and general partners (GPs)', which reads as direct primary fund selection run by its own AI10 Private Equity/Infra Equity Referat rather than a delegated fund-of-funds. No fund-of-funds manager appears in any VBL document I reached. https://www.ipe.com/news/vbl-to-boost-private-equity-and-private-debt-investments/10128402.article","Strategic asset allocation at 31 December 2025, set separately per Abrechnungsverband: Private Equity 4.0% (West and Ost/Umlage), 3.5% (Ost/Umlage), 4.5% (freiwillige Versicherung) - VBL Geschaeftsbericht 2024, Lagebericht p.40. Against ~EUR 70.5bn of assets at market value at 31 December 2025 (vbl.de/Vermoegensanlage) that is roughly EUR 2.7-3.0bn of target private equity. Boersen-Zeitung 2025-05-02 reports VBL 'plans to double its private equity allocation to EUR 5bn' and gives 2025 target quotas of 1.8% for Corporate Private Equity and 2% for infrastructure investments. Programme started summer 2022.","Not disclosed per fund. Derived only: ~EUR 1.5bn of commitments in a single year (2024) across a programme whose stated aim is diversification 'across sectors, vintages and asset managers and general partners'. VBL has never published a fund-level ticket.",,"The three full-time (hauptamtliche) members of the Vorstand set the strategic asset allocation: 'Die hauptamtlichen Vorstandsmitglieder legen mindestens einmal jaehrlich die strategische Asset-Allokation fuer jeden Abrechnungsverband der VBL gesondert fest.' Capital investment sits with Vorstand B, Dr. Michael Leinwand. The 38-member paritaetisch Verwaltungsrat is the satzungsgebendes Organ - it approves statutes and the use of the Bilanzgewinn, and in the 2024 year it resolved on those matters in its meeting of 14 November 2024; it does not select managers. There is no separately named Anlageausschuss in the Geschaeftsbericht or the Organigramm.","SAA at least once a year, per Abrechnungsverband (Geschaeftsbericht 2024 p.40). Verwaltungsrat meets and resolves at least annually - the 2024 resolutions are all dated 14 November 2024.","no external gatekeeper or fund-of-funds manager found. The structural route is a MASTERFONDS: 'Die Anlagen in Mischfonds stellen die hoechste Ebene der sogenannten Masterfonds-Struktur dar. Innerhalb der Mischfonds wird in verschiedene Anlageklassen (entweder direkt oder indirekt) breit gestreut investiert und so die Strategische Asset-Allokation umgesetzt' - EUR 35,127m book value and EUR 57,078m market value at 31 December 2024. The name of the KVG administering that Masterfonds is not disclosed in the Geschaeftsbericht and this check could not establish it. Supervision of VBL's Kapitalanlage and Risikomanagement is exercised by BaFin im Wege der Organleihe for the BMF, since 1 January 2020.","Niklas Becker (Referatsleiter AI10 'Private Equity/Infra Equity', within Abteilung Anlagestrategie Implementierung (AI) - THIS IS THE PRIVATE-EQUITY SEAT); Niklas Becker (Head of Private Equity & Infrastructure Equity Investments der VBL (English/press rendering)); Joerg Eickhoff (Abteilungsleiter, Anlagestrategie Implementierung (AI) - Becker's superior); Dr. Michael Leinwand (Mitglied des Vorstands (Vorstand B), responsible for Anlagestrategie Entwicklung, Anlagestrategie Implementierung, Immobilienmanagement and Informationstechnologie - the CIO seat); Dr. Christian Gaertner (Abteilungsleiter, Anlagestrategie Entwicklung (AE) - owns ALM & SAA (Referat AE10, Dr. Alexander Bonkat)); Angelika Stein-Homberg (Vorsitzende des Vorstands, Praesidentin der VBL); Detlef Raabe (Vorsitzender des Verwaltungsrats from the start of calendar year 2025 (chair alternates annually between the employer and insured groups); member of the ver.di Bundesvorstand)",https://www.vbl.de/documents/d/vbl/vbl-geschaftsbericht_2024 | https://www.vbl.de/documents/20142/119780/VBL-Organigramm.pdf/c8055bd7-ead6-9fd2-9b6a-7066cc37311c?t=1738745521961,"Downloaded and text-extracted the full VBL Geschaeftsbericht 2024 (5.3MB, vbl.de) and the VBL Organigramm PDF marked 'Stand: August 2026' with pdftotext; read the Organe chapter, the strategic-asset-allocation table, the Masterfonds note in the Anhang and the complete org chart down to Referat level. A case-insensitive grep of the entire Geschaeftsbericht for 'Asien', 'Asia', 'Schwellenl' and 'Emerging' returned zero hits - there is no Asia line anywhere in VBL's annual report. Read the vbl.de Vermoegensanlage page for the EUR 70.5bn figure at 31 December 2025. Fetched Boersen-Zeitung on the PE build-out, IPE on the PE/private-debt plans, portfolio-institutionell on the Karlsruhe transparency ruling, and the 2020 Kapitalanlage reorganisation release. Searched explicitly for VBL against Golding, Pantheon, HarbourVest, Partners Group and Unigestion, and for VBL's Master-KVG provider - NOTHING returned on either. top1000funds returned HTTP 403 to direct fetch, so the 40/40/20 equity split is carried from a search extract plus the client seed row. Did not reach: a VBL 2025 Geschaeftsbericht (only 2024 is published on vbl.de as of 2026-09-19), the Karlsruhe court's ordered VBLklassik holdings disclosure, Bundesanzeiger filings, SEC Form ADV.",2
Versorgungswerk der Zahnärztekammer Nordrhein (VZN),Germany,Düsseldorf,"Berufsständisches Versorgungswerk for dentists. 'Eine teilrechtsfähige, wirtschaftlich selbstständige Einrichtung der Zahnärztekammer Nordrhein, Körperschaft des öffentlichen Rechts, mit Sitz in Düsseldorf.' Chosen as the entity to research because it is the largest dentists-only Versorgungswerk that could be evidenced and the only one of the two named candidates that is a functioning prospect.",none,"yes on size, unevidenced in practice, and only into a Luxembourg or Irish vehicle. On size, a EUR 4.5bn scheme with a private-markets programme of roughly EUR 1.3bn including undrawn commitments can carry a US$50m line, which would be about 1.1 percent of total assets. On the record, no single VZN fund commitment of that scale is visible. Every named direct private-markets position in the 2022 accounts has an undrawn balance under EUR 21m. On structure, VZN states its own AnlV binding. 'Das VZN befindet sich nach dem zwischen ABV und Landesaufsichtsbehörden abgestimmten Einstufungs-Modell in Risikostufe 3. Damit unterliegt das VZN der Anlageverordnung des VAG, der Anlageverordnung des Landes NRW sowie dem BaFin-Rundschreiben 11/2017.' Under § 2 Abs. 1 Nr. 13 b AnlV a closed-ended foreign fund is admissible to the Sicherungsvermögen only where it is governed by the law of an EEA state or a full OECD member state and is managed by a company seated in the EEA or a full OECD member state. Singapore and the Cayman Islands are neither, so a Singapore-law or Cayman-law Pavilion master fund is inadmissible and only a Luxembourg or Irish parallel vehicle works. That ask is easy here, because VZN already routes all of its private markets through a Luxembourg fund. https://web.archive.org/web/20231003214654if_/https://www.vzn-nordrhein.de/wp-content/uploads/2023/05/VZN_GB_2022_web.pdf and https://www.gesetze-im-internet.de/anlv_2016/__2.html read 2026-09-19","commits in its own name, through its own Luxembourg fund UZN-LUX for private markets and through a German Master-KVG for the securities book. The Master-KVG is referenced but never named. 'Die Überwachung dieser Risikovorgaben erfolgt durch unser Risikocontrolling und die Master-KVG.' The German master fund is called the UZN Masterfonds, launched March 2003, EUR 910,634,543.23 at 31 December 2022. The Verwahrstelle changed to BNP Paribas Securities Services in September 2024. https://web.archive.org/web/20231003214654if_/https://www.vzn-nordrhein.de/wp-content/uploads/2023/05/VZN_GB_2022_web.pdf and https://www.portfolio-institutionell.de/versorgungswerk-der-zahnaerztekammer-nordrhein-wechselt-verwahrstelle/ read 2026-09-19","private markets are bundled in a single Luxembourg fund, UZN-LUX, which stood at EUR 472,225,524.68 book value at 31 December 2022, 12.30 percent of EUR 3,837,739,969.97 total Kapitalanlagen. 'Mit unserem Luxemburger Fonds, in dem unsere Private Markets-Investments gebündelt sind, konnten wir ein erfreuliches Ergebnis in einer Größenordnung von plus 13,53 % erzielen, was einmal mehr die Sinnhaftigkeit des Anlagebausteins Private Markets unterstreicht.' On top of the book value, VZN carried EUR 860,000,000.00 of undrawn Einzahlungsverpflichtungen to UZN-LUX alone, out of EUR 1,130,973,990.68 of total financial commitments. https://web.archive.org/web/20231003214654if_/https://www.vzn-nordrhein.de/wp-content/uploads/2023/05/VZN_GB_2022_web.pdf read 2026-09-19. Total Kapitalanlagen were reported as about EUR 4.5bn in September 2024. https://www.portfolio-institutionell.de/versorgungswerk-der-zahnaerztekammer-nordrhein-wechselt-verwahrstelle/","single-digit millions to EUR 20m for the direct positions held outside the Luxembourg fund, inferred from the published table of outstanding Einzahlungsverpflichtungen at 31 December 2022, where the largest named fund line is DLE Landbanking III at EUR 20,000,000.00 and the private-markets lines run Partners Group Secondary 2017 at EUR 11,182,403.35, Ardian PD IV at EUR 5,727,740.00, Golding Mezzanine at EUR 5,250,000.00 and Muzinich Pan European PD at EUR 2,571,741.73. Those are UNDRAWN balances, so the original commitments were larger by an unknown amount. Ticket sizes inside UZN-LUX are not itemised anywhere. https://web.archive.org/web/20231003214654if_/https://www.vzn-nordrhein.de/wp-content/uploads/2023/05/VZN_GB_2022_web.pdf read 2026-09-19",,"Restructured by Kammerbeschluss of 12 June 2021 and live from 8 January 2022. The organs are now the Kammerversammlung, the Verwaltungsrat and the Vertreterversammlung. 'Die Geschäftsführung wird dabei vom Verwaltungsrat als Kontrollinstanz überwacht. Der Verwaltungsrat seinerseits wird von der Vertreterversammlung beaufsichtigt.' The old Aufsichtsausschuss and Verwaltungsausschuss were dissolved on 7 January 2022. The five-member Verwaltungsrat is chaired by ZA Dirck Smolka. The two-person Geschäftsführung executes.","F: 'Der Verwaltungsrat tagte 2022 regelmäßig einmal im Monat.' Monthly, which is unusually frequent for a German Versorgungswerk and shortens the path to a decision.","No private-markets gatekeeper and no investment consultant is named anywhere in the 2022 Geschäftsbericht. Golding Capital Partners appears as a FUND manager (Aktienfonds Golding Mezzanine), not as a gatekeeper. Zero hits for YIELCO, Alpha Portfolio Advisors, Astorius, Pantheon, Allianz GI Alternatives, Faros, FERI, Mercer and WTW. Real estate outside Germany is delegated to specialist managers, 'an spezialisierte Manager ausgelagert, in deren Fonds wir in der Regel gemeinsam mit anderen institutionellen Anlegern investiert sind'.","Uwe Zeidler (Geschäftsführer. Signed the Geschäftsbericht 2022 as a member of the two-person Geschäftsführung and was still described as Geschäftsführer in a September 2024 trade-press item on the custodian change.); Dr. Thomas Treptow (Geschäftsführer. Signed the Geschäftsbericht 2022. Not confirmed as current, because VZN's website was serving a maintenance page on the day I looked and its Geschäftsberichte sit behind a member login.); ZA Dirck Smolka (Vorsitzender des Verwaltungsrats, Bonn. Previously Vorsitzender des Verwaltungsausschusses. Not confirmed as current beyond the 2022 financial year.); Dr. Dr. Detlef Seuffert (Stellvertretender Vorsitzender des Verwaltungsrats, Krefeld.); Dr. Ralf Hausweiler (Präsident der Zahnärztekammer Nordrhein, member of the Vertreterversammlung.)",https://web.archive.org/web/20231003214654if_/https://www.vzn-nordrhein.de/wp-content/uploads/2023/05/VZN_GB_2022_web.pdf,"entity choice. Two candidates were named. I sized both and picked Nordrhein. VZN Nordrhein total Kapitalanlagen EUR 3,837,739,969.97 at 31 December 2022, reported as about EUR 4.5bn in September 2024. VZB Berlin total Kapitalanlagen EUR 2,033,862 thousand, so EUR 2.03bn, at 31 December 2023, from its own Geschäfts- und Lagebericht at https://www.vzberlin.org/_files/2023_Geschaefts_und_Lagebericht.pdf. Nordrhein is roughly twice the size. Berlin is also disqualified on its own facts. The ABV chairman Rudolf Henke wrote on 19 December 2025 that 'Beim VZB steht eine endgültige Klärung der Vorgänge immer noch aus. Nur so viel lässt sich bereits sagen: Die dort verfolgte Anlagepolitik ist in der berufsständischen Versorgung äußerst ungewöhnlich und sehr untypisch' (https://www.abv.de/aktuell-iii.html), and VZB's own website says a concept for the effect of its financial position on pensions in payment and accrued rights is being worked out with external experts and must go to the Vertreterversammlung, while it litigates in Amsterdam over a 25 percent stake in Grand Metropolitan Hotels Holding B.V. bought in 2023 and 2024 (https://www.vzberlin.org/). A scheme cutting benefits and suing its own portfolio company cannot take a new US$50m Asia commitment. DOCUMENTS OPENED. The VZN Geschäftsbericht 2022 in full via the Internet Archive, including the Kapitalanlagen structure table, the private markets and Luxembourg fund commentary, the Beteiligungen note, the risk report with the AnlV statement, the full Einzahlungsverpflichtungen schedule, the organs and committee lists and the Geschäftsführung signatures. The VZB Geschäfts- und Lagebericht 2023 in full, including its AnlV sentence and its INKA-VZB master fund. The ABV member list for dentists' schemes at https://www.abv.de/zahnaerzte.html, which shows twelve schemes and confirms that the Baden-Württemberg and Bavarian doctors-and-dentists schemes are combined bodies rather than Zahnärztekammer Versorgungswerke. The ABV statistics page, which gives 91 Versorgungswerke and more than 1 million members in 2024. The portfolio institutionell item of 12 September 2024 on the BNP Paribas custodian mandate. The AnlV 2016 primary text at gesetze-im-internet.de for §§ 2 and 3. COULD not ESTABLISH. The VZN website vzn-nordrhein.de was serving a maintenance page on 19 September 2026, and its Geschäftsberichte sit behind a member login, so I could not read the 2023, 2024 or 2025 reports; the 2021 report timed out repeatedly from the Internet Archive. The name of VZN's Master-KVG, which the 2022 report references but never names. The Luxembourg AIFM and depositary of UZN-LUX. The itemised holdings inside UZN-LUX, which is where any Asia position would sit if one existed. The current Geschäftsführung roster. Bundesanzeiger full-text search returns 'Es ist ein technischer Fehler aufgetreten' to scripted requests and needs a human browser session. The session's web-search budget was exhausted partway through, so late-stage discovery relied on direct URLs and the Internet Archive CDX index.",2
Ärzteversorgung Westfalen-Lippe (ÄVWL),Germany,"Münster, Nordrhein-Westfalen","Berufsständisches Versorgungswerk for physicians. Einrichtung der Ärztekammer Westfalen-Lippe, Körperschaft des öffentlichen Rechts, supervised by the NRW finance ministry.",none,"yes on size, no on current strategy, and only into a Luxembourg vehicle. Size is not the issue. Kapitalanlagen are EUR 15,745.7m and the alternatives sleeve alone is EUR 3,029m, so US$50m is an ordinary line. The AnlV is the gate. ÄVWL is AnlV-bound through Satzung § 30 Abs. 3, VAG NRW and § 7 VersAufsVO NRW, and § 2 Abs. 1 Nr. 13 b AnlV admits units in a closed-ended foreign fund only where the fund is governed by the law of an EEA state or a full OECD member state and is managed by a company seated in the EEA or a full OECD member state. Singapore and the Cayman Islands are neither, so a Singapore-law or Cayman-law Pavilion master fund is inadmissible to the Sicherungsvermögen. Three things soften that. § 7 VersAufsVO NRW ends 'Die Aufsichtsbehörde kann Abweichungen zulassen'. ÄVWL was the first Versorgungswerk in NRW granted the Erweiterte Öffnungsklausel, in 2016, and still used it in FY2025. And every alternative it owns already sits in a Luxembourg specialised investment fund, the Lux FIS umbrella, so a Luxembourg parallel vehicle with an EEA AIFM clears § 2 Abs. 1 Nr. 13 b outright and matches a structure ÄVWL already operates. The real obstacle is region. Its private equity and private debt book is stated as 'mit regionalem Schwerpunkt in Europa und den USA' and ten years of annual reports name no Asia manager. https://aevwl.de/wp-content/uploads/Satzung_AEVWL_2026.pdf and https://www.bundestag.de/resource/blob/1103568/WD-6-004-25.pdf read 2026-09-19","commits in its own name, through its own Luxembourg fund. ÄVWL selects and executes in house with no external gatekeeper and no named investment consultant. Alternatives are bundled into the ÄVWL-Fonds Lux FIS umbrella. 'Die Alternative-Spezialfonds der ÄVWL umfassen sowohl einen aus zwei Teilfonds (Lux FIS I und Lux FIS II) bestehenden Spezialfonds zur Bündelung alternativer Anlagen als auch zwei weitere Fonds zur Strukturierung von Infrastrukturinvestitionen.' The German securities Spezialfonds were administered by HSBC INKA at least through 2018, evidenced by ÄVWL naming its own funds 'HSBC AWL', 'HSBC AVS' and 'HSBC EML' in the 2016 to 2018 reports; the naming stops after 2018 and the current Master-KVG is not published. https://aevwl.de/wp-content/uploads/AEVWL_Geschaeftsbericht_2025.pdf read 2026-09-19","no standalone private equity figure is published. The container is. Alternative-Spezialfonds total EUR 3,029m at 31 December 2025. 'Der gesamte Bereich der Alternative-Spezialfonds mit einem Volumen von 3.029 Millionen Euro erwirtschaftete im Jahr 2025 eine Nettokapitalrendite von 3,1 Prozent.' Inside that sleeve, the Luxembourg sub-fund Lux FIS I holds 'mehr als 100 Beteiligungen an unterschiedlichen Zielfonds' across private equity, direct lending, infrastructure and turnaround. Total Kapitalanlagen were EUR 15,745.7m at 31 December 2025. https://aevwl.de/wp-content/uploads/AEVWL_Geschaeftsbericht_2025.pdf and https://aevwl.de/die-aevwl-auf-einen-blick/ read 2026-09-19. The balance-sheet line 'Beteiligungen' of EUR 3,731,390.61 is a different thing and is not the private equity book.","EUR 20m to EUR 50m per target fund, inferred from a EUR 3,029m alternatives sleeve spread across more than 100 live target-fund positions in Lux FIS I plus separate infrastructure vehicles. Commitments run larger than net asset value and vintages overlap, so the commitment-level ticket is above that arithmetic average. No per-fund commitment amount appears in any ÄVWL document. Low confidence. https://aevwl.de/wp-content/uploads/AEVWL_Geschaeftsbericht_2025.pdf",,"Aufsichtsausschuss sets the investment rulebook. Satzung § 4 Abs. 6 Nr. 4, 'die Aufstellung von Richtlinien für die Kapitalanlage der Ärzteversorgung Westfalen-Lippe'. It has 12 members and is chaired by Dr. med. Patricia Kalle-Droste. The Verwaltungsausschuss runs the business, has 8 members, is chaired by Prof. Dr. med. Peter Czeschinski, and must include one member 'im Bereich der Kapitalanlage erfahren'. The three-person hauptamtliche Geschäftsführung executes individual fund commitments inside those guidelines. No separate Anlageausschuss exists. A single fund commitment is an executive act, which is the practical entry point.","F: Aufsichtsausschuss meets regularly one month after the accounts, annual report and audit report are tabled, at the latest 8 months after the financial year end, and otherwise on request of four of its members or two Verwaltungsausschuss members (Satzung § 4 Abs. 4). The Verwaltungsausschuss must report to it 'Regelmäßig, mindestens vierteljährlich'. An annual ALM-Studie was run in 2023, 2024 and 2025.","None. Zero hits for Golding, YIELCO, Alpha Portfolio Advisors, Astorius, Pantheon, Allianz GI Alternatives, FERI, Mercer and WTW across all ten annual reports 2016 to 2025. Andreas Weigl of Faros Consulting and Dirk Grosshans of Universal Investment appear on the ÄVWL site only as award jury chair and award presenter, which is not a mandate. ÄVWL is itself an investment service provider to other Versorgungswerke, including the Versorgungswerk der Tierärztekammer Westfalen-Lippe.","Lutz Horstick (Geschäftsführer, Leiter des Geschäftsbereiches Kapitalanlage. The CIO seat. Effective 1 August 2026, succeeding Markus Altenhoff. At ÄVWL since 2011, previously Leiter der Abteilung Wertpapiere und Darlehen running the liquid portfolio, the alternatives and the infrastructure book.); Matthias Brinkert (Portfolio Manager, Private Equity and Private Debt. The working-level private equity seat. Sourced from Private Equity International's institution profile, which does not date the entry, so currency is unconfirmed.); Markus Altenhoff (FORMER Geschäftsführer and Leiter Kapitalanlage. Stepped down in 2026 for health reasons. Do not address him.); Christian Mosel (FORMER Hauptgeschäftsführer 2017 to spring 2024. The post was abolished. Do not address him.); Manuela Mette (Senior-Portfoliomanagerin, Abteilung Wertpapiere und Darlehen. Accepted the portfolio institutionell Alternatives-Award for ÄVWL on 11 March 2026.); Dr. med. Patricia Kalle-Droste (Vorsitzende des Aufsichtsausschusses. Her committee sets the Richtlinien für die Kapitalanlage.); Prof. Dr. med. Peter Czeschinski (Vorsitzender des Verwaltungsausschusses.)",https://aevwl.de/wp-content/uploads/Satzung_AEVWL_2026.pdf,"Read all ten ÄVWL Geschäftsberichte 2016 to 2025 as PDFs, text-extracted, plus the Satzung 2026, the Geschäftsordnungen des Verwaltungs- und Aufsichtsausschusses 2025, the Corporate Governance Kodex, the VersorgungsMagazin 2025, the Geschäftsführung and Selbstverwaltungsgremien pages, the August 2026 appointment release, the March 2026 award item, the Private Equity International institution profile, the private-banking-magazin interview of 01.11.2017, and Bundestag Wissenschaftliche Dienste WD 6 - 3000 - 004/25 on Versorgungswerk capital investment. Word-boundary searched every report for BPEA, Baring, PAG, Hillhouse, MBK, Affinity, CVC, KKR, TPG, Carlyle, Blackstone, Navis, Quadria, Everstone, ChrysCapital, Kedaara, Peak XV, Sequoia, Warburg, Advantage Partners, Unison, Hahn, IMM, Bain Capital, Pantheon, Adams Street, HarbourVest, LGT, Crown Asia, Axiom, Asia Alternatives, AlpInvest, StepStone, Hamilton Lane, Portfolio Advisors, Unigestion, Adveq, Schroders, Golding, Partners Group, Squadron, Emerald, YIELCO, Astorius, Ardian, EQT, Permira and Apollo. Zero genuine hits. 'Dachfonds' and 'Fund of Funds' appear nowhere. COULD not ESTABLISH: the Luxembourg management company, AIFM and depositary of the Lux FIS umbrella, which is the most useful missing structuring fact; the current German Master-KVG, because the HSBC fund-name prefixes stop after the 2018 report; any per-fund commitment amount; the split of the EUR 3,029m alternatives sleeve between its four segments; the unpublished Anlagerichtlinien; the current Öffnungsklausel utilisation; and the provider of the annual ALM-Studie. Re-downloaded the 2025 Geschaeftsbericht independently and re-ran the sweep on 2026-09-19: Kapitalanlagen 15.745,7 against 15.146,6 million euro prior year, Alternative-Spezialfonds 3.029 million euro, two hits for 'Asien' in the whole document and both are macro commentary or the Lux FIS II real-estate sentence, zero hits for Axiom, Golding, YIELCO, Master-KVG or any named Kapitalverwaltungsgesellschaft. No KVG is named anywhere in the 2025 report.",2
Almenni lifeyrissjodurinn (trading as Almenni - Lifsverk),Iceland,Reykjavik,"Member-choice occupational pension fund, merged with Lifsverk; a further merger with SL lifeyrissjodur has been put to members",small,"no - ISK 6,26bn would be 3,0% of Almenni's ISK 207,6bn net assets and 2,7 times its largest existing unlisted foreign fund position. Its whole unlisted foreign fund book is ISK 39,3bn. The fund also falls below the ISK 300bn size bar set for this shard. Its value for the slide is as evidence of Icelandic demand for exactly Pavilion's product, not as a target.","commits in its own name - Almenni allocates the same fund across its sereignarsjodur and samtryggingarsjodur, so a single commitment is split between two balance sheets.","Net assets ISK 207.561.051 thus. at 31.12.2025 (ISK 190.118.618 thus. a year earlier), split across paths: ISK 162.253.977 thus., ISK 8.072.329 thus., ISK 35.891.309 thus. and ISK 1.343.436 thus. Unlisted foreign fund holdings totalled ISK 39.301.908 thus. at 31.12.2025 against a cost of ISK 28.802.357 thus. and ISK 35.712.828 thus. a year earlier, across 14 named funds plus 19 smaller ones. https://www.almenni-lifsverk.is/wp-content/uploads/Almenni-%E2%80%93-Lifsverk-arsskyrsla-2025_v2.pdf read 2026-09-19","The 14 named unlisted foreign fund positions at 31.12.2025 run from ISK 375.598 thus. to ISK 2.335.188 thus. of market value, about USD 3m to USD 19m, median about ISK 1,7bn or USD 13m. The Asia-Pacific fund-of-funds sits second largest at ISK 2,30bn. https://www.almenni-lifsverk.is/wp-content/uploads/Almenni-%E2%80%93-Lifsverk-arsskyrsla-2025_v2.pdf read 2026-09-19","Crown Asia-Pacific Private Equity V Feeder plc | ISK 2.302.149 thus. total market value at 31.12.2025 (sereignarsjodur ISK 1.108.014 thus. plus samtryggingarsjodur ISK 1.194.135 thus.), cost ISK 1.891.170 thus., against ISK 1.662.614 thus. at 31.12.2024; commitment not published. About USD 18,4m at the 31.12.2025 rate. (held at 31 December 2025; vintage not stated)
KKR Asian Fund IV SCSp | ISK 1.747.781 thus. total market value at 31.12.2025 (sereign ISK 841.199 thus. plus samtrygging ISK 906.582 thus.), cost ISK 1.225.709 thus., against ISK 1.420.021 thus. at 31.12.2024; commitment not published. About USD 14,0m. (held at 31 December 2025; vintage not stated)
North Sea Capital Private Equity Fund of Funds | ISK 1.834.846 thus. total market value at 31.12.2025, cost ISK 1.219.469 thus.; commitment not published. (held at 31 December 2025; vintage not stated)
Crown European Markets IV plc | ISK 1.392.851 thus. total market value at 31.12.2025, cost ISK 830.972 thus.; commitment not published. (held at 31 December 2025; vintage not stated)",Not established from a primary document.,Not published.,None identified.,,"https://www.almenni-lifsverk.is/utgefid-efni
https://www.almenni-lifsverk.is/wp-content/uploads/Almenni-%E2%80%93-Lifsverk-arsskyrsla-2025_v2.pdf","Opened: Almenni - Lifsverk arsskyrsla 2025 (full PDF, skyring 27 with the complete named unlisted foreign holdings table split by sereignarsjodur and samtryggingarsjodur, the top-holdings tables per investment path, and the net asset statements), the Almenni utgefid-efni index listing the Greining eigna sheets per path, and the Almenni site. Could not find: any commitment amount or vintage year, the identity of the 'Adrir sjodir (19)' residual of ISK 17,7bn, a governance document naming who approves a fund commitment, any named staff, and confirmation of whether the proposed merger with SL lifeyrissjodur has completed.",4
Birta lifeyrissjodur,Iceland,Reykjavik,Occupational pension fund formed in 2016 from the merger of Sameinadi lifeyrissjodurinn and Stafir,small,"unclear - ISK 6,26bn would be 0,85% of Birta's ISK 736,7bn net assets, which is legally fine and inside the 10% single-issuer cap, but it would be the largest single foreign PE position Birta has ever disclosed, about 1,6 times its biggest current one and 22% of its entire ISK 28,5bn foreign PE commitment book. A USD 25m to USD 30m ticket matches its evidenced behaviour; USD 50m would be a step change. Currency is not the constraint, with 38% of assets in foreign currency against a 54,5% ceiling.",commits in its own name - Birta's eignastyringarsvid and fjarfestingarteymi source and execute; the stjorn approves anything 'mikils hattar' and the ahaetuteymi must confirm every unlisted investment.,"Net assets ISK 736.652.990 thus. at 31.12.2025 (ISK 696.107.592 thus. a year earlier). Unlisted foreign private equity funds totalled ISK 50.706.201 thus. at 31.12.2025 against ISK 48.083.541 thus. a year earlier, about 6,9% of net assets, across 23 named funds plus a residual. Off-balance-sheet commitments (skyring 16) at 31.12.2025 were ISK 28.483.952 thus. to foreign PE funds, ISK 11.488.154 thus. to domestic PE and partnerships and ISK 8.663.173 thus. to other funds. https://arsskyrsla2025.birta.is/documents/466/%C3%81rsreikningur_Birtu_2025.pdf read 2026-09-19","Named unlisted foreign PE positions at 31.12.2025 run from ISK 5.321 thus. (runoff) up to ISK 3.798.898 thus. Live positions cluster between ISK 1,1bn and ISK 3,8bn of market value, roughly USD 9m to USD 30m, median about ISK 2,1bn or USD 17m. The Asia position at ISK 3,26bn sits in the top third. https://arsskyrsla2025.birta.is/documents/466/%C3%81rsreikningur_Birtu_2025.pdf read 2026-09-19","MS North Haven Private Eq. Asia | ISK 3.257.214 thus. market value at 31.12.2025 against ISK 3.237.696 thus. at 31.12.2024; nettó fjárfesting ISK 2.601.308 thus.; long-run return 0,2% per annum since purchase; commitment not published. About USD 26,0m at the 31.12.2025 rate. (held at 31 December 2025; vintage not stated)
SVG Asia Fund of Funds PLC | ISK 5.321 thus. market value at 31.12.2025 against ISK 192.740 thus. at 31.12.2024; nettó fjárfesting negative at ISK (249.828) thus.; commitment not published. (held at 31 December 2025; vintage not stated)
Schroder Private Equity Fund II and Fund III, SVG Diamond Private Equity III | Listed foreign PE funds with eignarhluti of 6,3%, 4,0% and 1,6% at 31.12.2025; amounts not separately extractable from the printed table; commitments not published. (held at 31 December 2025; vintages not stated)","Board approval for major decisions and a mandatory risk-team sign-off on unlisted investments. Fjarfestingarstefna Birtu 2026: 'mikils hattar hadar samthykki stjornar sjodsins... Tha eru allar fjarfestingar er teljast oskradar skv. 3. mgr. 36. gr. b i lsj.logunum hadar umfjollun og stadfestingu ahaetuteymis sjodsins, tho med akvednum undantekningum, samkvaemt Reglum um fjarfestingar.' An investment council may sit as a board subcommittee but has no decision power: 'Tha er heimilt ad starfraekja serstakt fjarfestingarad innan sjodsins en um er ad raeda undirnefnd stjornar. Radid tekur ekki sjalfstaedar akvardanir fyrir hond stjornenda.'","Not published. The fjarfestingarstefna is reviewed and reissued annually for the coming calendar year, as 36. gr. requires by 1 December.","None named. The escalation path for a borderline case is forstodumadur eignastyringarsvids plus the risk team, then the framkvaemdastjori reviewing with the chair and vice chair.",Olafur Sigurdsson (Framkvaemdastjori); Soffia Gunnarsdottir (Forstodumadur eignastyringarsvids); Saevardur Einarsson (Ahaettustjori); Haflidi Kristjansson (Formadur stjornar); Sigurdur R. Ragnarsson (Varaformadur stjornar),"https://arsskyrsla2025.birta.is/documents/466/%C3%81rsreikningur_Birtu_2025.pdf
https://birta.is/documents/444/Fj%C3%A1rfestingastefna_Birtu_2026.pdf","Opened: Arsreikningur Birtu 2025 (full PDF, skyring 8 with the complete named tables for listed and unlisted foreign PE, foreign real estate and domestic funds, skyring 16 off-balance-sheet commitments, skyring 18 currency risk), Fjarfestingastefna Birtu 2026 (full PDF, including the investment decision and approval passage), the Birta arsskyrsla 2025 site, the Birta utgefid index and the Birta people page. Could not find: any commitment amount or vintage year, the identity of the 'Adrir sjodir undir 2%' residual of ISK 8,6bn, separate market values for the three listed foreign PE funds (the printed table interleaves them), a named board-level investment council roster, and board meeting frequency.",5
Frjalsi lifeyrissjodurinn,Iceland,Reykjavik (Borgartun 19),"Member-choice pension fund with four investment paths, administered by Arion banki",none,"no - Frjalsi is a member-choice fund whose assets are split across four separate investment paths, each with its own policy, and its published 30.6.2026 holdings sheet shows every unlisted foreign fund position at 0,1% of a path or less. It has no Asia private equity at all. A USD 50m single-fund commitment would be an order of magnitude above anything on its sheet.",outsourced manager signs - Frjalsi's day-to-day management sits with Arion banki. Its holdings sheets are produced under the Frjalsi brand at Arion's Borgartun 19 address. This check could not establish from a primary document whether the Frjalsi board or Arion signs an individual unlisted fund commitment.,"Frjalsi publishes a position-level Eignasamsetning sheet per investment path, dated 30.6.2026, generated from Power BI. Its unlisted foreign fund positions are each shown at 0,1% of the path's total or less, listed in a single 0,1% block. No krona amounts and no aggregate private equity allocation are given on the sheet. The fund states 'Frjalsi er sjoundi staersti lifeyrissjodur Islands'. https://www.frjalsi.is/library/Skrar/Eignasamsetning/Frj%C3%A1lsi%201-.pdf and https://www.frjalsi.is/fleira/lykilupplysingar/ read 2026-09-19","Not disclosed in krona. Every named unlisted foreign fund in the Frjalsi 1 sheet at 30.6.2026 sits at 0,1% of the path or below, which for the seventh largest Icelandic fund split across four paths implies positions well under ISK 1bn. https://www.frjalsi.is/library/Skrar/Eignasamsetning/Frj%C3%A1lsi%201-.pdf read 2026-09-19",,"Not established. The Frjalsi samthykktir set out the board's powers, but I did not locate a starfsreglur stjornar or an investment policy that names who approves an unlisted foreign fund commitment.",Not published.,Arion banki is the administrator. The holdings sheets carry Arion group funds (Stefnir) among the domestic positions.,,https://www.frjalsi.is/fleira/um-frjalsa/,"Opened: the Frjalsi Eignasamsetning sheet for Frjalsi 1 dated 30.6.2026 (full PDF, every named position across innlan, innlend skuldabref, erlend skuldabref, innlend og erlend hlutabref and the unlisted fund block), the Frjalsi um-frjalsa page listing the Eignasamsetning sheets for Frjalsi 1, 2, 3, Ahaetta and Tryggingadeild, the Frjalsi lykilupplysingar page and the Frjalsi samthykktir index. Could not find: a Frjalsi arsreikningur or arsskyrsla PDF on the site, a krona figure for net assets (the lykilupplysingar page loads it dynamically), any starfsreglur stjornar or investment policy naming the approval route, any named staff, and any Asia holding in any path.",3
Gildi lifeyrissjodur,Iceland,Reykjavik,"Occupational pension fund for Icelandic seamen, industrial and general workers",signs,"yes - on capacity, no on demonstrated single-fund appetite. ISK 6,26bn is 0,52% of Gildi's ISK 1.213,6bn net assets and Gildi holds ISK 76,9bn of undrawn foreign commitments, so size is not the obstacle, and Gildi has the widest currency headroom in this set at 62,4% ISK against a 45,5% floor. The caution is that no existing unlisted foreign PE position is carried above ISK 4,6bn, about USD 36m, so USD 50m into one fund would be at or above the top of Gildi's evidenced range.",commits in its own name - Gildi runs a seven-person eignastyring team that selects and signs fund commitments directly. No pool and no gatekeeper named.,"Net assets ISK 1.213.631.964 thus. at 31.12.2025 (ISK 1.116.555.513 thus. a year earlier). Unlisted foreign private equity funds ('Erlendir framtakssjodir, oskradir', 41 named funds) carried ISK 99.150.787 thus. at 31.12.2025 against a cost of ISK 62.314.515 thus., up from ISK 93.244.569 thus. a year earlier, so about 8,2% of net assets. Unlisted foreign infrastructure added ISK 14.698.390 thus. Off-balance-sheet commitments of the samtryggingardeild were ISK 87,6bn at end-2025, 'sem skiptast i 10,7 milljarda innlendar skuldbindingar og 76,9 milljarda erlendar', about USD 614m of foreign dry powder. https://www.gildi.is/documents/1222/%C3%81rsreikningur_2025_2.pdf read 2026-09-19","Named unlisted foreign PE positions at 31.12.2025 run from ISK 240 thus. (runoff) up to ISK 4.558.676 thus. (AlpInvest Co-Investment Fund VIII). Live positions cluster between ISK 1,1bn and ISK 4,6bn of market value, roughly USD 9m to USD 36m, median about ISK 2,7bn or USD 22m. Gildi's biggest single unlisted foreign PE position is smaller than a USD 50m ticket, though these are residual market values rather than commitments. https://www.gildi.is/documents/1222/%C3%81rsreikningur_2025_2.pdf read 2026-09-19","SVG Asia | ISK 10.642 thus. market value at 31.12.2025 against ISK 385.480 thus. at 31.12.2024, cost basis ISK 54.743 thus.; commitment not published. (held at 31 December 2025; vintage not stated)
Schroders PE FoF IV and Schroder PE FoF II | ISK 37.188 thus. and ISK 15.602 thus. market value at 31.12.2025, against ISK 368.277 thus. and ISK 90.909 thus. a year earlier; commitments not published. (held at 31 December 2025; vintages not stated)
SVG Diamond PE III | ISK 10.983 thus. market value at 31.12.2025, cost ISK 9.155 thus.; commitment not published. (held at 31 December 2025; vintage not stated)",Stjorn sets and publishes the fjarfestingarstefna under 36. gr. of log nr. 129/1997 and appoints a three-member endurskodunarnefnd that monitors risk management and internal control ('Endurskodunarnefnd fylgist med ahaettustyringu og ahaettueftirliti sjodsins og virkni innra eftirlits og endurskodunar'). No separate fjarfestingarrad is published.,Monthly as a baseline. The 2025 accounts set board pay by reference to one meeting per month: 'Ef stjornarfundir eru fleiri en einn i hverjum manudi skuli greida aukalega'.,None named in the 2025 accounts or on the committees page.,David Rudolfsson (Framkvaemdastjori); Rosa Bjorgvinsdottir (Forstodumadur eignastyringar); Birgir Stefansson (Eignastyring); Hafsteinn Ingi Magnusson (Eignastyring); Sigurdur Oli Hakonarson (Eignastyring),"https://www.gildi.is/documents/1222/%C3%81rsreikningur_2025_2.pdf
https://www.gildi.is/um-gildi/nefndir/","Opened: Gildi Arsreikningur 2025 (full PDF, pages 51 to 54 with the complete named holdings tables for listed and unlisted foreign PE, foreign infrastructure, foreign real estate and domestic unlisted, the currency risk note, the off-balance-sheet commitments note and the FX rate table), Arsskyrsla Gildis 2025, the Gildi arsskyrslur index, the eignir-og-fjarfestingar page, the nefndir page and the staff page. Could not find: any commitment amount or vintage year, a separate published fjarfestingarstefna for 2026 on the site, a fjarfestingarrad or its members, any named individual with an Asia or alternatives remit, and any live Asia vehicle other than the SVG Asia runoff.",5
LSR - Lifeyrissjodur starfsmanna rikisins (A-deild),Iceland,Reykjavik,Statutory pension fund for Icelandic state employees (A-deild is the accruing division),signs,"yes - ISK 6,26bn is 0,44% of A-deild's ISK 1.412,9bn net assets, well inside the 10% single-issuer cap in 36. gr. c, and LSR already carries ISK 105,4bn of undrawn foreign fund commitments. The binding constraint is currency, not size: LSR reported 48,8% of assets in foreign currency at 31.12.2025 against a 54,5% statutory ceiling from 1 January 2026, so headroom is about 5,7 percentage points, roughly ISK 80bn. The vehicle must also be issued from an OECD or EEA jurisdiction to satisfy 36. gr. b, 4. mgr.","commits in its own name - LSR is a statutory fund that selects and signs its own fund commitments. No pool, and no external gatekeeper named in the 2025 accounts or the board rules.","A-deild net assets ISK 1.412.936,1m at 31.12.2025 (ISK 1.302.404,4m a year earlier). Foreign drawdown funds ('Erlendir sjodir a innkollunarformi', 45 named funds plus a residual) carried ISK 158.232,9m at 31.12.2025 against ISK 142.983,9m a year earlier, and total foreign securities were ISK 647.728,8m. Undrawn commitments at 31.12.2025 were ISK 129.837,6m in total, split ISK 24.389,2m domestic and ISK 105.448,4m foreign (skyring 16), about USD 842m of foreign dry powder. https://www.lsr.is/media/oi0m4lzc/arsreikningur-a-deild-2025-x.pdf read 2026-09-19","From the 31.12.2025 holdings table, individual foreign drawdown-fund positions run from ISK 884,5m to ISK 6.833,3m of market value, with a median around ISK 2.900m. At ISK 125,20 per USD that is roughly USD 7m to USD 55m per fund, median about USD 23m. The two named Asia funds sit at ISK 3.495,6m and ISK 3.501,9m, about USD 28m each. Kostnadarverd is defined as purchase price less sales and repayments, so original commitments are larger than these figures. https://www.lsr.is/media/oi0m4lzc/arsreikningur-a-deild-2025-x.pdf read 2026-09-19","Blackstone Capital Partners Asia II | ISK 3.501,9m market value at 31.12.2025 (cost basis ISK 1.866,7m; ISK 2.345,1m value at 31.12.2024); commitment not published. About USD 28,0m. (held at 31 December 2025; vintage not stated)
KKR Asian Fund IV | ISK 3.495,6m market value at 31.12.2025 (cost basis ISK 1.476,2m; ISK 2.839,9m value at 31.12.2024); commitment not published. About USD 27,9m at the 31.12.2025 rate of 125,20. (held at 31 December 2025; vintage not stated)
Aberdeen Asia Fund of Funds | ISK 10,6m market value at 31.12.2025, cost basis negative at ISK (119,0)m, down from ISK 385,5m at 31.12.2024; commitment not published. (held at 31 December 2025; vintage not stated)
LGT Crown European Markets IV | ISK 2.089,3m market value at 31.12.2025, cost ISK 866,7m; commitment not published. (held at 31 December 2025; vintage not stated)
Schroder Private Equity Fund of Funds III and IV | ISK 56,4m and ISK 42,5m market value at 31.12.2025, both with negative cost basis; commitments not published. (held at 31 December 2025; vintage not stated)","Stjorn LSR sets the fjarfestingarstefna and the framkvaemdastjori implements it. Starfsreglur stjornar 4.4: 'Stjornin skal mota fjarfestingarstefnu sjodsins. Stjornin skal sja til thess ad skipting a eignasafni sjodsins se i samraemi vid gildandi log og fjarfestingarstefnu sjodsins hverju sinni.' 4.3 reserves 'allar meiriharttar akvardanir vardandi stefnumotun' to the board. Individual fund commitments are not reserved to the board, so they are executed by eignastyringarsvid within board-set policy.",Starfsreglur stjornar 6.1: 'Stjornarfundi skal halda svo oft sem thurfa thykir og eigi sjaldnar en einu sinni i manudi ad jafnadi.' Board rules dated 16.09.2026. Unfunded commitments are compiled twice a year (skyring 18).,"None named. No investment consultant or gatekeeper appears in the 2025 accounts, the board rules or the governance statement.",Harpa Jonsdottir (Framkvaemdastjori); Berglind Bjarnadottir (Svidsstjori eignastyringarsvids); Brynhildur Yr Ottosdottir (Svidsstjori ahaettustyringar og innri endurskodunar); Thorkell Sigurgeirsson (Svidsstjori fjarmalasvids / fjarmalastjori),"https://www.lsr.is/media/hpbhcgfp/starfsreglur-stjornar-lsr-16092026.pdf
https://www.lsr.is/media/oi0m4lzc/arsreikningur-a-deild-2025-x.pdf","Opened: Arsreikningur A-deildar LSR 2025 (full PDF, skyring 7 foreign fund holdings table paired name-by-name with its figures and cross-checked by the table's descending market-value order, skyring 16 off-balance-sheet commitments, the currency split note and the five-year kennitolur), Starfsreglur stjornar LSR dated 16.09.2026, Stjornarhattayfirlysing LSR 2026, the LSR investment overview pages and the LSR staff page. Could not find: a published commitment amount or vintage year for any single fund, a separate B-deild or S-deild holdings list (only A-deild's arsreikningur was located), a named individual responsible for Asia or alternatives specifically, and any board or IC minutes.",5
Lifeyrissjodur verzlunarmanna (LV / LIVE),Iceland,Reykjavik,Occupational pension fund for Icelandic commerce and service workers; largest Icelandic pension fund by net assets,signs,"yes - LV already holds a pan-Asia position at almost exactly that size. Macquaire Asia-Pacific 3 was carried at ISK 6.226.340 thus., about USD 49,7m, at 31.12.2025, and its cost basis grew by ISK 1,0bn during the year. ISK 6,26bn is 0,40% of LV's ISK 1.566,4bn net assets. The caution is currency: LV reported 49,6% of investments in ISK and 50,4% in foreign currency at 31.12.2025 against a 45,5% ISK floor for 2026, leaving about 4,1 percentage points or ISK 64bn of headroom, and LV states it runs no currency hedges at all, so it cannot use the derivative relief in 36. gr. d, 5. mgr.","commits in its own name - LV selects and signs its own fund commitments through eignastyringarsvid, and has gone further by standing up a 100%-owned single-investor vehicle, AlpInvest LIVE C.V.","Net assets ISK 1.566.437.814 thus. at 31.12.2025 (ISK 1.457.577.507 thus. a year earlier), the largest Icelandic pension fund in this set. Foreign drawdown funds ('Erlendir sjodir med askriftarfyrirkomulagi') carried ISK 142.523.053 thus. at 31.12.2025 against ISK 137.477.579 thus. a year earlier. All foreign company and fund holdings totalled ISK 779.460.371 thus. Off-balance-sheet commitments (skyring 17) were ISK 78.325.557 thus., split ISK 17.625.318 thus. domestic and ISK 60.700.239 thus. foreign, the foreign figure having risen from ISK 33.333.216 thus. in one year. https://www.live.is/media/q3wn4mli/_arsreikningur_2025_200326_net.pdf read 2026-09-19","Named foreign drawdown positions at 31.12.2025 run from ISK 9.177 thus. (a runoff) up to ISK 7.818.869 thus. (AlpInvest Co-Investment Fund VIII). Excluding runoffs, the live positions sit between about ISK 1,1bn and ISK 7,8bn of market value, roughly USD 9m to USD 62m, with several clustered at ISK 6,2bn to ISK 7,3bn, about USD 50m to USD 58m. https://www.live.is/media/q3wn4mli/_arsreikningur_2025_200326_net.pdf read 2026-09-19","Macquaire Asia-Pacific 3 | ISK 6.226.340 thus. market value at 31.12.2025, cost basis ISK 5.447.902 thus., against ISK 6.593.701 thus. value and ISK 4.441.879 thus. cost at 31.12.2024; commitment not published. About USD 49,7m at the 31.12.2025 rate. (held at 31 December 2025; vintage not stated)
Aberdeen Asia Fund | ISK 31.925 thus. market value at 31.12.2025, down from ISK 876.207 thus. at 31.12.2024; cost basis negative at ISK (1.512.768) thus.; commitment not published. (held at 31 December 2025; vintage not stated)
Partners Group Asia Pacific 2007 | ISK 32.759 thus. market value at 31.12.2025 against ISK 43.541 thus. at 31.12.2024; cost basis negative at ISK (1.320.096) thus.; commitment not published. (held at 31 December 2025; 2007 programme year appears in the vehicle name)
AlpInvest LIVE C.V. | ISK 6.229.401 thus. market value at 31.12.2025, 100,0% eignarhlutur, cost basis ISK 2.165.484 thus.; commitment not published. (held at 31 December 2025; vintage not stated)
Schroder Private Equity F I, F II and F III | ISK 9.177 thus., ISK 13.861 thus. and ISK 84.559 thus. market value at 31.12.2025, all with negative cost bases; commitments not published. (held at 31 December 2025; vintages not stated)","Stjorn of eight members nominated by the fund's member organisations, plus a 'Fjarfestingarrad eignastyringarsvids' (investment council of the asset management division), a 'Nefnd um abyrgar fjarfestingar' and an 'Ahaettunefnd'. The governance statement says 'Stjorn er skipud atta stjornarmonnum tilnefndum af adildarfelogum sjodsins'.",Not published. The 2025 governance statement names the bodies but gives no meeting frequency; the arsreikningur was signed in Reykjavik on 26 February 2026.,None named in the 2025 report.,Gudmundur Th. Thorhallsson (Framkvaemdastjori); Arne Vagn Olsen (Forstodumadur eignastyringar); Magnus Helgason (Forstodumadur ahaettustyringar); Jon Olafur Halldorsson (Stjornarformadur); Stefan Sveinbjornsson (Varaformadur stjornar),"https://www.live.is/media/q3wn4mli/_arsreikningur_2025_200326_net.pdf
https://www.live.is/um-sjodinn/ars-og-sjalfbaerniskyrsla/stjornarhaettir-og-stjornun/","Opened: Arsreikningur / Ars- og sjalfbaerniskyrsla LV 2025 (full PDF, skyring 9 with the complete 'Erlendir sjodir med askriftarfyrirkomulagi' table including per-fund gangvirdi, eignarhlutur and kostnadarverd for 2025 and 2024, skyring 12 currency split, skyring 17 off-balance-sheet commitments, the currency risk note and the board signature page), the LV governance page, the LV stjornendur page and the LV investment pages. Could not find: any commitment amount or vintage year, the identity of the 'Adrir framtakssjodir, eignarhlutur undir 2%' residual of ISK 78,2bn which could hide further Asia exposure, board meeting frequency, and any named person responsible for Asia or alternatives below the forstodumadur level.",5
Stapi lifeyrissjodur,Iceland,Akureyri,Regional occupational pension fund for north and east Iceland,none,"no - USD 50m is ISK 6,26bn, which is 1,4% of Stapi's ISK 450,4bn tryggingadeild and is larger than Stapi's entire foreign private equity commitment book of ISK 4,4bn and larger than its entire disclosed unlisted foreign fund portfolio of ISK 5,5bn. Its biggest single unlisted foreign position is ISK 1,8bn, about USD 15m. Currency is not the constraint at 41,0% foreign, capacity is.","commits in its own name - Stapi runs its own eignastyring and signs its own commitments. No pool, no gatekeeper named.","Net assets ISK 462.081.122 thus. in total at 31.12.2025, of which the tryggingadeild held ISK 450.369.987 thus. and the sereignardeild ISK 10.397m. Disclosed unlisted foreign funds where the stake exceeds 2% totalled ISK 5.479.467 thus. of gangverd at 31.12.2025 against a cost of ISK 3.610.908 thus. Off-balance-sheet commitments (skyring 15) are capped at ISK 8,3bn: 'um 3,9 ma. kr. eru loford i innlendum framtakssjodum og 4,4 ma.kr. til erlendra framtakssjoda.' The whole foreign PE commitment book is about USD 35m. https://www.stapi.is/static/files/2026/arsreikningur/31.desember2025.pdf read 2026-09-19","The seven disclosed unlisted foreign fund positions at 31.12.2025 run from ISK 1.749 thus. to ISK 1.814.609 thus. of gangverd, so under ISK 1,9bn or about USD 15m at the top. https://www.stapi.is/static/files/2026/arsreikningur/31.desember2025.pdf read 2026-09-19",,"Stjorn of eight, with the framkvaemdastjori running day-to-day investment activity inside board policy. The accounts restate the statutory position: 'Framkvaemdastjori annast daglegan rekstur og skal hann fara eftir theirri stefnu og fyrirmaelum sem stjorn sjodsins hefur gefid. Radstafanir sem eru ovenjulegar eda mikilshattar getur framkvaemdastjori adeins gert' with board authority.",Not published. The 2025 accounts were signed in Akureyri on 16 March 2026.,None named.,Bjorn Snaebjornsson (Formadur stjornar); Elsa Bjorg Petursdottir (Varaformadur stjornar); Elin Hjalmarsdottir (Stjornarmadur); Gudny Hrund Karlsdottir (Stjornarmadur),https://www.stapi.is/static/files/2026/arsreikningur/31.desember2025.pdf,"Opened: Stapi Arsreikningur 31. desember 2025 (full PDF, skyring on 'Hlutdeildarskirteini i oskradum erlendum sjodum med eignarhlut staerri en 2%' with all seven names, the 'Hlutdeildarskirteini i erlendum sjodum, 20 staerstu' list, skyring 15 off-balance-sheet commitments, the currency risk note and the salary note naming the board), skyringar_2025.pdf, the Stapi arsskyrsla 2025 site including the arsreikningur and eignir-og-avoxtun pages, and the Stapi investment pages. Could not find: a complete holdings list. Stapi discloses only unlisted foreign funds where its stake exceeds 2% plus the 20 largest foreign funds, so a small Asia position below both thresholds would not appear. Also not found: the names of the framkvaemdastjori and forstodumadur eignastyringar, who appear in the accounts by title only.",4
"Assicurazioni Generali (group general account, managed by Generali Asset Management and Lion River)",Italy,Trieste,Composite insurer and asset manager. Group general account plus a captive private-markets manager that also sells to third parties.,none,"yes - size and capital treatment both permit it, and Generali is the one Italian name on this list where the Solvency II arithmetic favours rather than blocks an Asia fund. The Group 'measures its Solvency Capital Requirement (SCR) by means of the Partial Internal Model (PIM)', approved by the supervisory authority, covering financial, credit, life and non-life underwriting and operational risks. Under that model 'equity risk is modelled by associating each equity exposure to a market index representative of its industrial sector and/or geography', with potential changes in market value estimated from past shocks on the selected indices. So Generali does not apply the standard formula's 49% Type 2 charge under Delegated Regulation (EU) 2015/35 Art 168(3) and 169(2)(b), and the Art 171a long-term-equity relief being EEA-only is irrelevant to it. The Group Solvency Ratio was 218.9% at 31/12/2025 against 209.7% a year earlier, SCR EUR 24,004 million and MCR EUR 17,774 million. The SCR for financial risks was EUR 13,412 million before diversification, 35.8% of total SCR before diversification, and EUR 11,616 million after diversification, 41.3% of total SCR after diversification, with the SFCR stating that 'the most relevant financial risk for the Group is equity risk'. The duration-based equity risk sub-module of Art 304 is 'not applicable to Generali Group'. The Group also says it is 'pursuing the diversification to alternative asset classes and increasing the target allocation to private markets, which are deemed more attractive than public markets both in terms of absolute return and Solvency II impact', and that 'On Private equity we kept subscribing new committments to keep the long term target of increasing exposure for the asset class'. The real obstacle is not capacity or capital, it is that Generali selects GPs itself.","does not commit in its own name in any way Pavilion can sell into directly. The general account's private-equity commitments flow through a captive: the SFCR records 'investment commitments in Group companies... mainly commitments associated with alternative investments (private equity), predominantly towards a specialised Group company managing this type of investments'. That company is Lion River N.V., the Dutch vehicle, which in March 2025 set up Generali Lion River Capital Partners SGR in the Generali Tower in Milan with a secondary office in Trieste, capitalised at EUR 1m fully subscribed by Lion River, to manage closed-end alternative investment funds including delegated mandates for Italian and foreign SICAFs and OICRs. Generali Asset Management states that it 'has sound experience in selecting and managing private equity asset managers for Generali Group' and now offers external clients the chance to invest alongside the Group. Generali is therefore a gatekeeper and a competitor as well as an LP.","EUR 22.5bn total private-equity commitment, capital invested plus committed, for the Group company dedicated to private equity, as of end Q1 2024. The private-equity investment team sits in Milan and Trieste. https://www.generali-investments.com/it/en/institutional/investment-capabilities-private-equity read 2026-09-19. Separately, Lion River 'already manages around EUR 20bn in private equity assets' as of the March 2025 launch of Generali Lion River Capital Partners SGR, https://pe-insights.com/generali-launches-new-private-equity-fund-manager-through-dutch-unit-lion-river/ read 2026-09-19. Group equity investments including private equity funds were EUR 27,717 million at 31/12/2025, 7.3% of total General Account investments, against total General Account investments of EUR 373,065 million. https://www.generali.com/doc/jcr:19369502-b22b-45d2-ba6d-19fa6d1659a7/SFCR%20YE25%20ENG.pdf/lang:en/SFCR_YE25_ENG.pdf read 2026-09-19","nine figures in euro per underlying position, though no per-fund commitment is published. Inferred from a EUR 22.5bn private-equity commitment book run by a single in-house team, and from the one sized fund-of-funds strategy Generali does disclose, a EUR 2.5 billion programme investing in sustainable European SMEs, the green energy transition, healthcare and digital. The seed row's '~2022 (est.)' ticket was a date parsed as a number and is discarded.",,"Generali Asset Management's private-equity investment team in Milan and Trieste selects and manages the underlying GPs for the Group. Manager selection sits with that team rather than with an insurance investment committee. At Group level the Investment Governance Group Policy applies the Prudent Person Principle of Art 132 of Directive 2009/138/EC, and the SFCR records 'specific additional concentration limits set for Real Estate and Private Equity portfolios (these latter at Group level)'. Generali Lion River Capital Partners SGR has its own board chaired by Salvatore Colotti.",Continuous. The SFCR states that on private equity the Group 'kept subscribing new committments' through 2025 toward a long-term target of increasing the allocation.,"No external gatekeeper. Lion River N.V. and Generali Asset Management are the internal ones. Partners Group is a distribution partner rather than a selector: the Private Credit Secondaries Fund launched on 22 April 2025 is a product Generali Investments sells to professional investors in Europe, the Middle East and Asia, not an LP commitment Generali made.","Salvatore Colotti (Chairman, Generali Lion River Capital Partners SGR, appointed at the March 2025 launch); Marco Busca (Head of Indirect Private Debt, Generali Asset Management, quoted in the 22 April 2025 Partners Group release. Private debt rather than private equity, so this is an adjacent seat.); Marco Zanuso (Global Head of Sales and Marketing, Generali Investments, as of 22 April 2025); Andrea Bonomi, Francesco Cignolo, Fabrizio Riccardi, Ileana Bolcato, Bruno Sollazzo (Board members of Generali Lion River Capital Partners SGR at its March 2025 launch, with Paolo Montironi as legal advisor. Titles inside the Group are not stated in the source.)",https://www.generali.com/doc/jcr:19369502-b22b-45d2-ba6d-19fa6d1659a7/SFCR%20YE25%20ENG.pdf/lang:en/SFCR_YE25_ENG.pdf,"Opened and text-extracted the full 164-page Solvency and Financial Condition Report 2025 of the Generali Group and read sections on the Partial Internal Model, financial risk measurement, the asset class analysis, intragroup transactions and section E.3 on the duration-based equity risk sub-module. Grepped it for Asia, Asia-Pacific, China, India, Japan and Singapore: every hit is an insurance operation, none is a private-equity position. Grepped it for private equity, equity investments, internal model, solvency ratio, equity risk and symmetric adjustment. Read the Generali Investments private-equity capability page for the commitment figure and team location. Read the 22 April 2025 Partners Group press release in full. Read the Private Equity Insights report on the launch of Generali Lion River Capital Partners SGR. Ran three separate searches pairing Generali with Asia private equity, with named Asian GPs and with Lion River and Asia, and found nothing. Could not read the BeBeez and Citywire pieces on the SGR launch, both paywalled. Could not find any named Asia fund commitment, any geographic split of the private-equity book, or a named Head of Private Equity at Generali Asset Management. The seed row's group AUM figure of EUR 736.1bn at 31/12/2025 was not confirmed in anything checked; what the SFCR gives is total investments of EUR 496,920 million with EUR 373,065 million in the General Account.",2
Cassa Forense (Cassa Nazionale di Previdenza e Assistenza Forense),Italy,Rome,"Cassa di previdenza (private-law first-pillar pension body for Italian lawyers, D.Lgs 509/1994)",none,"unclear - the capacity is plainly there and the unit size is not proven outside one relationship. Cassa Forense wrote EUR 735m of new illiquid commitments in 2024 including EUR 350m of private equity, and its patrimonio is EUR 19.5bn. Its ordinary per-fund ticket is EUR 20m-40m. The only evidenced commitment above US$50m is EUR 175m to the European Investment Fund's AMUF umbrella fund-of-funds, a public-institution relationship rather than a commercial manager mandate. It also runs a deliberate maximum-diversification policy across 150-plus funds, which argues against concentrating US$50m in a single new vehicle.","commits in its own name - Cassa Forense subscribes fund interests directly and takes advisory board seats on the funds it backs. Maria Annunziata, presidente: 'Essere presenti negli advisory board significa avere accesso tempestivo a tutte le decisioni importanti che accompagnano la vita del fondo'. It has also used Italian SICAV and SICAF wrappers for some alternative mandates. No captive asset manager sits between it and the fund. https://www.focusrisparmio.com/news/mercati-privati-cassa-forense-annunziata","private equity, private debt and infrastructure together reach almost 15% of assets, above a 13% strategic target and up from 11.4% at 31 December 2024. The book runs across more than 150 funds with more than 70 management houses, Italian and international. New illiquid alternative commitments in 2024 were EUR 735m, of which EUR 350m went to private equity. Patrimonio netto EUR 19,492,971,355.88 at 31 December 2024, and the securities and property portfolio at market value was EUR 20,296.4m. https://www.ipe.com/news/cassa-forense-accelerates-private-markets-push/10132816.article and https://www.focusrisparmio.com/news/mercati-privati-cassa-forense-annunziata","EUR 20m to EUR 40m per fund is the evidenced norm. The 2018 subscription list gives Headway Investment Partners IV EUR 30m, Ambienta III EUR 25m, L Catterton Europe IV EUR 25m, Equinox III EUR 25m, Anthilia BIT III EUR 25m and Progressio Investimenti III EUR 20m. The EIF SDUF Green Tech anchor was EUR 40m. https://bebeez.it/studi-e-approfondimenti/cassa-forense-sfiora-i-2-mld-investiti-in-private-capital-a-fine-2018-il-peso-degli-alternativi-illiquidi-salira-al-105-del-portafoglio/ | F: one much larger exception exists. Cassa Forense committed EUR 175m to AMUF, the European Investment Fund's Luxembourg multi-compartment umbrella fund-of-funds, in late December 2017. https://bebeez.it/private-equity/il-fondo-di-fondi-del-fei-amuf-incassa-90-mln-euro-di-impegni-dallenpacl-dopo-i-175-mln-di-cassa-forense/ | I: about EUR 19m per fund on a portfolio basis, from almost 15% of a roughly EUR 19.5bn patrimonio spread across more than 150 funds. This is a market-value average, not a commitment average, so treat it as a floor.",,"Consiglio di Amministrazione, with the Comitato dei Delegati above it. The president speaks publicly for the investment strategy. not CONFIRMED from a primary document: the existence and composition of a separate Commissione Investimenti, because cassaforense.it refused every connection from this network.",Not found. No published meeting calendar could be reached.,"Not confirmed. Prometeia Advisor SIM is the most frequently cited Italian institutional advisor and appears alongside Cassa Forense in search results, but no document was reached that names it as Cassa Forense's retained advisor. Treat the advisor as unknown. What is evidenced is that Cassa Forense requires an advisory board seat on the funds it backs, which is a real term for a manager to meet.",Maria Annunziata (Presidente di Cassa Forense); Valter Militi (Presidente at the time the 2024 accounts were approved; superseded by Maria Annunziata by September 2025),https://www.focusrisparmio.com/news/mercati-privati-cassa-forense-annunziata,"cassaforense.it refused every direct connection from this network (every direct fetch was refused for the homepage, /bilanci/ and /amministrazione-trasparente/), and its sitemap and robots.txt are empty, so the bilancio consuntivo and nota integrativa PDFs could not be downloaded or grepped. Two individual cassaforense.it news pages were reachable through a text-extraction proxy and were read. Read in full instead: the IPE article 'Cassa Forense accelerates private markets push' of 24 September 2025, the FocusRisparmio interview with Maria Annunziata of 24 September 2025, the BeBeez analysis of the 31/12/2018 private capital portfolio, the BeBeez report on the EUR 175m AMUF commitment, and the BeBeez reports on the EIF SDUF Green Tech anchor and the FITEC II closing. Searched for a Cassa Forense investment-manager tender and found only assistance grants (bandi assistenza) and the 2026 bandi prospectus, no OICR selection notice. not found: the bilancio consuntivo PDF, the nota integrativa fund list, the Asset Allocation Strategica document, the regolamento degli investimenti, a Commissione Investimenti, a named investment advisor, and the 2025 fund-by-fund subscription list.",2
Fondazione ENPAM (Ente Nazionale di Previdenza ed Assistenza dei Medici e degli Odontoiatri),Italy,Rome,"Cassa di previdenza (private-law first-pillar pension foundation for doctors and dentists, D.Lgs 509/1994); the largest Italian cassa",signs,"yes - comfortably, and it already writes far larger. ENPAM's evidenced USD tickets into third-party multi-manager private equity vehicles are USD 80m, USD 100m, USD 120m, USD 150m and USD 230m, and its largest single EUR commitment is EUR 860m to Hamilton Lane Fund SCA. Private equity is 8.3% of the Performance Portfolio against a 10.0% strategic target and the whole illiquid portfolio is 34.5% against a 48.0% target, so the direction of travel is up.","commits in its own name - ENPAM subscribes the fund interests directly and books them in its own nota integrativa, including a fund it owns 100% of (Hamilton Lane Fund SCA, a dedicated Luxembourg SCA vehicle). International private equity is routed through third-party fund-of-funds managers rather than through a captive asset manager. Investment advisory to ENPAM's own organs on asset allocation and on the selection of investment alternatives is bought from LCG Advisory Societa di Consulenza Finanziaria S.p.A. https://www.enpam.it/wp-content/uploads/Bilancio-consuntivo-2025.pdf","the Private Market portfolio rose from 12.6% to 13.6% of the financial portfolio during 2025. Subscribed private equity and venture capital commitments totalled EUR 3,109,459,203 with EUR 1,502,232,190 undrawn, plus a USD book of USD 1,098,000,000 across private equity and private debt with USD 492,455,786 undrawn, all at 31 December 2025. Total residual private-market commitments were EUR 2,223,896,213 plus USD 492,455,786. Patrimonio netto contabile EUR 27.662bn at 31 December 2025, patrimonio netto a mercato about EUR 31.338bn. https://www.enpam.it/wp-content/uploads/Bilancio-consuntivo-2025.pdf","two clearly separate tickets, both read straight off the 31/12/2025 commitment tables. Italian single-GP buyout and venture funds run EUR 15m to EUR 60m (Aksia Capital VI EUR 60m, Nextalia Flexible Capital EUR 60m, IGI Sustainable Transition IV EUR 30m, Gradiente III EUR 15m, Riello Buy&Build EUR 15m). International multi-manager and secondaries vehicles run EUR 60m to EUR 860m and USD 80m to USD 230m (Hamilton Lane Fund SCA EUR 860m, Pantheon Access 2022 EUR 200m, Pantheon Access SLP EUR 180m, HarbourVest 2022 Global Feeder USD 230m, Coller IX USD 150m, Glendower USD 120m, Blackstone Strategic Partners IX USD 100m). https://www.enpam.it/wp-content/uploads/Bilancio-consuntivo-2025.pdf","China - Italy Industrial Cooperation Fund, Comparto A | EUR 75,000,000 committed, EUR 26,600,718 still undrawn at 31 December 2025; carrying value EUR 49,058,131.61 and ENPAM holds 5.00% (held at 31 December 2025; vintage not stated in the source)
Hamilton Lane Fund SCA | EUR 860,000,000 committed, EUR 337,628,381 still undrawn at 31 December 2025; carrying value EUR 484,522,569.95 and ENPAM holds 100.00% of the fund (held at 31 December 2025; vintage not stated in the source)
HarbourVest 2022 Global Feeder AIF | USD 230,000,000 committed, USD 105,800,000 still undrawn at 31 December 2025 (held at 31 December 2025; the nota integrativa gives commitment and undrawn but not a vintage year)
Pantheon Access 2022 | EUR 200,000,000 committed, EUR 118,700,000 still undrawn at 31 December 2025; carrying value EUR 78,532,633 (held at 31 December 2025; the vehicle name carries 2022)
Pantheon Access SLP | EUR 180,000,000 committed, EUR 48,148,000 still undrawn at 31 December 2025; carrying value EUR 126,906,534 (held at 31 December 2025; vintage not stated in the source)
Coller International Partners VIII SLP and Coller International Partners IX SLP | USD 150,000,000 each, USD 66,967,594 and USD 116,125,537 still undrawn at 31 December 2025 (both held at 31 December 2025)
Glendower Capital Secondary Opportunities and Secondary Opportunities VI; Blackstone Strategic Partners Feeder IX; Partners Group Secondary 2020 EUR and Secondary VIII | USD 120,000,000; EUR 60,000,000; USD 100,000,000; EUR 100,000,000; EUR 60,000,000 (all held at 31 December 2025; Partners Group Secondary VIII was subscribed during 2025)
Schroder Adveq Europe VII S.C.S. and Schroder Capital Private Equity Europe VIII S.C.S. | EUR 80,000,000 and EUR 86,300,000 (both held at 31 December 2025)
HarbourVest 2019 Global Feeder AIF SCSp | USD 80,000,000 committed, USD 14,400,000 still undrawn at 31 December 2025 (held at 31 December 2025; vintage not stated in the source)",Consiglio di Amministrazione approves the Documento Strategico and the Asset Allocation Strategica and deliberates individual commitments. An internal Comitato ALM sets the maturity priority for the Cash-Flow Matching Portfolio. The Assemblea Nazionale sits above the CdA. New manager selections run as formal 'processi di selezione gestori' published on enpam.it/patrimonio.,"F: the CdA approved an update to the Documento Strategico in December 2025, following the 2023 Bilancio Tecnico. The new double-portfolio LDI approach was inaugurated in October 2024. Selection notices run on a 30-day submission window.","LCG Advisory Societa di Consulenza Finanziaria S.p.A. holds the 'Investment Advisory' contract 'di supporto agli Organi di Fondazione Enpam nella definizione dell'Asset Allocation di Patrimonio e nella selezione delle alternative di impiego'. For international private equity the effective gatekeepers are the incumbent fund-of-funds managers themselves, Hamilton Lane, Pantheon and HarbourVest.","Alberto Oliveti (Presidente, Consiglio di Amministrazione); Vittorio Pulci (Direttore Generale); Luca Cinquepalmi (Vice Direttore Generale); Silvestro Scotti (Vice Presidente Vicario)",https://www.enpam.it/wp-content/uploads/Bilancio-consuntivo-2025.pdf,"Downloaded and text-extracted the full Bilancio Consuntivo 2025 (272 pages, 16MB) with macOS PDFKit and read the whole Relazione sulla Gestione investment section, the Asset Allocation Strategica table for the Performance Portfolio, the Private Market section, and the four nota integrativa fund tables (carrying values, movements, EUR commitments, USD commitments). Grepped for Asia, asiatico, Pacifico, Cina, India, Giappone, Corea, emergenti and for Pantheon, HarbourVest, Adams Street, Axiom, Asia Alternatives, LGT, Crown, StepStone, Hamilton Lane, Schroders, Adveq, Unigestion, Golding, AlpInvest, Partners Group, KKR, Carlyle, Blackstone, TPG, Baring, BPEA, PAG, Hillhouse, MBK, Affinity, CVC, Quadria, Everstone, Coller and Ardian. Read the ENPAM selection notice 'Selezione OICR Private Equity, Venture Capital e Private Debt Italia' and the enpam.it/patrimonio index. not found: any pan-Asia or Asia-Pacific fund in the holdings; any published look-through of the Asian share of the Pantheon, HarbourVest or Hamilton Lane positions; a named CIO or head of private markets below Direttore Generale level; a non-Italian manager-selection notice.",4
Fondo Italiano d'Investimento SGR S.p.A.,Italy,Milan,"Fund-of-funds and direct private-markets manager. A competitor and a gatekeeper, not a classic LP. Created in 2010 on the initiative of the Ministero dell'Economia e delle Finanze.",none,"no - this is a manager rather than an asset owner, and its mandate is domestic by construction. Its stated purpose is 'la gestione di fondi mobiliari chiusi dedicati a far confluire capitali verso il sistema delle imprese italiane d'eccellenza, coniugando finalita di ritorno sul capitale investito, in linea con i benchmark internazionali, con quelle di sviluppo del sistema produttivo italiano'. Its flagship fund-of-funds vehicles are described as the 'Primo Fondo di Fondi dedicato a investimenti in fondi di private equity con strategie rivolte alle piccole e medie imprese italiane' and its second generation as the 'Seconda generazione del Fondo di Fondi di private equity a supporto della crescita delle piccole e medie imprese italiane'. Every one of the roughly twenty GPs in its published indirect portfolio is Italian or European. It could not commit to a Singapore pan-Asia fund without a mandate change agreed by shareholders that include the Italian state.","it is the pool. Fondo Italiano d'Investimento SGR is a fund-of-funds manager and a competitor to Pavilion Seviora in the Italian market, and also a gatekeeper, because several institutions on this list access private markets through its vehicles rather than directly. Fon.Te. holds FOF PEI, FOF PDI and FICC II. The ECRA Private Debt Fund counts Fondo Italiano among its investors through FOF Private Debt Italia and FII Private Debt Italia Due. Its own shareholders include CDP Equity, Intesa Sanpaolo, UniCredit, Fondazione ENPAM, Fondazione ENPAIA, ABI, Banco BPM and BPER Banca, which puts two of the institutions on this list on the other side of the table as owners of a rival platform.","'Fondo Italiano gestisce 21 fondi di investimento mobiliari chiusi riservati a investitori qualificati, per oltre 5 miliardi di euro e opera attraverso investimenti diretti e indiretti (fondi di fondi).' https://www.fondoitaliano.it/fondo-italiano-dinvestimento-sgr-nominato-il-nuovo-cda-in-carica-per-il-triennio-2025-2028/ read 2026-09-19. The strategies published on its own site are private equity split into buy-out, growth capital and fondi di fondi, plus co-investimenti, private debt, secondario and impact investing.","not applicable as an LP ticket, because Fondo Italiano is the manager and not the investor. What it writes are commitments from its own fund-of-funds vehicles into Italian GPs. No per-commitment figure is published on its indirect-investment pages, which give the GP, the fund and the month of investment only.",,"Consiglio di Amministrazione appointed by the shareholders' Assemblea for the 2025-2028 triennium: Barbara Poggiali as Presidente, Domenico Lombardi as Amministratore Delegato and Direttore Generale, with Sabrina Coletti, Piero Cucunato, Paolo Fabris de Fabris, Francesca Fonzi, Katia Franchitto, Emilio Giorgi, Stefania Godoli, Elio Lolla, Giorgio Piazza, Marco Elio Rottigni and Costanza Scarsi as consiglieri, five of them independent.",The board was renewed on 31 October 2025 for three years. No investment-committee cadence is published.,None. It is itself the pool for Italian institutional money going into private equity and private debt.,"Domenico Lombardi (Amministratore Delegato and Direttore Generale, appointed at the board meeting of 31 October 2025. Economist, formerly Banca d'Italia, alternate board member for Italy at the IMF and then the World Bank, currently an independent director of Banca Monte dei Paschi di Siena.); Barbara Poggiali (Presidente since May 2022, reconfirmed on 31 October 2025 for 2025-2028)",https://www.fondoitaliano.it/fondo-italiano-dinvestimento-sgr-nominato-il-nuovo-cda-in-carica-per-il-triennio-2025-2028/,"Read the company's own 31 October 2025 board announcement in full for the shareholder list, the AUM figure, the mandate statement and the complete board. Read its Strategie d'investimento navigation, its Fondi di Fondi strategy page with the FOF PE, FOF PEI, FOF PEI Tre B and FII PEI Due descriptions, and its Investimenti indiretti portfolio page listing the GPs it has backed. Grepped the indirect-portfolio page for Asia, Asian, China, India, Japan, Singapore, Pantheon, HarbourVest, Adams Street, LGT, Axiom, StepStone and Hamilton Lane: zero hits for any of them, and the word Asia appears nowhere on the page. Ran a separate web search pairing Fondo Italiano d'Investimento with Asia, Asian and China, which returned only the company's own home page. Could not find any fund size for individual vehicles, because the site renders those numbers as animated counters that serve as '0 mln euro' in the page text, and could not find a published investment-committee cadence.",1
Fondo Pensione Cometa (metalmeccanici),Italy,Milan,"Fondo pensione negoziale, the largest Italian contractual occupational pension fund",none,"unclear - legally yes, in practice no vehicle exists to receive it. On the law, DM 166/2014 art. 5 c.1 holds unlisted and FIA exposure 'entro il limite del 30 per cento delle disponibilita complessive del fondo pensione', art. 5 c.4 lett. f) adds that 'l'investimento in FIA e contenuto entro il limite del 20 per cento delle disponibilita complessive del fondo pensione e del 25 per cento del valore del FIA', and art. 5 c.4 lett. g) allows a non-EU FIA not marketed in Italy only 'in presenza di accordi di cooperazione tra l'Autorita competente del Paese d'origine del FIA e le Autorita italiane'. That last condition is satisfied for Singapore, because ESMA approved AIFMD cooperation arrangements with the Monetary Authority of Singapore on 30 May 2013 on behalf of all EU member state securities regulators. Against ANDP of EUR 16,740,408,731.19 at 31/12/2025 the 20% FIA ceiling is roughly EUR 3.3bn and the art. 5 c.3 single-issuer limit of 5% is roughly EUR 837m, so a USD 50m ticket is far inside every numerical limit. What blocks it is Cometa's own rulebook. Its DPI admits FIA only on the condition that 'gli OICR Alternativi (FIA), siano contenuti nei limiti di cui all'art. 5 c.1 del DMEF 166 ed a seguito di specifica deliberazione del FONDO', an enabling clause that has not been exercised, and every mandate it has tendered admits 'titoli di debito e di capitale ammessi solo se QUOTATI'. Non-OECD listed equity is separately capped at 5% and non-OECD debt at 10% and only in USD or EUR. A Pavilion commitment would need a new board resolution creating a private-markets sleeve from nothing.","commits in its own name through segregated mandates, with no captive manager and no pool. Every allocation is made by convenzione di gestione with an external manager selected by public bando, and the assets stay with the depositary. A FIA subscription would require a 'specifica deliberazione del FONDO' by the Consiglio di Amministrazione under the DPI.","none. There is no private-markets allocation in any comparto. The Documento sulla Politica di Investimento, last updated by CdA delibera of 28/07/2026, sets an Asset Allocation Strategica for every comparto built entirely from listed indices. Reddito is 10% liquidity, 52% listed bonds across euro, developed non-euro, inflation-linked, emerging USD sovereign, IG and HY corporate, 22% developed listed equity and 3% emerging listed equity. Crescita runs a 55% listed equity and 45% listed bond benchmark built on ICE BofA and MSCI indices. No line item for private equity, infrastructure, real estate or any closed-end FIA appears in any of the four comparti. https://www.cometafondo.it/wp-content/uploads/2024/03/Documento-sulla-Politica-di-investimento-DPI.pdf read 2026-09-19","no fund ticket exists, because Cometa has never subscribed a FIA. Its unit of investment is a segregated listed mandate. The October 2025 tender sized a mandato obbligazionario attivo at about EUR 900 milioni and a mandato azionario attivo at about EUR 300 milioni, both for comparto Reddito, both for about five years. https://www.itinerariprevidenziali.it/il-punto/cometa-gestori-comparto-reddito/ read 2026-09-19",,"Consiglio di Amministrazione, twelve members split evenly between the employer and worker sides and elected by a 90-delegate Assemblea dei Delegati. Preparatory work sits with the Direttore Generale and the Responsabile della Funzione Finanza, supported by an unnamed advisor finanziario and an advisor ESG.",Ad hoc by bando. The most recent selection was resolved by the CdA on 8/10/2025 with candidacies due by 13:00 on 5 November 2025. The previous round was resolved on 11/04/2022. Three new benchmark specialist mandates took effect on 3 August 2026.,No private-markets gatekeeper and no named consultant. The DPI refers to an 'advisor finanziario' and a 'consulente finanziario' without naming the firm. Bando documents and questionnaires are requested directly from ufficio.finanza@cometafondo.it.,"Federico Spiniello (Direttore Generale); Daniela Dario (Presidente del Consiglio di Amministrazione, employer side); Giovanna Petrasso (Vicepresidente del Consiglio di Amministrazione, worker side); Riccardo Realfonzo (President of Cometa in February 2024, when he presented an Italian public-private fund-of-funds proposal to a parliamentary committee. No longer listed on the Organi page, so the seat is not current.)",https://www.itinerariprevidenziali.it/il-punto/cometa-gestori-comparto-reddito/,"Opened and text-extracted the 28-page Documento sulla Politica di Investimento, the current version carrying delibere up to 28/07/2026, and read the Asset Allocation Strategica and the permitted-instruments list for all four comparti. Opened the Nota Informativa Parte II and took the comparto net assets and manager lists at 31/12/2024. Read the fund's Organi page for current officers, its Comunicazioni index for every published notice, and the October 2025 comparto Reddito tender through Mefop and Itinerari Previdenziali. Read DM 166/2014 articles 3 to 7 from the per-article PDFs at def.finanze.it, and ESMA press release 2013/629 on AIFMD cooperation arrangements. Grepped the DPI and the Nota Informativa for Asia, private equity, alternativi, FIA, illiquid and every GP and fund-of-funds name on the target list, with no hit beyond the single enabling clause. The 268-page Bilancio 2025 could not be read: it is a scanned image and PDFKit returns zero characters from it, so the 31/12/2025 ANDP figure comes from the FIM CISL members' leaflet of February 2026 rather than from the audited accounts. No alternatives bando has ever been published.",1
"Fondo Pensione Fon.Te. (commercio, turismo e servizi)",Italy,Rome,"Fondo pensione negoziale (contractual occupational pension fund), Albo dei Fondi Pensione n.123",none,"no - four independent blocks, and the fund's own rules bite before DM 166/2014 does. (1) Fon.Te's binding tender requirements exclude a Singapore manager outright: 'La sede statutaria del GEFIA deve essere in uno dei Paesi aderenti all'Unione Europea' and 'FIA italiano o FIA UE, rientranti nell'ambito di applicazione della direttiva 2011/61/UE, di tipo chiuso', with 'Valuta di denominazione delle quote: Euro'. Both the July 2024 venture tender and the June 2025 real estate tender carry the identical clauses. (2) A fund-of-funds is structurally barred: 'il regolamento del FIA deve prevedere che la quota investibile in OICR, di terze parti, NON possa eccedere il 10%', again in both tenders. (3) The multi-asset FIA mandate written into the comparto investment policy requires that the underlying FIA, 'per almeno l'80% del portafoglio, investano prevalentemente (50% o piu del proprio capitale) in societa residenti in Europa (incluso Regno Unito)', which excludes Asia by construction. (4) Size. Alternatives are capped at 10% of each comparto and the whole 2024 venture programme was EUR 25-30m. Behind all of that sits DM 166/2014 art. 5 c.4 lett. f) and g), 'l'investimento in FIA e contenuto entro il limite del 20 per cento delle disponibilita complessive del fondo pensione e del 25 per cento del valore del FIA' and 'l'investimento in FIA non UE non commercializzati in Italia e consentito in presenza di accordi di cooperazione tra l'Autorita competente del Paese d'origine del FIA e le Autorita italiane'. That last condition is in fact satisfied for Singapore, since ESMA approved AIFMD cooperation arrangements with the Monetary Authority of Singapore on 30 May 2013, so the legal ceiling is not what stops Pavilion here. Fon.Te's own eligibility rules are.","commits in its own name. The Consiglio di Amministrazione signs, advised by the Comitato Finanza e Controllo and the Funzione Finanza. The financial advisor is Mangusta Risk, paid EUR 9,150 in the 2025 accounts under 'Advisor finanziario (Mangusta Risk)', and it administers the FIA selections through its own portal. No pooling vehicle and no captive manager.","ANDP EUR 6,648,103,166 at 31/12/2025, up from EUR 5,971,549,590 at 31/12/2024. Alternatives are capped inside each comparto's own investment policy: 'Strumenti per investimenti alternativi. Sono ammessi con un limite del 10% del valore del comparto.' The book runs through about 30 named closed-end FIA across the Sviluppo, Crescita and Dinamico comparti, every one of them an Italian or EU manager. https://www.fondofonte.it/wp-content/uploads/2026/04/Fonte_Bilancio-al-31-Dicembre-2025.pdf read 2026-09-19","well under EUR 30m per fund. The two public FIA tenders give total subscription budgets rather than per-fund tickets: EUR 25-30 milioni for the whole 2024 venture capital selection and EUR 60-80 milioni for the whole 2025 Italian real estate selection, each spread across more than one FIA. Inferred from those two tender documents, https://www.fondofonte.it/wp-content/uploads/2024/07/Invito-a-proporre-investimenti-in-FIA-chiusi-VC-Italia.pdf and https://www.fondofonte.it/wp-content/uploads/2025/06/Invito-a-proporre-investimenti-in-FIA-chiusi-Immobiliare-Italia.pdf read 2026-09-19. No per-fund commitment figure is published in the bilancio.",,"Consiglio di Amministrazione, on a preliminary delibera and a final delibera approving the FIA regolamento and contracts. The Comitato Finanza e Controllo prepares the file and is composed of the Presidente, the Vicepresidente and several Consiglieri, with the Direttore Generale, the Responsabile Area Finanza e Controllo, the Responsabile della Gestione del Rischio and the Fund's advisors attending.","The CdA met 14 times in 2025. Each FIA selection runs to a published timetable: the 2025 real estate invito was resolved by the CdA on 17/06/2025, published 19 giugno 2025, offers due 12:00 CET on 16 luglio 2025, delibera 'entro il 30/11/2025' so the subscription lands in the same calendar year.",Mangusta Risk is the gatekeeper. Candidates must register on https://selezioni.mangustaworld.com and complete the FIA_informations_request under a gara code (FONTEREI0625 for the 2025 real estate round); the 2024 venture round ran through FIA_FONTE_selection@mangustarisk.com with finanza@fondofonte.it copied. DeA Capital Alternative Funds SGR holds the delegated multi-asset FIA mandate.,"Anna Maria Selvaggio (Direttore Generale, in post since 1 January 2017); Maurizio Grifoni (Presidente del Consiglio di Amministrazione); Michele Carpinetti (Vice Presidente del Consiglio di Amministrazione)",https://www.fondofonte.it/wp-content/uploads/2025/06/Invito-a-proporre-investimenti-in-FIA-chiusi-Immobiliare-Italia.pdf,"Opened and text-extracted the full 243-page Bilancio d'esercizio al 31 dicembre 2025 and grepped it for FIA, private equity, venture, alternativ, Asia and every GP and fund-of-funds name on the target list. Found the complete list of subscribed FIA and no Asian manager, no global fund-of-funds and no non-EU vehicle. Opened both public tender documents in full, the 19 Luglio 2024 'Invito a proporre investimenti in FIA chiusi' for Venture Capital Italia and the 19 Giugno 2025 invito for Immobiliare Italia. Read DM 166/2014 articles 3 to 7 from the per-article PDFs at def.finanze.it after normattiva.it and gazzettaufficiale.it both failed to serve the article text. Read ESMA press release 2013/629 to settle whether Singapore has an AIFMD cooperation arrangement. Could not find any per-fund commitment amount, any Asia allocation, or a published 2026 tender.",1
Inarcassa (Cassa Nazionale di Previdenza ed Assistenza per gli Ingegneri ed Architetti Liberi Professionisti),Italy,Rome,"Cassa di previdenza (private-law first-pillar pension body for self-employed engineers and architects, D.Lgs 509/1994)",none,"unclear - capacity yes, unit size no on the evidence. Inarcassa deliberated over EUR 900m of new private markets commitments in 2025 and is 6.7 percentage points underweight its Investimenti Reali target (14.3% actual against a 21.0% Asset Allocation Strategica 2025 target), which is roughly EUR 1.1bn of headroom on a EUR 16.95bn patrimonio. Its evidenced average per private equity fund is EUR 17.7m, so a US$50m ticket would be about three times its historical unit size. A separate hard constraint applies. Inarcassa's maximum exposure to currencies other than the euro is fixed at 30%, 'in linea con quanto stabilito dalla bozza di Decreto del Ministero dell'Economia e delle Finanze in materia di investimento delle risorse finanziarie degli Enti previdenziali e dal Codice di autoregolamentazione adottato dall'ADEPP'.","commits in its own name - Inarcassa subscribes private markets fund commitments directly and books them as 'quote di fondi comuni di investimento sottoscritti, ma non versati' among its impegni. Selection is run by an in-house team, the Ufficio Investimenti Alternativi inside the Direzione Patrimonio, which had 17 staff in 2025. The one delegated structure is domestic real estate, run through Fondo Inarcassa RE and managed by Fabrica Immobiliare SGR. https://www.inarcassa.it/sites/default/files/legacy/documents/2026-04/BC%202025_definitivo.pdf","private markets portfolio of over 200 vehicles and over EUR 4.7bn of commitments at 31 December 2025, up from about 180 vehicles and about EUR 3.9bn at 31 December 2024. The 31/12/2024 breakdown was private equity 40 funds EUR 707,933,000 plus 2 direct holdings EUR 10,000,000; private debt 20 funds EUR 413,516,587; infrastructure 29 funds EUR 1,012,174,175; Investimenti Reali Italia 84 funds EUR 1,608,660,023 plus 5 direct EUR 159,700,000. Patrimonio netto EUR 16,952,508 thousand at 31 December 2025. https://www.inarcassa.it/sites/default/files/legacy/documents/2026-04/BC%202025_definitivo.pdf","about EUR 17.7m per private equity fund, derived from the two published numbers in the 31/12/2024 Investimenti in Private Markets table, 40 private equity funds against EUR 707,933,000 of commitments. Across the whole private markets book the same table gives 173 funds against EUR 3,742,283,786, about EUR 21.6m per fund. https://www.inarcassa.it/sites/default/files/legacy/documents/2025-05/Bilancio%20Consuntivo_%202024.pdf | I: 2025 was a step up in pace rather than in unit size on the published evidence. Inarcassa deliberated over EUR 900m of commitments in 2025, including EUR 450m of foreign private equity, but the bilancio consuntivo 2025 renders the fund-count table as an image and does not give a 2025 fund count in text, so no 2025 per-fund figure can be derived. | I: the seed row's ticket of '~130 (est.)' is wrong by roughly seven times and is not supported by any Inarcassa document. Discard it.",,"Two tiers. The Comitato Nazionale dei Delegati approves the Asset Allocation Strategica. The Consiglio di Amministrazione deliberates the individual investments, working from proposals prepared by the Direzione Patrimonio and its Ufficio Investimenti Alternativi. President Ing. Massimo Garbari, Vice President Ing. Egidio Comodo.","F: 'Il Consiglio di Amministrazione si e riunito complessivamente 19 volte, per un totale di ventiquattro giornate' in 2025. The Comitato Nazionale dei Delegati approved the Asset Allocation Strategica 2026-2030 at its meeting of 15-16 October 2025.","No manager-selection gatekeeper found. Inarcassa retains an external risk-control company as risk advisor 'per la costruzione dell'Asset Allocation Strategica e il monitoraggio del rischio del portafoglio finanziario' and a separate ESG Advisor for the illiquid book, neither of which is named in the bilancio. Fund and manager selection is done in-house. Procurement notices are published on the ADEPP platform, not on inarcassa.it, and no investment-manager tender appears there.",Graziana Scampoli (Responsabile dell'Ufficio Investimenti Alternativi); Roberto Lamonica (Responsabile della Direzione Patrimonio); Nadia Giuliani (Responsabile dell'Ufficio Investimenti Liquidi e Referente ESG); Massimo Garbari (Presidente (elected by the Consiglio di Amministrazione for the 2025-2030 term)),https://www.inarcassa.it/sites/default/files/legacy/documents/2026-04/BC%202025_definitivo.pdf,"Downloaded and text-extracted the full Bilancio Consuntivo 2025 (154 pages) and the full Bilancio Consuntivo 2024 (162 pages) with macOS PDFKit, then grepped both for Asia, asiatico, Pacifico, Cina, India, Giappone, Corea, emergenti and for 30 manager names including Pantheon, HarbourVest, Adams Street, Axiom, Asia Alternatives, LGT, Crown, StepStone, Hamilton Lane, Schroders, Adveq, Unigestion, Golding, AlpInvest, Partners Group, KKR, Carlyle, Blackstone, TPG, Baring, BPEA, PAG, Hillhouse, MBK, Affinity, CVC, Quadria, Everstone, Coller and Ardian. The only hits were macroeconomic commentary and the Carlyle IV and V infrastructure-debt line in the impairment note. Read the private markets section, the Asset Allocation Strategica 2025 and 2026-2030 sections, the real estate section, the governance and Consiglio di Amministrazione sections and the expense notes that name the risk advisor and ESG advisor. Read the Inarcassa bandi ed esiti di gara page, which delegates all procurement listings to the ADEPP portal; no investment-manager tender found. Read the Inarcassa FundsPeople Awards news item of 24 September 2025 for the three named seats. not found: the 31/12/2025 fund-count table, which the 2025 bilancio renders as an image; a fund-by-fund holdings list, which Inarcassa does not publish; any Documento sulla Politica di Investimento published separately from the bilancio.",2
"Intesa Sanpaolo Assicurazioni S.p.A., formerly Intesa Sanpaolo Vita",Italy,Milan,"Life and composite insurer, the insurance arm of Intesa Sanpaolo and the parent of the Gruppo Intesa Sanpaolo Assicurazioni",none,"yes - the money and the committee both exist, and the constraint is the 49% capital charge plus the fact that someone else picks the managers. The group uses the standard formula with no internal model: 'Le Societa del Gruppo Intesa Sanpaolo Assicurazioni, ai sensi dell'articolo 1 lettera r-bis del Codice delle Assicurazioni Private, adottano, per il calcolo del Requisito Patrimoniale di Solvibilita, la Formula Standard (art. dal 45-quinquies a 45-undecies).' Group Solvency Ratio was 260% at 31/12/2025 against 243% a year earlier. Market risk SCR was EUR 3,168.30 million at group level, of which equity risk EUR 1,209.58 million against EUR 940.31 million in 2024, a rise of 28.64%; at solo level Intesa Sanpaolo Assicurazioni S.p.A. carried market risk of EUR 2,771.83 million and equity risk of EUR 1,085.18 million. So a Singapore-domiciled pan-Asia private-equity fund takes the full Type 2 charge of 49% plus the symmetric adjustment under Delegated Regulation (EU) 2015/35 Art 168(3) and 169(2)(b). The 22% long-term-equity relief under new Article 105a of Directive 2009/138/EC, inserted by Directive (EU) 2025/2 and applying from 30 January 2027, requires unlisted equities 'of companies that have their head offices in countries that are member of the EEA or of the OECD', which covers Japan, Korea, Australia and New Zealand but not China, India, Singapore or south-east Asia. Article 105a(2) does allow the test to be applied 'at the level of the funds and not of the underlying assets' for certain alternative investment funds once the Commission adopts the delegated act, which is the hook worth watching.","does not select managers in its own name. For the portion of the portfolio it does not manage directly, the company 'ha stipulato specifici mandati di gestione con i seguenti gestori delegati', naming Eurizon Capital Real Asset SGR, Eurizon Capital SGR and Fideuram Intesa Sanpaolo Private Banking. The mandates with Eurizon Capital SGR, Epsilon SGR and Eurizon Capital Real Asset SGR covering the assets underlying insurance investment products are open-ended, 'a tempo indeterminato (con facolta della Societa di recesso anticipato)'. Intesa Sanpaolo Vita is also a shareholder in Eurizon Capital Real Asset SGR. Alternatives therefore reach the balance sheet through ECRA.","alternative investments of EUR 4,715,279 thousand at 31/12/2025, about 4.9% of the group investment portfolio, inside a wider bucket of 'investimenti in OICR, Private Equity e Hedge Fund' of EUR 14,603,205 thousand or 15.07%. Total portfolio, net of derivatives, EUR 96,915,466 thousand. Group assets under management were EUR 178.1 billion at 31 March 2026. https://www.fideuramvita.it/documents/d/fideuram-vita/sfcr-gruppo-ispa-2025 read 2026-09-19, and https://www.intesasanpaoloassicurazioni.com/it/chi-siamo/sala-stampa/2026/5/8/intesa-sanpaolo-assicurazioni--approvati-i-risultati-consolidati.html read 2026-09-19","comfortably above USD 50m per position. Inferred from an alternatives book of EUR 4.7bn run through a small number of delegated mandates rather than from any published per-fund figure. The single ECRA fund whose size is public, the ECRA Private Debt Fund, closed at about EUR 156 million on 1 August 2024 with Intesa Sanpaolo and Intesa Sanpaolo Vita directly supporting it, which suggests the insurer anchors vehicles in the EUR 50m to EUR 150m range. No per-fund commitment is disclosed in the SFCR.",,"Comitato Investimenti Alternativi, a dedicated alternatives committee, described in the SFCR as the body 'che ha l'obiettivo di supportare il Consiglio di Amministrazione della USCI nella formulazione delle linee guida in materia di investimenti alternativi e identificare i relativi strumenti di monitoraggio per Intesa Sanpaolo Assicurazioni S.p.A. e per Fideuram Vita S.p.A.' A separate Comitato Investimenti handles the rest. Both report into the Consiglio di Amministrazione.","The Comitato Investimenti Alternativi 'si riunisce con frequenza di norma trimestrale anche se puo essere convocato dal Presidente in ogni momento in cui ne insorga la necessita'. Quarterly, with the chair able to call it at any time.","Eurizon Capital Real Asset SGR, the group's private-markets SGR. Operational since 31 December 2019, controlled by Eurizon Capital SGR with shareholdings held by Intesa Sanpaolo Vita, BancoPosta Fondi SGR and Poste Vita, managing more than EUR 10 billion in private markets on figures at 30 June 2024, and 'competent multi-manager investment (AIF selection), co-investment, and direct equity investment'. Led by Silvana Chilelli. It also 'offers individual portfolio management services for institutional investors, also through the delegated management of Italian and foreign AIFs', so it is a competitor as well as a gate.","Virginia Borla (Amministratore Delegato of Intesa Sanpaolo Assicurazioni and head of the Insurance Division of Intesa Sanpaolo. Confirmed in post at the board meeting of 8 May 2026. She took the role in April 2024, succeeding Nicola Maria Fioravanti.); Riccardo Ranalli (Presidente del Consiglio di Amministrazione, Intesa Sanpaolo Assicurazioni, chairing the board meeting of 8 May 2026); Silvana Chilelli (Head of Eurizon Capital Real Asset SGR, the delegated private-markets manager and the actual selector of alternative funds for this balance sheet)",https://www.fideuramvita.it/documents/d/fideuram-vita/sfcr-gruppo-ispa-2025,"Opened and text-extracted the full 315-page Relazione sulla Solvibilita e Condizione Finanziaria of the Gruppo Intesa Sanpaolo Assicurazioni for 2025 and read the market-risk tables at group and at each solo entity, the governance and committee sections, the investment-portfolio composition table and the delegated-mandate section. Grepped it for Asia, asiatic, Cina, Giappone, Singapore and India and got zero hits. Grepped for private equity, fondi alternativi, FIA, illiquid and internal model. Read the Eurizon page on ECRA's ownership, remit and leadership, and the ECRA Private Debt Fund closing release of 1 August 2024. Confirmed the December 2024 renaming of Intesa Sanpaolo Vita S.p.A. to Intesa Sanpaolo Assicurazioni S.p.A. Confirmed the current chair and chief executive from the board announcement of 8 May 2026. Read Directive (EU) 2025/2 on EUR-Lex for the text of new Article 105a and the 30 January 2027 application date. Could not find a geographic breakdown of the alternatives book, any named fund, the membership of the Comitato Investimenti Alternativi, or an ECRA mandate covering anything outside Europe.",2
Poste Vita S.p.A. (Gruppo Assicurativo Poste Vita),Italy,Rome,"Life insurer, wholly owned by Poste Italiane. Italy's largest life company by reserves.",none,"yes - capacity is not the constraint, capital treatment and the delegation route are. Poste Vita already holds private-equity funds and USD-denominated alternative funds, and the Group Solvency Ratio was 302.58% at 31/12/2025 against 322.60% a year earlier, with Poste Vita S.p.A. on its own at 310.90%. Group SCR market risk was EUR 1,947,291 thousand at 31/12/2025. The Group uses the standard formula, stated plainly: the SCR derives 'dall'applicazione della Formula Standard, in conformita con la Direttiva 2009/138/CE e con i criteri previsti dagli Atti Delegati', with no internal model and 'il Gruppo non utilizza calcoli semplificati per la determinazione di nessuno dei sotto moduli di rischio'. That means a Singapore-domiciled pan-Asia private-equity fund is charged as Type 2 equity at 49% plus the symmetric adjustment under Delegated Regulation (EU) 2015/35 Art 168(3) and 169(2)(b). The 22% long-term-equity relief does not rescue it. From 30 January 2027 the relief moves into the Directive itself as new Article 105a, inserted by Directive (EU) 2025/2, and Art 105a(1)(c) requires that the sub-set 'consists only of equities that are listed in countries that are member of the EEA or of the Organisation for Economic Co-operation and Development (OECD) or of unlisted equities of companies that have their head offices in countries that are member of the EEA or of the OECD'. Only the Japan, Korea, Australia and New Zealand slice of a pan-Asia portfolio sits inside the OECD. China, India, Singapore and south-east Asia do not. One point in Pavilion's favour: Art 105a(2) allows the conditions to be assessed 'at the level of the funds and not of the underlying assets' for certain collective investment undertakings including alternative investment funds, once the Commission's delegated act identifies them.","does not select managers itself. Poste Vita has outsourced 'Gestione di parte dei fondi di investimento alternativi presenti in portafoglio (c.d. Fondi Alternativi in Delega)' and holds 20% of the SGR that runs the mandate. The accounts state it plainly: Poste Vita holds 'una partecipazione non di controllo, pari al 20% del capitale, nella societa Eurizon Capital Real Asset SGR S.p.A. (ECRA). Trattasi di una societa di gestione del risparmio a cui Poste Vita ha affidato un mandato di gestione degli investimenti alternativi.' The six multi-asset funds are managed by BancoPosta Fondi SGR, which also holds a stake in ECRA. Any Pavilion approach runs through ECRA, not through Poste Vita's investment desk.","not disclosed as a single figure. The alternatives book is described by category rather than by size. The fair-value hierarchy note lists what Poste Vita holds at Level 3: 'tutti i Fondi Alternativi... in tale categoria rientrano per il Gruppo Poste Vita: Fondi Private Equity; Fondi Real Estate; Fondi Infrastracture Equity; Fondi Infrastracture Debt; Fondi Private Debt e Hedge Fund'. For scale, total financial investments were EUR 167,654 million at 31/12/2025, of which fund units held by Poste Vita were EUR 47,443,096 thousand including six multi-asset funds, with real estate fund units at EUR 2,368,844 thousand. https://www.media.poste.it/55f6dbfa-9ce5-46fe-9770-d4d750c87c97/file/Fascicolo-Consolidato-2025-PosteVita read 2026-09-19","not disclosed. No individual fund commitment appears in the consolidated accounts or the SFCR, and the alternatives are managed under a delegated mandate rather than committed name by name in the published statements. The one sized ECRA fund on the public record is the ECRA Private Debt Fund, closed on 1 August 2024 at approximately EUR 156 million against a EUR 150 million target with a EUR 200 million hard cap, which gives the order of magnitude of a single ECRA vehicle rather than of a Poste Vita ticket. https://www.eurizoncapital.com/-/media/Project/Eurizon/EurizonPortals/EurizonPortal/Files/News/CS_ISP-Closing-Fondo-Private-Debt-eng.pdf read 2026-09-19",,"Consiglio di Amministrazione of Poste Vita S.p.A., under the direzione e coordinamento of Poste Italiane. Manager selection inside the alternatives sleeve is delegated to ECRA under the Fondi Alternativi in Delega mandate.",Not published. The alternatives mandate is continuous rather than tendered.,"Eurizon Capital Real Asset SGR is the gatekeeper and the only realistic door. It has been operational since 31 December 2019, is controlled by Eurizon Capital SGR with shareholdings held by Intesa Sanpaolo Vita, BancoPosta Fondi SGR and Poste Vita, manages more than EUR 10 billion in private markets on figures at 30 June 2024, and is 'competent multi-manager investment (AIF selection), co-investment, and direct equity investment'. It is led by Silvana Chilelli. BancoPosta Fondi SGR is the second internal manager.","Laura Furlan (Amministratore Delegato, Poste Vita S.p.A., appointed by the board on 18 June 2025); Andrea Novelli (Presidente del Consiglio di Amministrazione, Poste Vita S.p.A. from 18 June 2025, having resigned as Amministratore Delegato and Direttore Generale on the same date); Maria Bianca Farina (Vice Presidente del Consiglio di Amministrazione, Poste Vita S.p.A. from 18 June 2025); Silvana Chilelli (Head of Eurizon Capital Real Asset SGR, the delegated alternatives manager. Not a Poste Vita employee, and the single most useful name on this row.)",https://www.eurizoncapital.com/en/about-us/eurizon-capital-real-asset-sgr,"Opened and text-extracted the full 215-page Relazione Unica sulla Solvibilita e Condizione Finanziaria del Gruppo Poste Vita al 31 dicembre 2025 and the 233-page Fascicolo Consolidato 2025. Read the SCR composition tables at group and solo level, the market-risk narrative, the fair-value hierarchy note, the outsourcing register and the associate-holdings note. Grepped both for Asia, Asia-Pacific, China, Japan, Singapore and India: zero hits in the SFCR, and in the consolidated accounts only a country-by-country issuer exposure table. Read the Eurizon page describing ECRA's ownership, remit and leadership, and the 1 August 2024 ECRA Private Debt Fund closing release. Read the operative text of Directive (EU) 2025/2 on EUR-Lex for new Article 105a and the transposition article. Could not find the equity-risk sub-module figure on its own, because the group SCR table stops at Market risk; could not find any alternatives allocation percentage, any named fund commitment, or the identity of the counterparty in each outsourcing row, since the provider column was lost in text extraction.",2
APG Asset Management (for ABP),Netherlands,"Amsterdam (statutory seat Heerlen). Private equity team sits in Hong Kong, Amsterdam and New York.","Fiduciary asset manager. It is the buying seat for Stichting Pensioenfonds ABP, the largest Dutch public pension fund.",no_asia,"yes on capacity, no on fit - US$50m is roughly 0.1% of a EUR 44bn programme spread over about 100 GP relationships, and APG's published model is direct GP relationships plus fee-free carry-free co-investment alongside those same GPs, which is the opposite of buying a third-party fund-of-funds fee layer. Adding a manager takes 'months or years'. A co-investment sidecar or a separate account is the only realistic shape.","manager selects - APG Asset Management makes the fund selection for ABP; the ABP board grants the mandate and sets the strategic allocation. 'De Stichting heeft het beheer en de administratie van de beleggingen en het pensioenbeheer en de pensioenadministratie uitbesteed aan APG Asset Management N.V. respectievelijk APG DWS en Fondsenbedrijf N.V.' and 'De afdeling portefeuillemanagement van APG is verantwoordelijk voor het beheren van de beleggingen binnen het afgegeven mandaat... Goedkeuringen van beleggingen gebeurt volgens een specifiek proces'. https://www.abp.nl/content/dam/abp/documenten/jaarverslagen/ABP-jaarverslag-2025-nederlands.pdf. APG states the same split: 'Pension fund boards grant the mandates and remain ultimately responsible.' https://apg.nl/media/31up5yfu/apg-annual-report-2025.pdf The signing line is explicit in ABP's own words, via the head of its private-investments team: 'ABP heeft geen actieve bemoeienis bij dit intern beheer door APG in de private asset classes. Het betreft discretionair vermogensbeheer. Wij ontvangen wel alle beleggingsvoorstellen van de investment comites van de APG private teams. ABP kan dan vragen stellen, maar ze heeft geen veto.' So ABP sets the mandate and sees every proposal but does not sign the commitment; APG's private-team investment committees do. https://cfasociety.nl/uploads/vbajournaal/2025/winter/Interview_VBA%20Journaal%20Winter%202025%20nr%20163.pdf read 2026-09-19.","ABP holds EUR 44,328m of private equity at 31 Dec 2025 (2024: EUR 49,062m), EUR 34.0bn indirect and EUR 10.3bn direct, 8.4% average weight in 2025 against a 6.0% strategic weight in the Strategisch Investment Plan 2024-2026; the 2025 return was -4.2% against a benchmark of 11.8%. https://www.abp.nl/content/dam/abp/documenten/jaarverslagen/ABP-jaarverslag-2025-nederlands.pdf read 2026-09-19. F: across all four of its client funds APG managed EUR 49,134m of private equity in 2025, return -3.8%, five-year 10.3%, IRR since inception 18.3% for the Private Equity Combined Pools. https://apg.nl/media/31up5yfu/apg-annual-report-2025.pdf read 2026-09-19.","not published. Neither ABP nor APG discloses a per-fund commitment size or a minimum. I: the only anchor is APG's own statement that its roughly EUR 50bn private-equity programme sits with 'approximately 100 fund managers globally', which implies an average cumulative relationship near EUR 500m across successive funds. https://assetmanagement.apg.nl/publications/returns-responsibility-and-real-impact-apgs-approach-to-private-equity/ read 2026-09-19. The seed figure of 'US$1,350m (est.)' is an unsourced derivation and is dropped.","APG Private Equity Pool 2009, 2010, 2012, 2013, 2014-2015, 2016-2017, 2018-2019, 2020-2021 and 2022-2023 | EUR 44,328m total private equity on the ABP balance sheet at 31 Dec 2025 (2024: EUR 49,062m), of which EUR 34.0bn indirect and EUR 10.3bn direct. The pools are not costed individually. (nine vintage pools running 2009 to 2023, all held at 31 December 2025)","Two layers. At ABP the Commissie Beleggingen advises the uitvoerend bestuur on investment policy and strategy; the uitvoerend bestuur (Harmen van Wijnen, Yolanda Verdonk-van Lokven, Herman Bril) sets the Strategisch Investment Plan and monitors execution. The individual fund commitment is approved inside APG: the ABP jaarverslag names 'Het Investment Committee (IC) van APG' as the body in the regular investment process, and APG's due-diligence process decides whether a new manager is added at all.","F: the Commissie Beleggingen met 8 times in 2025 with 97% attendance; the uitvoerend bestuur met 47 times, the algemeen bestuur 29 times. APG's own manager decision runs on deal timing, not a calendar: 'Our due diligence process can take months or years to decide whether to add new managers.'","No external gatekeeper. APG's in-house private equity team of 61 professionals is the screen, and APG's Funds vertical is the named pipeline. ABP pools its private equity through nine APG Private Equity Pool FGRs by vintage. F: where ABP does go outside, the named screen is APG's own gatekeeper team: 'Vervolgens wordt voor de concrete invulling naar managers doorgaans het advies van APG's External Management Selection team gevolgd.' ABP's mandate-management team reviews the APG teams on a quarterly horizon plus a full review of each asset class every three years, and may use outside consultants for those reviews. https://cfasociety.nl/uploads/vbajournaal/2025/winter/Interview_VBA%20Journaal%20Winter%202025%20nr%20163.pdf read 2026-09-19.","Martin van der Pot (Responsible for the direction of ABP's private investments, with a team of four, at ABP since 2023; previously PGGM Risk Management and Fiduciair Advies, and investment specialist at De Nederlandsche Bank. This is the seat that receives every APG private-markets investment proposal.); Herman Bril (Uitvoerend bestuurder beleggingen, Stichting Pensioenfonds ABP (executive board member for investments), appointed 1 January 2026, succeeding Jack Julicher); Harmen van Wijnen (Voorzitter uitvoerend bestuur, Stichting Pensioenfonds ABP); Patrick Kanters (CIO Private Investments, member of the APG Asset Management management board); Ken Bloomberg (Global Co-Head of Private Equity, APG Asset Management); Greg Jania (Global Co-Head of Private Equity, APG Asset Management); Alineke van den Berge (Chief Executive Officer and Chief Operating Officer, APG Asset Management)",https://www.abp.nl/content/dam/abp/documenten/jaarverslagen/ABP-jaarverslag-2025-nederlands.pdf,"Read the full ABP Jaarverslag 2025 PDF (24,335 text lines: strategic asset allocation, the return and cost tables by category, the balance-sheet private equity note, the regional breakdown, the FGR list, the participations list, the governance and committee sections, the Wtp chapters). Read the APG Annual Report 2025 PDF (asset-management results table, client list, Strategy 2030). Read assetmanagement.apg.nl/private-equity, its leadership page and its 31 March 2026 private-equity publication. Read apg.nl/en/publication/apg-will-focus-asset-management-exclusively-on-abp. COULD not FIND: any fund-by-fund ABP or APG private-equity holdings list. ABP's published transparency documents cover listed equities, corporate bonds and government bonds only (abp-beursgenoteerde-beleggingen.pdf, abp-overzicht-bedrijfsobligaties.pdf, abp-overzicht-staatsobligaties.pdf); there is no private-equity equivalent. So no Asia private-equity fund name can be evidenced for ABP. The two Top1000funds articles the seed relies on (9 April 2025 'APG doubles down on Asia as next growth hub' and 4 November 2025 'APG private markets CIO articulates the value of being based in Asia') are paywalled after the first sentence; their bodies could not be read. Also read VBA Journaal Winter 2025, issue 163 (CFA Society Netherlands), the themed private-assets issue, including the full interview with Martin van der Pot of ABP on internal versus external management, governance and monitoring of private assets, and emerging-markets selectivity: https://cfasociety.nl/uploads/vbajournaal/2025/winter/Interview_VBA%20Journaal%20Winter%202025%20nr%20163.pdf (full issue: https://cfasociety.nl/uploads/vbajournaal/2025/winter/TOT_VBA%20Journaal%20Winter%202025%20nr%20163v2.pdf) read 2026-09-19. UNRECONCILED: that interview gives private-equity target weights that differ from the Strategisch Investment Plan 2024-2026 figure of 6.0% in the ABP jaarverslag 2025; the two were not reconciled and the jaarverslag figure is the one used in this row.",4
"Achmea B.V. general account (Achmea Pensioen & Levensverzekeringen N.V., Achmea Schadeverzekeringen N.V. and Achmea Zorgverzekeringen N.V.)",Netherlands,Zeist (Achmea B.V. and Achmea IM); Apeldoorn and Leiden for the insurance entities,"Cooperative insurance group own-risk investment portfolio (non-life, health, pension and life)",none,"no - a US$50m commitment would be about a fifth of Achmea's entire EUR 250m private equity book and roughly two thirds of its EUR 70m of net private equity growth over 2025. Achmea also sells equities and private equity to relieve its capital requirement, which points the other way. This general account buys diversified fund positions in small size. It has never been shown writing a US$50m single ticket.","manager selects - Achmea Investment Management is the integral asset manager and adviser for Achmea and its insurance subsidiaries and runs the EUR 37bn own-risk portfolio, including advice and execution on responsible and impact investing and on balance-sheet and Solvency II optimisation. The assets are held by the insurance entities Achmea Pensioen & Levensverzekeringen N.V., Achmea Schadeverzekeringen N.V. and Achmea Zorgverzekeringen N.V.; the Raad van Bestuur of Achmea B.V. owns the investment and ALM policy. Since 1 October 2025 Sixth Street holds 20.45 percent of Achmea Pensioen & Levensverzekeringen and is an explicit partner in optimising that entity's investment portfolio. https://www.achmeainvestmentmanagement.nl/-/media/files/documenten-inst-en-part/jaarverslag-achmea-im-bv-2025.pdf and https://www.achmea.nl/-/media/achmea-secured/2025/documenten/jaarverslag-achmea-bv--12-maart-2026.pdf","EUR 250m of private equity at 31 December 2025, up from EUR 180m a year earlier. It sits inside an alternatives book of EUR 1.0bn covering private equity, hedge funds, infrastructure and commodities, which itself sits inside a total investment portfolio of about EUR 52bn (listed equities alone were EUR 2.9bn, about 5.6 percent of the total). https://www.achmea.nl/-/media/achmea-secured/2025/documenten/jaarverslag-achmea-bv--12-maart-2026.pdf","not published. The whole private equity book is EUR 250m and grew by EUR 70m over 2025, so the annual deployment run rate is well under EUR 100m. The group reports no individual fund commitment anywhere in the 2025 jaarverslag. https://www.achmea.nl/-/media/achmea-secured/2025/documenten/jaarverslag-achmea-bv--12-maart-2026.pdf",,"Raad van Bestuur of Achmea B.V. sets the investment and ALM policy ('beheerd via het beleggings- en ALM-beleid en hierin opgenomen restricties'). Achmea IM advises and executes as integral asset manager. For Achmea Pensioen & Levensverzekeringen, Sixth Street is a 20.45 percent shareholder and a named partner in portfolio optimisation from 1 October 2025.","Not published in the 2025 jaarverslag. No investment committee name, membership or meeting frequency is disclosed for the general account.",Achmea IM is the in-house gatekeeper. Sixth Street is the new external influence on the pension and life entity's asset mix. No third-party investment consultant is named.,"Bianca Tetteroo (Voorzitter Raad van Bestuur, Achmea B.V.); Michel Lamie (CFO and vice-chair of the Raad van Bestuur, Achmea B.V.); Daphne de Kluis (Lid Raad van Bestuur, responsible for Pensioen & Leven and for Oudedagsvoorziening Nederland); Olaf van den Heuvel (Directeur Investments, Achmea IM, the executing seat for the Achmea own-risk portfolio)",https://www.achmea.nl/-/media/achmea-secured/2025/documenten/jaarverslag-achmea-bv--12-maart-2026.pdf,"Read the Achmea B.V. Jaarverslag 2025 PDF in full text (66,892 lines) and grepped every occurrence of private equity, Azie, Asia, alternatieve beleggingen, beleggingsbeleid and the 40 Asia GP and fund-of-funds names on the target list. Read the fair-value note on equities and similar investments, the alternatives paragraph in the investment section, the PCAF financed-emissions tables, the capital management section and the Raad van Bestuur list. Read the Achmea IM Jaarverslag 2025 section on the Achmea own-risk portfolio. not found: any named private equity fund or manager, any geographic split of the private equity book, any Asia allocation, any investment committee name or cadence for the general account, and any Solvency II commentary specific to private equity capital treatment.",4
Achmea Investment Management B.V. (Achmea IM),Netherlands,Zeist,Fiduciary manager and pooled-fund builder (AIFM) for Dutch pension funds; wholly owned by Achmea B.V.,no_asia,"yes - Achmea IM builds pooled private equity vehicles for its Dutch pension clients and raised EUR 225m for one of them at a single first close, so a US$50m Asia sleeve is well inside its scale. The obstacle is the screen. Since March 2026 LGT Capital Partners selects and monitors private equity strategies for Achmea IM, and LGT Capital Partners sells its own Crown Asia-Pacific pan-Asia programme.","manager selects - Achmea IM makes the fund selection and builds the pooled vehicle for its fiduciary pension clients, and it outsources the actual asset management of each private equity pool to an external manager by mandate; since March 2026 LGT Capital Partners performs the selection and monitoring of private equity strategies while Achmea IM keeps portfolio strategy, client advice and fiduciary responsibility; the client pension fund's own bestuur approves the mandate and the strategic allocation. https://www.achmeainvestmentmanagement.nl/-/media/files/documenten-inst-en-part/jaarverslag-achmea-im-bv-2025.pdf","Achmea IM had EUR 227bn of assets under management at 31 December 2025, up from EUR 203bn, mostly through the integration of the Blue Sky Group portfolio of about EUR 26bn. The private equity book is not sized separately in the annual report. A floor can be read from the three KLM pension funds it now serves, whose private equity holdings were EUR 79.3m, EUR 78.2m and EUR 31.1m at 31 December 2025. https://www.achmeainvestmentmanagement.nl/-/media/files/documenten-inst-en-part/jaarverslag-achmea-im-bv-2025.pdf","EUR 225m was raised at the first close of the PE Partnership Fund across several pension funds, and PNO Media wrote a single EUR 150m impact mandate in 2025. Individual client pension funds are far smaller: the three KLM funds hold EUR 31m to EUR 79m of private equity each in total. https://news.achmea.nl/achmea-im-launches-new-private-equity-impact-fund/","Achmea IM PE Partnership Fund - Healthy People & Planet 2025 | EUR 250m target size, EUR 225m committed at first close in 2025
PNO Media impact mandate for climate and biodiversity funds | EUR 150m in 2025","Achmea IM's statutory board (Maureen Schlejen, chair; Olaf van den Heuvel, director Investments) owns the fund range and the fiduciary advice. Fund and strategy selection within private equity is performed by LGT Capital Partners under the March 2026 partnership. Each client pension fund's bestuur signs its own participation.",Not published. Achmea IM describes its role as continuous fiduciary advice rather than a fixed committee calendar; the AFM-registered fund range is reported annually in the jaarverslag.,LGT Capital Partners is the gatekeeper for private equity and hedge funds from March 2026. Neuberger Berman Private Markets is the appointed investment partner on the 2025 impact fund. Both are direct competitors to a pan-Asia fund-of-funds seller.,"Maureen Schlejen (M.S. Schlejen-Peeters) (Directievoorzitter (chair of the statutory board), in post since 14 September 2023); Olaf van den Heuvel (O.A.W.J. van den Heuvel) (Directeur Investments, in post since 1 December 2024); Bart Oldenkamp (K.P.B. Oldenkamp) (Directeur Klanten & Producten, and acting director Strategisch Portefeuille Advies); Rob Verheul (R.G.H. Verheul) (Directeur Operations & Transformatie (non-statutory board member)); Twan van Erp (A.P. van Erp) (Directeur Strategisch Portefeuille Advies until 31 March 2026; the seat is being covered by Bart Oldenkamp, so this person is no longer the contact)","https://news.achmea.nl/achmea-im-launches-new-private-equity-impact-fund/
https://www.achmeainvestmentmanagement.nl/-/media/files/documenten-inst-en-part/jaarverslag-achmea-im-bv-2025.pdf
https://www.ipe.com/news/achmea-im-launches-250m-private-equity-impact-fund/10132271.article","Read the Achmea Investment Management B.V. Jaarverslag 2025 PDF in full text, including the complete AFM-registered fund list, the outsourced-mandate fund list, the Wft-exempt list, the AIFM licence categories, the client section, the Wtp section, the board CVs and the financial section. Read the Achmea B.V. Jaarverslag 2025 PDF (66,892 text lines) and grepped every occurrence of private equity. Read the Achmea newsroom release of 14 August 2025, the Achmea IM PE Partnership Fund web page, the IPE report, and the banken.nl report of 8 April 2026 on the LGT Capital Partners partnership. Downloaded and text-searched the 2025 jaarverslagen of all three KLM pension funds. Searched every document for the 40 Asia GP and fund-of-funds names on the target list and found no hit. not found: the size of the Achmea IM Active Private Equity Asia I Fund, its inception year, the identity of the external manager holding its mandate, and any named underlying Asia GP. Achmea IM publishes a fund page only for the PE Partnership Fund, not for the other eight private equity pools.",5
Aegon Nederland N.V. (dissolved as a Dutch buying seat; now inside ASR Nederland N.V.),Netherlands,"The Hague (former Aegon Nederland seat); Aegon Ltd group head office at Schiphol, legal seat Bermuda",Former Dutch insurance group. Since 1 October 2023 a merged part of ASR Nederland N.V. Aegon Levensverzekering N.V. survives only as an a.s.r. subsidiary.,none,"no - the entity no longer exists as a Dutch buying seat. Aegon Nederland N.V. was legally merged into ASR Nederland N.V. on 1 October 2023 and a.s.r. reports that it completed the integration of Aegon Nederland's business units by the end of 2025. Any commitment for the former Aegon Nederland balance sheet is now decided by a.s.r. in Utrecht. A separate approach to Aegon Ltd reaches a group whose remaining Dutch activity is asset management, not a Dutch insurance general account.","dissolved - Aegon Nederland N.V. ceased to be a buying seat on 1 October 2023 when it was legally merged into ASR Nederland N.V. Aegon Levensverzekering N.V. still files its own Solvency II report, but the 2025 SFCR states that it is a subsidiary of ASR Nederland N.V. and that 'The EB members and SB members of Aegon life are the same as those of a.s.r.', so the decision makers are a.s.r.'s. Separately, Aegon Asset Management retained the Dutch asset management business and holds a long-term agreement to manage parts of the combined general account's illiquid investments, the Aegon Cappital PPI investments and a.s.r.'s mortgage funds. https://www.aegon.com/investors/information-on-combination and https://www.asrnl.com/-/media/files/asrnederland-nl/investor-relations/jaarverslagen/2025/2025-aegon-levensverzekering-nv-sfcr.pdf","Not applicable. Aegon Nederland no longer runs a general account of its own. Its Dutch insurance assets now sit inside a.s.r., whose private equity book is covered in the a.s.r. row.",Not applicable.,,"There is no Aegon Nederland committee. For the former Aegon Nederland assets the deciding bodies are a.s.r.'s Financial Risk Committee, which agrees the strategic asset allocation, and a.s.r.'s Central Investment Committee, which takes investment decisions within it. Both are chaired by a.s.r.'s CFO. Aegon life's Executive Board and Supervisory Board are the same people as a.s.r.'s.",Not published.,"Aegon Asset Management remains the delegated manager for part of the combined general account's illiquid investments under the long-term agreement signed with the 2023 transaction, so it sits between a.s.r. and any illiquid fund.",,https://www.asrnl.com/-/media/files/asrnederland-nl/investor-relations/jaarverslagen/2025/2025-aegon-levensverzekering-nv-sfcr.pdf,"Read the Aegon press release of 4 July 2023 announcing completion, the Aegon investor page on the a.s.r. combination, the a.s.r. press release of 2 October 2023 on the completed employers' merger, the ACM clearance notice, the Aegon corporate page on Aegon Asset Management, the a.s.r. press release of 1 November 2024 on Aegon Cappital becoming Cappital pensioen van a.s.r., the Aegon Levensverzekering N.V. SFCR 2025 filed on a.s.r.'s investor relations site, and the a.s.r. Annual Report 2025. Searched the Aegon Leven SFCR 2025 for private equity and for all 40 Asia GP and fund-of-funds names and found no holding disclosure and no hit. not found: any current Aegon Asset Management AUM figure with an as-of date on Aegon's own corporate page, the size of the illiquid general account mandate Aegon AM holds for a.s.r., and any named person in an Aegon Nederland investment seat, because that seat no longer exists.",4
Blue Sky Group (for the KLM pension funds),Netherlands,Amstelveen,Pension administration organisation (uitvoeringsorganisatie) owned by the three KLM pension funds; its asset-management arm was sold and it no longer manages money,none,"no - Blue Sky Group cannot write any investment ticket. It sold Blue Sky Group Asset Management B.V. to Achmea Investment Management with effect from 1 January 2025 and is now a pension administrator only. A placement agent calling Blue Sky Group about a fund is calling the wrong company. The buying seat is Achmea Investment Management, and each KLM fund board approves the mandate.","manager selects - Achmea Investment Management makes the fund selection for the three KLM funds; each KLM fund's bestuur approves the mandate and the strategic allocation. The KLM Algemeen jaarverslag 2025 lists under Uitvoeringsorganisatie: 'Blue Sky Group, Amstelveen (Blue Sky Group Holding B.V., Blue Sky Group Asset Management B.V. (tot 1 januari 2025), Blue Sky Group Fund Management B.V., Blue Sky Group Pension Management B.V). Achmea Investment Management (vanaf 1 januari 2025)'. https://klmgrondfonds.nl/sites/klmgrondfonds.nl/files/2026-06/Jaarverslag_AlgemeenpfKLM_2025.pdf","Blue Sky Group runs no private-equity programme today. Its own site states 'Tot 2025 beheerden wij ook het vermogen van een aantal pensioenfondsen in onze klantenkring. Deze vermogensbeheeractiviteiten zijn inmiddels overgenomen door Achmea Investment Management.' https://www.blueskygroup.nl/nl/wie-wij-zijn read 2026-09-19. The three KLM funds it administers held combined unfunded private-equity commitments of EUR 188.6m at 31 Dec 2025 (Algemeen EUR 79.3m, Vliegend EUR 78.2m, Cabine EUR 31.1m), all falling year on year, and that money is now directed by Achmea IM.","not published. No KLM fund discloses a per-fund private-equity commitment size. The only published figures are aggregate unfunded commitments per fund (EUR 31.1m to EUR 79.3m at 31 Dec 2025), which cap what a single new ticket could be. https://klmgrondfonds.nl/sites/klmgrondfonds.nl/files/2026-06/Jaarverslag_AlgemeenpfKLM_2025.pdf",,"Each KLM fund decides for itself; there is no combined KLM investment committee. Algemeen Pensioenfonds KLM works through a Commissie Beleggingszaken with an external adviser sitting in ('Daarnaast heeft in zowel de Commissie Beleggingszaken als de Commissie Communicatie een externe' adviseur). Pensioenfonds Vliegend Personeel KLM uses the commissie balans- en vermogensbeheer (CBV), which 'maakt gebruik van minimaal een externe adviseur die vergaderingen van de CBV bijwoont maar geen lid is van de commissie'. Pensioenfonds KLM-Cabinepersoneel was building its own bestuursbureau during 2025 and works through an auditcommissie and a monitoringcommissie.","Not published in the 2025 annual reports for any of the three funds. The Vliegend report records that its Raad van Toezicht 'viermaal met het Bestuur vergaderd' in 2025, which is an oversight cadence, not the investment committee cadence.",Achmea Investment Management is the fiduciary manager and the real screen since 1 January 2025. Montae & Partners B.V. provides board support to Algemeen Pensioenfonds KLM. Ortec Finance runs the ALM studies for Pensioenfonds KLM-Cabinepersoneel.,"Tom Bottinga (CEO Blue Sky Group (quoted in the July 2024 sale announcement; seat not re-confirmed against a 2026 source)); Caroline Muste-Merks (CEO Blue Sky Group Vermogensbeheer at the time of the sale; that business moved to Achmea IM on 1 January 2025, so this seat no longer exists at Blue Sky Group); Maureen Schlejen (Directievoorzitter Achmea Investment Management (the acquiring firm, and the current buying seat)); P.A.M. (Paul) Loven (Technisch voorzitter, bestuur Stichting Algemeen Pensioenfonds KLM); drs. L.J. (Jeroen) van der Put RBA (Niet-paritair bestuurslid (lid vanaf 2018), Stichting Algemeen Pensioenfonds KLM; also adviseur beleggingscommissie Stichting Pensioenfonds Huisartsen and bestuurslid APF Centraal Beheer); drs. J.F.M. (Anneke) van der Meer (Voorzitter Raad van Toezicht, Stichting Algemeen Pensioenfonds KLM (vanaf 2019))",https://klmvliegendfonds.nl/sites/klmvliegendfonds.nl/files/2026-06/PF%20KLM%20Vliegend%20Jaarverslag%202025%20%28vastgesteld%2010-06-2026%29.pdf,"Opened and read in full: Stichting Algemeen Pensioenfonds KLM jaarverslag 2025 (Jaarverslag_AlgemeenpfKLM_2025.pdf, 12,146 text lines), Stichting Pensioenfonds Vliegend Personeel KLM jaarverslag 2025 (vastgesteld 10-06-2026, 12,534 lines), Stichting Pensioenfonds KLM-Cabinepersoneel jaarverslag 2025 (dd 21 mei 2026 DEF, 11,548 lines), KLM Algemeen Beleggingsbeleid 2025-06, and KLM Algemeen MVB-jaarverslag 2025. Also read blueskygroup.nl/nl/wie-wij-zijn and the Blue Sky Group sale press release of 25 July 2024. Grepped all five PDFs for BPEA, Baring, PAG, Hillhouse, MBK, Affinity, CVC, KKR, TPG, Carlyle, Blackstone, Navis, Quadria, Everstone, ChrysCapital, Kedaara, Peak XV, Trustbridge, Primavera, Boyu, Hopu, Advantage Partners, Unison, Polaris, Hahn, IMM, STIC, Anchor, Pantheon, Adams Street, HarbourVest, LGT, Axiom, Asia Alternatives, AlpInvest, StepStone, Hamilton Lane, Portfolio Advisors, Squadron, Schroders, Adveq, Neuberger, Partners Group, Ardian, Lexington and Capital Dynamics. zero hits in any of the three KLM annual reports. Could not find: any fund-by-fund private-equity holdings list for any KLM fund (none is published), a Blue Sky Group annual report PDF at a public URL, the investment committee meeting cadence for any of the three funds, or any named private-equity officer at Achmea IM. Pensioen Pro articles on the Achmea IM sale are paywalled; the transfer date was taken from the KLM funds' own annual reports instead.",4
"Cardano Nederland (Mercer, a business of Marsh McLennan); ACTIAM absorbed",Netherlands,Rotterdam,Fiduciary manager and investment adviser for Dutch pension funds and insurers; owned by Mercer since November 2024,no_asia,"unclear, and probably the wrong question - Cardano Nederland has the scale, with EUR 60bn under management, but it is now part of a group that manufactures its own competing product. Mercer runs the Private Investment Partners series, a curated multi-manager private markets platform with allocations across private equity, private debt, infrastructure and real assets including selective Asia-Pacific exposure. A Dutch pension client wanting pooled Asia private equity through this seat gets offered Mercer PIP first.","manager selects, and the manager is now Mercer - Cardano Nederland makes the fund selection for its Dutch fiduciary clients and each client pension fund's bestuur approves the mandate and the strategic allocation. Since 4 November 2024 Cardano is owned by Mercer, part of Marsh McLennan, and 'now operates as part of Mercer's investment business in the Netherlands and the United Kingdom'. The entity a placement agent approaches today is Cardano Nederland in Rotterdam, under the Cardano brand, inside Mercer. https://www.cardano.nl/en/marsh-mclennans-mercer-completes-acquisition-of-cardano/ and https://www.cardano.nl/en/",Cardano Nederland states it manages EUR 60bn across about 70 entities for over 1.5 million people in the Netherlands and the United Kingdom. Mercer reported that the Cardano acquisition added roughly EUR 66bn of assets under management from seventy institutional investors plus about EUR 100bn under fiduciary advice. No private equity sub-total is published for the Dutch book. https://www.cardano.nl/en/ and https://www.mercer.com/about/newsroom/mercer-completes-acquisition-of-cardano/,"not published at Cardano Nederland level. At group level Mercer's own private markets vehicles raise close to USD 4bn per vintage, so the private equity buying is done at Mercer PIP scale rather than in single Dutch tickets. https://www.mercer.com/en-us/about/newsroom/marsh-s-mercer-announces-close-of-successful-fundraising-for-pip/","Mercer Private Investment Partners VIII (PIP VIII) | nearly USD 4bn of capital commitments at close in 2025
Mercer Private Investment Partners VII (PIP VII) | over USD 3.9bn of limited partner capital commitments (closed before PIP VIII; vintage year not stated in the release)","Cardano Nederland's own investment and manager-research teams perform the selection, now inside Mercer's global investment business. Each client pension fund's bestuur or beleggingscommissie approves the commitment.",Not published.,"Mercer is simultaneously the gatekeeper and a direct competitor. Mercer's manager research function is one of the largest institutional screens in Europe, and Mercer's Private Investment Partners series is a rival pan-regional private markets fund-of-funds.","Jorg Sunderman (CEO, Cardano Nederland, in post since 1 April 2025; previously Head of Sustainable Asset Management at Cardano and nearly 20 years at Robeco); Harold Naus (CEO of Cardano Netherlands until 1 April 2025; no longer in the seat); David Sanderse (CEO, Marsh McLennan Netherlands, quoted on the Cardano completion)","https://www.cardano.nl/en/
https://www.mercer.com/en-us/about/newsroom/marsh-s-mercer-announces-close-of-successful-fundraising-for-pip/
https://www.mercer.com/en-us/about/newsroom/mercer-announces-successful-fundraising-for-pip-vii-closing-with-nearly-4-billion-in-commitments/","Read the Mercer and Cardano completion releases, the Cardano Nederland homepage for current branding, scale and leadership, the Cardano release on the ACTIAM rebrand, the Cardano CEO handover release, the IPE report on the ACTIAM acquisition, the Mercer PIP VII and PIP VIII fundraising releases, Mercer's private equity solutions page, and Exelerating's January 2026 review of Dutch fiduciary manager changes. not found: any fund-level private equity holdings list for Cardano's Dutch clients, any Asia private equity fund named in a Cardano document, any Cardano Nederland investment committee name or cadence, any private equity sub-total inside the EUR 60bn, and any statement by Cardano Nederland on illiquid-asset pacing under the Wtp transition. Cardano publishes nothing at the level of detail that ABP, PFZW or the UK LGPS pools publish.",3
"MN (fiduciary manager for PMT, PME and seven other Dutch funds)",Netherlands,The Hague (Den Haag),Fiduciary asset manager owned by its clients; not an asset owner,none,"unclear - MN never commits in its own name, so the question belongs to each client. MN clearly still executes large new private-markets mandates: it coordinated a EUR 1.15bn private corporate debt award to Robeco for PMT and PME on 13 March 2026. But that is private DEBT. On private equity both large clients are at or above their policy weight and PMT has been a net seller since 2022.","manager selects, client signs - MN provides fiduciary advice and fiduciary management; the fund's board sets the policy and decides where mandates go. PME states it plainly: 'Het fiduciaire advies en fiduciair beheer zijn door ons uitbesteed aan MN. Wij hebben als opdrachtgever nadrukkelijk de regie, stellen het beleggingsbeleid vast en besluiten zelf bij welke partij mandaten worden ondergebracht.' https://www.pmepublicaties.nl/media/3382/pme-jaarverslag_2025.pdf. PMT frames MN's role the other way round, as the selector: 'MN is de fiduciaire vermogensbeheerder van PMT... Het gaat dan bijvoorbeeld om de selectie en monitoring van de vermogensbeheerders van PMT door MN, de aanwezigheid van MN bij de bestuurscommissie Beleggingen (CBL).' https://www.pmt.nl/media/zgjllowg/pmt-algemeen-jaarverslag-2025.pdf","MN's own carbon-footprint asset table puts private equity across all client portfolios at EUR 9,813m at ultimo 2025, down from EUR 11,280m at ultimo 2024. Infrastructure is EUR 2,640m. https://www.mn.nl/media/blingwrb/mn-jaarverslag-2025.pdf read 2026-09-19. F: MN advises on and manages EUR 154bn in total at ultimo 2025 (EUR 161bn at ultimo 2024). https://www.mn.nl/media/blingwrb/mn-jaarverslag-2025.pdf","not published by MN. The only primary ticket evidence in MN's client base is PME's own 2025 disclosure of a EUR 100m commitment to Nordic Capital Elevate and a EUR 150m commitment to AIP V. https://www.pmepublicaties.nl/media/3382/pme-jaarverslag_2025.pdf read 2026-09-19. unverified: the seed claim 'PMT tickets to individual private-market funds are US$50m-US$200m' is sourced only to pipelineroad.com, a secondary directory. It does not appear in PMT's jaarverslag 2024 or 2025, in PME's jaarverslag 2025 or in MN's jaarverslag 2024 or 2025. Treat as unsourced.",,"MN's directie is five people and has no CIO or investment-committee seat on it. Fund selection for private equity sits in MN's investment teams; the decision to commit sits with the client board and its investment committee (PMT: bestuurscommissie Beleggingen (CBL), which MN attends; PME: commissie balans- en vermogensbeheer (B&V-commissie)).",Not found. Neither MN's jaarverslag 2025 nor PMT's or PME's jaarverslag 2025 states how often the investment committee meets.,"MN is itself the gatekeeper. 'Ook de Infrastructuur en Private equity portefeuilles worden actief beheerd, waarbij MN de beheerders monitort en selecteert, mede op basis van hun ESG capaciteiten.' No external manager-selection consultant is named.","Fleur Rieter (Co-ceo and member of the Raad van Bestuur (statutory director since 1 July 2019); portfolio is Operations, IT, Risk & Compliance and Finance, not investments); Martijn Scholten (Co-ceo and member of the Raad van Bestuur); Hester Borrie (Directeur Fiduciaire Advisering (fiduciary advice; the seat that owns portfolio design and manager advice to clients)); Aartie Hoeblal (Directeur Fiduciaire Uitvoering since 1 March 2025; responsible for internally managed mandates in bonds, equities and treasury); Robil Gergin (Directeur Operations & IT)",https://www.mn.nl/media/blingwrb/mn-jaarverslag-2025.pdf,"Opened MN jaarverslag 2025 (full PDF, 10,802 text lines) and jaarverslag 2024 (4,382 lines) and grepped every occurrence of private equity, klanten, miljard, directie, CIO and the 30-name Asia GP and fund-of-funds watchlist from the spec. Opened the mn.nl home page and the mn.nl/over-mn/directie page. Cross-read PMT jaarverslag 2025 and PME jaarverslag 2025 for how each describes MN's mandate. Could not find: a head of private equity or any named private-markets seat at MN; a CIO (the last one, Gerald Cartigny, left per MN's own blog, which this check did not open); any MN external-manager or holdings list; any Asia private-equity fund name anywhere in MN's reporting. MN publishes no fund-by-fund holdings list. Also read PME's 13 March 2026 news release on the joint PMT/PME Robeco mandate.",4
NN Group N.V. (Nationale-Nederlanden) general account,Netherlands,The Hague (Schenkkade 65),Listed insurance and pensions group; proprietary general account investment portfolio,no_asia,"unclear - the balance sheet is easily large enough, with EUR 1.5bn of private equity fund positions, but NN buys through one outsourced asset manager under a ten-year partnership and publishes nothing that shows it selecting an individual private equity fund itself. A US$50m pan-Asia ticket is plausible in size and unevidenced in practice.","manager selects - NN Group sold NN Investment Partners to Goldman Sachs Asset Management on 11 April 2022 and entered a ten-year strategic partnership under which GSAM manages NN Group's general account assets; the NN Investment Partners B.V. legal entity ceased to exist on 6 March 2023. Inside NN, a dedicated Investment Office owns 'the investment strategy (including our net-zero strategy), Strategic Asset Allocation, and managing/monitoring the investment mandates and asset managers', and the 2025 Annual Report refers throughout to 'our external asset manager' in the singular. The NN Group Investment Office Investment Committee and the Asset & Liability Committee are the approving bodies. https://www.nn-group.com/news/nn-group-completes-sale-of-nn-investment-partners_20220902115040626/ and https://www.nn-group.com/site/binaries/content/assets/nn-group/annual-reports/2025/nn-group-annual-report-2025.pdf","EUR 1.5bn of private equity held through investment funds at 31 December 2025, inside a combined private equity and infrastructure equity line of EUR 3,184m that shrank slightly over the year. NN's own words are that it is 'mainly exposed to public listed equity and equity exposures through mutual funds, and to a lesser extent to direct private equity'. https://www.nn-group.com/site/binaries/content/assets/nn-group/annual-reports/2025/nn-group-annual-report-2025.pdf","not disclosed. NN publishes no fund-level private equity holdings and no commitment sizes in either the 2025 Annual Report or the 2025 SFCR. The only fund entities named anywhere in the group are two consolidated vehicles in the SFCR group-scope table, Crescent ESL Saffron SCSp and GSAM West Street Direct Lending European Evergreen Partners SLP, both private credit rather than private equity. https://www.nn-group.com/site/binaries/content/assets/nn-group/annual-reports/2025/nn-group-nv-solvency-and-financial-condition-report-2025.pdf","Private equity and infrastructure equity via investment funds, combined financed-emissions line | EUR 3,184m at 31 December 2025 against EUR 3,237m a year earlier (held at 31 December 2025; vintages not stated)
Private equity held through investment funds (no individual fund named in any NN disclosure) | EUR 1.5bn market value at 31 December 2025, commitments not published (held at 31 December 2025; vintages not stated)","NN Group Investment Office (first line) sets investment strategy and Strategic Asset Allocation and manages the mandates and asset managers. The NN Group Investment Office Investment Committee approves asset-class-specific strategies. The Asset & Liability Committee (ALCO) oversees investment activities and market risk, approves related policies, monitors portfolio performance and sets financial risk limits. The Responsible Investment Committee, chaired by the Group Chief Investment Officer who reports to the CEO, must co-approve asset-class strategies for Paris alignment. The Management Board sits above all of these.",Not published as a meeting frequency. NN states that the sensitivity of the Solvency II ratio to equity values is monitored quarterly and that the RI Committee reports to the Management Board at least once a year.,Goldman Sachs Asset Management is the outsourced manager of the general account and functions as the practical screen for any new fund. No third-party investment consultant is named.,"David Knibbe (Chair of the Executive Board and Chief Executive Officer, NN Group N.V.); Annemiek van Melick (Vice-chair of the Executive Board and Chief Financial Officer; the Supervisory Board announced on 12 February 2026 its intention to reappoint her for four years at the 2026 AGM)",https://www.nn-group.com/site/binaries/content/assets/nn-group/annual-reports/2025/nn-group-annual-report-2025.pdf,"Downloaded and text-searched the NN Group Annual Report 2025 (55,079 lines) and the NN Group N.V. Solvency and Financial Condition Report 2025 (15,160 lines). Read the market risk and equity risk sections, the financed-emissions tables with their unit headers, the fair value and associates notes, the investment governance and committee sections, the Executive Board table, and the S.32.01.22 group-scope table listing every consolidated undertaking. Grepped both documents for all 40 Asia GP and fund-of-funds names, for Goldman Sachs, GSAM, NN Investment Partners and NNIP. Read the NN Group press release on the completion of the NN IP sale and the Goldman Sachs completion release. not found: the name of NN's current Group Chief Investment Officer, the current size of the GSAM mandate as stated by NN itself, any named private equity fund or GP, any Asia allocation, and any ALCO meeting cadence.",4
PGGM Vermogensbeheer (for PFZW),Netherlands,Zeist,"Cooperative fiduciary asset manager. It is the buying seat for Pensioenfonds Zorg en Welzijn (PFZW), its dominant client.",small,"yes on size, no as a primary fund slot as specified - US$50m is about EUR 43m, which sits below the bottom of PGGM's own published fund ticket range of EUR 50m-350m, and PGGM's published universe is 'growth capital and buyout fund managers', not fund-of-funds. Its one delegated multi-manager slot is already held by AlpInvest, whose remit PGGM has narrowed from nearly the whole portfolio to small US-market funds, last quantified by PGGM at EUR 200m a year on an undated page. The realistic shape is a co-investment sidecar, where PGGM's published ticket range starts at EUR 20m and its typical size is EUR 40m-100m.",manager selects - PGGM Vermogensbeheer B.V. makes the fund selection for PFZW and the PGGM Private Equity Investment Committee approves the commitment; PFZW's board sets the strategic allocation and its commissie beleggingen can approve or reject specific investment proposals. 'PFZW heeft de uitvoering van de pensioenregeling uitbesteed aan PGGM N.V. en haar dochters' and 'PFZW heeft diverse uitbestedingsovereenkomsten afgesloten met PGGM N.V. (raamwerkovereenkomst) en haar dochters (nadere overeenkomst)'. https://www.pfzw.nl/content/dam/pfzw/web/over-ons/jaarverslagen/PFZW_jaarverslag_2025.pdf,"PFZW held EUR 20,889m of private equity at 31 Dec 2025 (2024: EUR 22,843m), EUR 4,383m direct and EUR 16,506m indirect, an 8.3% actual weight against a 5.6% strategic weight, with a 2025 net return of -3.9%. Undrawn private-equity commitments stood at EUR 8,753m (2024: EUR 8,533m). https://www.pfzw.nl/content/dam/pfzw/web/over-ons/jaarverslagen/PFZW_jaarverslag_2025.pdf read 2026-09-19. F: PGGM's own private-equity page states 'EUR 23bn assets private equity portfolio as at December 2023', 'EUR 3bn committed yearly in funds, co-investments and secondaries', '17% average net return over the past 10 year' and 'More than 125 Limited Partner Advisory council seats at our relationship funds'. https://web.archive.org/web/20260525230932/https://www.pggm.nl/en/asset-management/private-equity/ read 2026-09-19","PGGM PUBLISHES ITS TICKET RANGE. 'Funds: We invest globally in growth capital and buyout fund managers, with a typical investment ticket of EUR 50m - EUR 350m and a maximum size of EUR 500m. Funds should have a minimum size of EUR 200m, although this also depends on the fund type and geography.' 'Co-investments: We co-invest globally alongside GPs, with investment tickets of EUR 20m - EUR 250m and a typical investment size of EUR 40m - EUR 100m.' https://web.archive.org/web/20260525230932/https://pggm.nl/en/our-services/investment-approach read 2026-09-19. The seed's 'US$682m (est.)' is an unsourced derivation and is dropped.","Bain Capital Asia Fund V LP | EUR 50-100m market value at 30 June 2026; commitment not published in 2023
PAG Asia IV LP | EUR 50-100m market value at 30 June 2026; commitment not published in 2022
Anchor Equity Partners Fund IV LP | EUR 50-100m market value at 30 June 2026; commitment not published in 2021
KKR Asian Fund IV SCSp | EUR 50-100m market value at 30 June 2026; commitment not published in 2020
PAG Asia III LP | EUR 50-100m market value at 30 June 2026; commitment not published in 2019
Anchor Equity Partners Fund III-B LP | EUR 50-100m market value at 30 June 2026; commitment not published in 2019
Affinity Asia Pacific Fund V LP | EUR 50-100m market value at 30 June 2026; commitment not published in 2018
KKR Asian Fund III (EEA) SCSp | EUR 50-100m market value at 30 June 2026; commitment not published in 2017
BPEA Private Equity Fund IX SCSp | EUR 0-50m market value at 30 June 2026; commitment not published in 2024
PropertyGuru (co-investment alongside EQT) | EUR 0-50m market value at 30 June 2026; commitment not published in 2024
CVC Capital Partners Asia Pacific VI (B) LP | EUR 0-50m market value at 30 June 2026; commitment not published in 2023
CFD Consortium (co-investment alongside Affinity Equity Partners) | EUR 0-50m market value at 30 June 2026; commitment not published in 2021
IPB Ltd. (co-investment alongside Anchor Equity Partners) | EUR 0-50m market value at 30 June 2026; commitment not published in 2020
Bain Capital Partners Asia IV LP | EUR 0-50m market value at 30 June 2026; commitment not published in 2019
PAG Asia II LP | EUR 0-50m market value at 30 June 2026; commitment not published in 2016
Anchor Equity Partners Fund II LP | EUR 0-50m market value at 30 June 2026; commitment not published in 2016
CVC Capital Partners Asia Pacific IV LP | EUR 0-50m market value at 30 June 2026; commitment not published in 2014
KKR Asian Fund II LP | EUR 0-50m market value at 30 June 2026; commitment not published in 2013
Affinity Asia Pacific Fund IV LP and Fund III LP | EUR 0-50m market value each at 30 June 2026; commitments not published in 2013
CDH Fund V LP | EUR 0-50m market value at 30 June 2026; commitment not published in 2013
China Environment Fund IV LP | EUR 0-50m market value at 30 June 2026; commitment not published in 2011
VenturEast Life Fund III LLC | EUR 0-50m market value at 30 June 2026; commitment not published in 2011
AlpInvest Partners B.V. discretionary private-equity mandate | EUR 3,000-3,500m market value at 30 June 2026; commitment not published. PGGM's own site states AlpInvest currently commits EUR 200m per year on its behalf. (held at 30 June 2026; entry year 2005)
Stafford Global Private Equity III | EUR 0-50m market value at 30 June 2026; PFZW holds 15-20% of the vehicle (held at 30 June 2026; entry year 2007)","PGGM Private Equity Investment Committee, chaired by Diane Griffioen and including Harrie van Rijbroek, Berend Schiphorst and Irina Manea. PGGM runs 'a clear 3-step decision process, including a factsheet, a preliminary investment proposal and a final investment proposal', with the Risk Analysis team writing an independent second-opinion report on every investment proposal and a separate Operational Due Diligence team on the manager. Above that, PFZW's commissie beleggingen guards the policy and can approve or reject specific investment proposals; the PFZW bestuur sets the strategic mix.","F: PFZW's commissie beleggingen met 41 times in 2025 (2024: 33), made up of 8 regular meetings, 16 theme and deep-dive sessions, 12 strategic meetings with the asset-management directorate and 5 extra sessions on the geopolitical situation. It discussed 'minimumnormen private equity' and 'make-buy-ally (MBA)-analyses van de beleggingscategorieen' in 2025. The PGGM PE Investment Committee meets on deal flow rather than a published calendar.","No external gatekeeper for manager selection. The screen is PGGM's own 28-person private-equity team plus PGGM's Risk Analysis, Operational Due Diligence and Responsible Investments teams. AlpInvest holds a delegated mandate for the US lower mid-market only.","Diane Griffioen (Head of Private Equity, PGGM. 'She leads the team and chairs the PGGM Private Equity Investment Committee. She is a member of the PGGM Private Markets Management team'. Joined PGGM September 2022. Seat confirmed on the archived PGGM team page as at 14 January 2026; the live pggm.nl page could not be read, so currency beyond that date is unconfirmed.); Irina Manea (Senior Director, PGGM Private Equity team, and member of the PGGM Private Equity Investment Committee. 'She is responsible for technology growth investments globally as well as investments in Asia Pacific and emerging markets.' This is the Asia seat.); Harrie van Rijbroek (Senior Director, PGGM Private Equity, member of the PGGM Private Equity Investment Committee, responsible for the European mid-market); Berend Schiphorst (Senior Director, PGGM Private Equity, member of the PGGM Private Equity Investment Committee, responsible for North America across funds, co-investments and secondaries); Dirk Schoenmaker (Chair, commissie beleggingen, PFZW); Joanne Kellermann (Member of the PFZW bestuur (board), pictured in the 2025 annual report board photograph with Andre ten Damme, Dirk Schoenmaker, Ilse van der Weiden, Pascal Wolters, Jorick de Bruin and Jacqueline Joppe)","https://web.archive.org/web/20260114135337/https://www.pggm.nl/en/our-services/team-pe/
https://www.pfzw.nl/content/dam/pfzw/web/transparantielijsten/transparantielijsten-30-juni-2026/Private_Equity_2026Q2.json","Downloaded and parsed PFZW's full private-equity transparency list at 30 June 2026 (Private_Equity_2026Q2.json, 581 records, every Investering, Investeerder, TypeInvestering, Ingangsjaar, Marktwaarde, Aandeel and Activiteiten field) and its external-manager list (Externe_vermogensbeheerders_2026Q2.json, 150 records). Read the full PFZW Jaarverslag 2025 PDF (8,685 text lines: the return table by category, the private-equity balance note, the commitments note, the outsourcing note, the governance and commissie beleggingen sections, the Wtp chapters) and the PFZW Jaarbericht 2025. Read the PFZW beleggingsbeleid 2030 factsheet and the PFZW commissie beleggingen page. Read PGGM's own private-equity, investment-approach and team pages through Wayback snapshots dated 25 May 2026 and 14 January 2026. COULD not READ: the live pggm.nl pages, which sit behind a Cloudflare bot challenge that returns HTTP 403 to every direct fetch; and the Top1000funds article of 13 April 2023 on PGGM's private-equity priorities, which is paywalled after the opening line 'Diane Griffioen, the new head of private equity at'. No PGGM annual report was obtained. Entry-year and Asia pacing were recounted directly from the 581-item transparency JSON rather than read off a summary: 2025 and 2026 vintages were listed in full by investment, manager and type, and inspected by name. The archived PGGM private-equity page carrying the AlpInvest EUR 200m sentence was refetched and the quote confirmed verbatim: https://web.archive.org/web/20260525230932/https://www.pggm.nl/en/asset-management/private-equity/ read 2026-09-19. not ESTABLISHED: whether the EUR 200m annual AlpInvest figure is still current, since the page gives no as-of date for it.",5
PWRI (Stichting Pensioenfonds Werk en (re)Integratie),Netherlands,Amsterdam,Industry-wide pension fund for sheltered employment and reintegration workers. APG is its pension administrator. Its fiduciary asset manager is Columbia Threadneedle Investments.,none,"no. PWRI holds EUR 31.3m of private equity in total and is running it to zero. 'PWRI is bezig met een volledige afbouw van private equity, dus naar 0%. De vrijkomende gelden uit private equity komen ten goede aan de aandelenallocatie.' A US$50m commitment would be larger than the entire remaining book. https://www.pwri.nl/content/dam/dpp-pwri/documenten/beleggen/beleggingsplan-pwri.pdf","manager selects - Columbia Threadneedle Investments is the fiduciair manager and prepares the manager selection for PWRI within board-set criteria; PWRI's bestuur appoints the managers after advice from the beleggingscommissie and sets the beleggingsplan. APG is the pensioenuitvoerder (administration), NOT the asset manager. 'In lijn met het uitbestedingsbeleid van het fonds is het beheer van de beleggingsportefeuille is uitbesteed aan de fiduciair manager Columbia Threadneedle Investments (CTI)' and 'Het bestuur stelt de uitbestedingspartijen voor vermogensbeheer (custodian/asset service provider, fiduciair manager en vermogens beheerders) aan na advies van de beleggingscommissie.' https://www.pwri.nl/content/dam/dpp-pwri/documenten/juridisch/abtn-pwri-2025.pdf","EUR 31.3m of private equity at 31 December 2025 (2024: EUR 39.6m), 3.4% of the illiquid return portfolio and about 0.4% of a EUR 6.08bn return portfolio, with a 2025 return of -11.57%. https://www.pwri.nl/content/dam/dpp-pwri/documenten/jaarverslagen/jaarverslag-2025-pwri.pdf read 2026-09-19","not published, and moot. The fund is winding the category down and its long-term target weight for private equity is 0.0%. https://www.pwri.nl/content/dam/dpp-pwri/documenten/beleggen/beleggingsplan-pwri.pdf read 2026-09-19",,"The bestuur appoints managers, on the advice of the beleggingscommissie. Columbia Threadneedle prepares the selection and monitors the managers, and reports to the beleggingscommissie. 'De fiduciair manager bereidt, binnen de door het bestuur vastgestelde managerselectiecriteria, de managerselectie voor en draagt zorg voor de adequate monitoring van vermogensbeheerders en de beleggingsinstellingen.'","F: the fiduciary manager reports to the beleggingscommissie monthly and quarterly, and the board reviews the portfolio and the risk position quarterly. 'De fiduciair manager legt verantwoording af aan de beleggingscommissie door middel van maandelijkse- en kwartaalrapportages' and 'Het beoordeelt op kwartaalbasis de ontwikkeling van de beleggingsportefeuille en de risicopositie.'","Columbia Threadneedle Investments as fiduciary manager. A separate external party, not the fiduciary manager, runs the ALM study.","Marsha van Beusekom (Voorzitter, beleggingscommissie PWRI); Hermien Wiselius-Kottelenberg (Lid, beleggingscommissie PWRI); Semih Eski (Lid, beleggingscommissie PWRI); Caroline Bosch (Extern deskundige, beleggingscommissie PWRI); Willeke Pieters-Wouters (Extern deskundige, beleggingscommissie PWRI)",https://www.pwri.nl/content/dam/dpp-pwri/documenten/juridisch/abtn-pwri-2025.pdf,"Read the full PWRI Jaarverslag 2025 PDF (7,530 text lines: the return portfolio tables, the return-by-category table, the cost chapter, the Wtp transition chapters and the full governance appendix listing every committee and its members). Read the Beleggingsplan PWRI 2025 (December 2024) including the target-weight table and the currency-hedging section. Read the Beleggingsbeleid PWRI and the ABTN PWRI 2025 including the outsourcing chapter and the fiduciary-manager section. Cross-checked the premise against the APG Annual Report 2025, which lists APG Asset Management's clients as ABP, bpfBOUW, SPW and PPF APG only and does not include PWRI. COULD not FIND: any PWRI holdings list or manager list for private equity, and no fund name anywhere in the four documents. Searched all of them for every Asia GP and fund-of-funds platform on the hunt list with no hit.",4
Shell Asset Management Company (SAMCO) for Stichting Shell Pensioenfonds,Netherlands,Rijswijk (SSPF and Shell Pensioenbureau Nederland); SAMCo was based in Rijswijk,Corporate defined-benefit pension fund (EUR 26.2bn) with a captive asset manager that was replaced by an external fiduciary manager on 1 July 2025,none,"no, not this year - the SSPF board ordered new investments in illiquid categories stopped for an indefinite period back in 2022, and that instruction was still governing the portfolio through the 2025 report. The 2024 jaarverslag says: 'Om die reden heeft het bestuur in 2022 al opdracht gegeven om voor onbepaalde tijd nieuwe investeringen in verschillende illiquide categorieen te stoppen.' Private equity fell from EUR 3,240m to EUR 2,716m over 2025 and unfunded commitments fell from EUR 922m to EUR 799m, which is the arithmetic of a book in run-off. Capacity is not the problem. A fund of this size could write US$50m comfortably. Willingness is the problem, and the fund is also mid-transition to a new fiduciary manager and to the new pension contract on 1 January 2027.","manager selects - since 1 July 2025 BlackRock (Netherlands) B.V. makes the manager selection for Stichting Shell Pensioenfonds; SSPF's bestuur sets policy and approves the strategic allocation, advised by its four-member Beleggingscommissie. The 2025 jaarverslag states 'Hierbij is het zo dat SSPF het beleid bepaalt en BlackRock dit uitvoert - hiermee blijft SSPF aan het stuur zitten' and describes BlackRock's role as 'de selectie en monitoring van vermogensbeheerders'. Before 1 July 2025 SAMCo held that seat: 'Shell Asset Management Company B.V. (SAMCo) is door het pensioenfonds aangesteld voor het beheren van het vermogen en het adviseren van het bestuur over het beleggingsbeleid.' https://www.shellpensioen.nl/-/media/Files/Shellpensioen/Jaarverslagen-sspf/SSPF-jaarverslag-2025.pdf","EUR 2,716m private equity at 31 December 2025, 11% of total assets, 2025 return +0.5%, down from EUR 3,240m and 11.9% at 31 December 2024 when the 2024 return was +5.6%. Unfunded commitments to private equity, real estate and other alternatives together were EUR 799m at 31 December 2025 against EUR 922m a year earlier. https://www.shellpensioen.nl/-/media/Files/Shellpensioen/Jaarverslagen-sspf/SSPF-jaarverslag-2025.pdf read 2026-09-19","not disclosed. SSPF publishes no fund-by-fund private-equity schedule and no per-fund commitment figure in either the 2024 or the 2025 jaarverslag. The beleggingscommissie does operate 'een fee-protocol voor alternatieve beleggingen', but no ticket size is given.",,"Beleggingscommissie of SSPF. 'De Beleggingscommissie adviseert het bestuur, gevraagd en ongevraagd, over het beleggingsbeleid en risicobeheersing. De Beleggingscommissie bestaat uit 4 bestuursleden, waaronder ten minste een werkgevers-vertegenwoordiger (Lid A). Het bestuur benoemt de leden van de Beleggingscommissie. De Beleggingscommissie wordt bijgestaan door een externe onafhankelijke beleggingsadviseur.' The bestuur decides; the commissie advises.",Not published. The 2025 jaarverslag does not state how often the Beleggingscommissie meets.,Two screens. An external independent investment adviser sits with the Beleggingscommissie. BlackRock (Netherlands) B.V. is the fiduciary manager since 1 July 2025 and does manager selection and monitoring. Shell Pensioenbureau Nederland B.V. (SPN) is the fund's statutory Directeur and supervises the asset management. JP Morgan is investment administrator and custodian.,"E.N.T. (Edwin) Kunkels (Bestuurslid SSPF and voorzitter van de beleggingscommissie (Lid A)); J.M. (Jolanda) Schenk (Bestuurslid SSPF and waarnemend voorzitter (vice-chair) van de beleggingscommissie); F.E.Y. (Fridoline) van Binsbergen-Stierum (Bestuurslid SSPF and lid van de beleggingscommissie (Lid B)); R.J.X. Wanders (Lid van de beleggingscommissie (Lid C); this seat was vacant in the 2024 report and is filled in the 2025 report); Yvette Hennen (Risk & Investment Officer, Shell Pensioenbureau Nederland; in post since end 2022; previously nine years at Pensioenfonds Rail & Openbaar Vervoer as equity portfolio manager and investment strategist); Leon Verboon (Investment Analyst, Shell Pensioenbureau Nederland; joined end 2021 from WTW); K. (Kenan) Yildirim (General Manager, Shell Pensioenbureau Nederland B.V. (the fund's statutory Directeur); medebeleidsbepaler at SSPF; term runs to 1 May 2026)",https://www.shellpensioen.nl/-/media/Files/Shellpensioen/Jaarverslagen-sspf/SSPF-jaarverslag-2025.pdf,"Downloaded and read the full SSPF jaarverslag 2025 (16,357 text lines) and jaarverslag 2024 (15,564 lines), and downloaded the SNPS jaarverslag 2024. Read the investment chapter, the vermogen-en-rendement table, the private-equity valuation note, the off-balance commitments note, the fiduciary-transition interviews with Leon Verboon and Yvette Hennen, the cost chapter, the Wtp transition chapter and the full governance and personalia annexes in both years. Grepped both reports for BPEA, Baring, PAG, Hillhouse, MBK, Affinity, CVC, KKR, TPG, Carlyle, Blackstone, Navis, Quadria, Everstone, ChrysCapital, Kedaara, Peak XV, Trustbridge, Primavera, Boyu, Hopu, Advantage, Unison, Polaris, Hahn, IMM, STIC, Anchor, Pantheon, Adams Street, HarbourVest, LGT, Axiom, Asia Alternatives, AlpInvest, StepStone, Hamilton Lane, Squadron, Schroders, Adveq, Neuberger and Partners Group. zero hits in either year. The only Asia words in the 2024 report are 'Europa en China' in a market commentary and 'Japanse Yen' in the currency tables. SSPF publishes no external-manager list and no holdings list. samco.com was not reachable as a published manager list. Could not establish: any named Asia fund or manager, any per-fund ticket size, the Beleggingscommissie meeting cadence, or whether BlackRock has since restarted illiquid commitments for SSPF. The IPE piece on 2025 Dutch private-equity returns does not cover SSPF.",4
Stichting Ahold Delhaize Pensioen (Ahold Delhaize Pensioen),Netherlands,Zaandam,"Corporate pension fund (ondernemingspensioenfonds), EUR 5.88bn invested assets",no_asia,"no - a US$50m ticket is larger than the fund's entire alternatives book. Ahold Delhaize Pensioen held EUR 30.8m of alternatives at 31 December 2025, 0.6% of EUR 5.88bn, and bought EUR 10.0m during the year. Even filling the 1.5% strategic weight only gets to about EUR 88m in total across all alternatives, so a single US$50m commitment is out of scale. It also runs private equity through one appointed manager, GCM Grosvenor, rather than picking funds itself.","manager selects - Achmea Investment Management is the fiduciary manager and makes the manager selection; GCM Grosvenor holds the private-equity mandate and picks the underlying funds; the bestuur approves the strategic allocation on advice from its beleggingsadviescommissie. The fund's own glossary: 'Fiduciair manager De organisatie die het pensioenvermogen voor ons beheert volgens de richtlijnen van ons beleggingsbeleid. De fiduciair manager selecteert de vermogensbeheerders over de hele wereld... onze fiduciair manager (5), Achmea Investment Management.' https://www.aholddelhaizepensioen.nl/-/media/Files/Aholddelhaize/adp-jaarverslag-2025.pdf","the whole alternatives book, which is where private equity sits, was EUR 30.8m at 31 December 2025 against EUR 33.1m a year earlier. That is 0.6% of the portfolio against a 1.5% strategic weight. Total invested assets EUR 5,878.6m. Alternatives returned -8.1% in 2025. https://www.aholddelhaizepensioen.nl/-/media/Files/Aholddelhaize/adp-jaarverslag-2025.pdf read 2026-09-19","EUR 10.0m of purchases into alternatives during 2025, the only published figure that resembles a ticket. No per-fund commitment is disclosed.","GCM Grosvenor private-equity mandate (the fund does not name the underlying vehicles) | EUR 30.8m market value at 31 December 2025 across the whole alternatives book, commitment not published; EUR 10.0m of purchases were made during 2025 (held at 31 December 2025; vintage not stated in the source)","Beleggingsadviescommissie (BAC). 'De beleggingsadviescommissie adviseert het bestuur over het strategisch beleggingsbeleid en het bijbehorende risicomanagement. De commissie bereidt besluiten voor over onder andere het beleggingsbeleid, de inrichting van de beleggingsportefeuille en de selectie en evaluatie van vermogensbeheerders. In de commissie is zowel interne als externe deskundigheid vertegenwoordigd.' The bestuur is split into an uitvoerend bestuur (Renate Pijst, Eric Huizing, John de Waal) and a niet-uitvoerend bestuur chaired by Ernst-Jan Boers.",Not published in the 2025 jaarverslag. The niet-uitvoerend bestuur's report says the BAC gave the board well-founded advice during the year but gives no meeting count.,Achmea Investment Management is the fiduciary manager and the practical screen. GCM Grosvenor is the appointed private-equity manager and is the gate for any private-equity fund. Willis Towers Watson supplies the sleutelfunctiehouder actuariaat. BNP Paribas Securities Services was the leading investment administrator until the roles swapped with Achmea IM on 1 January 2026.,"Eric Huizing (Vice president investments, Ahold Delhaize Pensioen; uitvoerend bestuurslid; voorzitter beleggingsadviescommissie; also voorzitter van de klantenraad van Achmea IM and lid van de Commissie Vermogensbeheer bij de Pensioenfederatie); Renate Pijst (Managing director, Ahold Delhaize Pensioen; uitvoerend bestuurslid); John de Waal (Vice president finance, risk & operations, Ahold Delhaize Pensioen; uitvoerend bestuurslid); Ernst-Jan Boers (Voorzitter bestuur (independent, non-executive), Ahold Delhaize Pensioen; also voorzitter raad van toezicht Pensioenfonds Metaal en Techniek); Miguel Silva Gonzalez (Lid beleggingsadviescommissie; senior vice president treasury & insurance, Ahold Delhaize); Sylvia van de Kamp-Vergeer (Lid beleggingsadviescommissie; managing director external strategy management, APG Asset Management); Sylvia Giezeman (Lid beleggingsadviescommissie; portfolio manager, Cardano Impact Investing)",https://www.aholddelhaizepensioen.nl/-/media/Files/Aholddelhaize/adp-jaarverslag-2025.pdf,"Read the Ahold Delhaize Pensioen jaarverslag 2025 in full (4,386 text lines): the return-portfolio chapter, the Vermogensbeheerstructuur manager table, the balance sheet and the alternatives movement table, the beleggingsovertuigingen, the risk chapter with the Wtp section, the niet-uitvoerend bestuur report and the complete Personalia annex. Also downloaded and parsed the fund's published Lijst van Beleggingen per 31 december 2025 (2,405 lines, every issuer line). Every apparent private-equity name in that list (Blackstone Inc, KKR & Co LP, Carlyle Group LP, CVC Capital Partners PLC, EQT AB, Partners Group Holding AG, Lexington Realty Trust) is a LISTED SHARE, not a fund commitment; the document states 'Deze lijst toont enkel de beleggingen in obligaties en aandelen.' The document's own chapter 'Managers en fondsbeleggingen - Opsomming externe managers en fondsbeleggingen' on pages 39 and 40 is PUBLISHED EMPTY, so the fund-level manager list exists as a heading with no content. Could not establish: the underlying GCM Grosvenor vehicles, any commitment amount, the BAC meeting cadence, or any Asia exposure. Searched the annual report for all Asia GP and fund-of-funds names on the target list; only GCM Grosvenor matched, and it is a global platform.",4
Stichting Bedrijfstakpensioenfonds voor het Beroepsvervoer over de Weg (Pensioenfonds Vervoer),Netherlands,"Amsterdam (bestuursbureau); integral asset manager Achmea Investment Management, Zeist; administration TKP, Groningen","Bedrijfstakpensioenfonds (mandatory industry-wide pension fund), road transport",none,"no - the fund has deliberately excluded private equity as an asset class on cost grounds and says so twice in its 2025 annual report. Its EUR 37.1bn balance sheet could fund a US$50m ticket several times over, but there is no programme, no allocation and no policy hook to hang one on.",manager selects - Achmea Investment Management is the integraal vermogensbeheerder and makes the manager selection for Pensioenfonds Vervoer; the fund's bestuur sets the strategy and the board's Vermogensbeheer & risicomanagement portfolio owns it. 'De beleggingsportefeuille wordt beheerd door Achmea Investment Management en de feitelijke uitvoering is ondergebracht bij 21 vermogensbeheerders.' https://www.pfvervoer.nl/sites/default/files/documenten/jaarverslag-2025.pdf. The raad van toezicht 'Periodiek bezoekt de RvT de integraal vermogensbeheerder (Achmea IM)'.,"zero. Pensioenfonds Vervoer holds no private equity at all, by its own statement. Pensioenvermogen EUR 37.1bn at 31 December 2025 (EUR 36.0bn at end-2024); technische voorzieningen EUR 29.1bn. https://www.pfvervoer.nl/sites/default/files/documenten/jaarverslag-2025.pdf read 2026-09-19",Not applicable. The fund buys segregated mandates and pooled funds in liquid asset classes and Dutch and European real estate. No private-markets fund commitment appears in its published manager list.,,"Bestuur of ten members, paritair: three employee representatives, one pensioner representative, four employer representatives and two independent board members, with a technisch voorzitter. The board divides subject areas among itself and one of them is Vermogensbeheer & risicomanagement. There is no separate standing beleggingscommissie named in the 2025 annual report. The bestuursbureau has its own directeur vermogensbeheer.",Not found. The 2025 annual report does not state the board's meeting frequency.,"Achmea IM is the screen. Mercer (Nederland) BV is the adviserend actuaris, not a manager-selection consultant. Northern Trust is the custodian.","M.A.S. Ariaans (Directeur vermogensbeheer, bestuursbureau Pensioenfonds Vervoer); W. Brugman (Algemeen directeur, bestuursbureau Pensioenfonds Vervoer); F. Veltink (Bestuurslid namens de werknemers and voorzitter of the bestuur in 2025); C.P.M. Teunissen (Technisch voorzitter); M.G. Jekel (Voorzitter, raad van toezicht)",https://www.pfvervoer.nl/sites/default/files/documenten/jaarverslag-2025.pdf,"Downloaded and parsed the full Jaarverslag 2025 (4MB, 16,502 text lines) and the published Lijst van Beleggingen per 31-12-2025 (1,723 lines, every equity and bond issuer line plus the complete Managers en fondsbeleggingen chapter). Read the Bestuursbureau en uitbesteding chapter, the Wet toekomst pensioenen chapter, the kosten vermogensbeheer section, the board and functionaries schedule and the raad van toezicht report. Grepped both documents for all 30 Asia GP and fund-of-funds watchlist names and for private equity, Azie, Asia, fiduciair and infrastructuur. The Managers en fondsbeleggingen chapter is a complete list of every fund and every mandate and contains no private-equity line.",5
Stichting PME pensioenfonds (Pensioenfonds van de Metalektro),Netherlands,"Amsterdam (Schiphol); fiduciary manager MN, The Hague","Bedrijfstakpensioenfonds (mandatory industry-wide pension fund), metal and electrical engineering industry",none,"yes on size, unclear on timing - PME wrote a EUR 100m commitment to one private-equity fund in 2025 and a EUR 650m private-debt mandate in March 2026, so US$50m is small for it. Private equity is overweight at 6.5% against a 5% strategic weight, and the board froze the investment policy for one extra year through 2026 because of the Wtp transition on 1 January 2027. The future strategic allocation explicitly holds MORE illiquids, which is the opening.","commits in its own name, MN executes - PME's board sets policy and picks the manager; MN advises and runs the mandate. 'Het fiduciaire advies en fiduciair beheer zijn door ons uitbesteed aan MN. Wij hebben als opdrachtgever nadrukkelijk de regie, stellen het beleggingsbeleid vast en besluiten zelf bij welke partij mandaten worden ondergebracht.' https://www.pmepublicaties.nl/media/3382/pme-jaarverslag_2025.pdf","private equity EUR 3,827m at 31 December 2025, 6.5% of the portfolio, against a strategic weight of 5%. It was EUR 3,980m and 6.7% at 31 December 2024. Total portfolio EUR 58,871m at end-2025 (EUR 59,361m at end-2024). Funding ratio 125.3% at 31 December 2025, up from 113.0%. https://www.pmepublicaties.nl/media/3382/pme-jaarverslag_2025.pdf read 2026-09-19","EUR 100m-EUR 210m into a single private-markets fund, from PME's own 2025 disclosures: 'In 2025 werd een commitment gegeven voor een bedrag van EUR 100 miljoen aan Nordic Capital Elevate'; 'Eveneens werd een commitment gegeven van EUR 150 miljoen aan AIP V'; 'Eerder in het jaar werd ook een commitment gegeven aan het Octopus Sky fonds van GBP 210 miljoen.' https://www.pmepublicaties.nl/media/3382/pme-jaarverslag_2025.pdf. A single-manager private-debt mandate ran to EUR 650m in March 2026. https://www.pmepensioen.nl/nieuws/pme-pmt-investeren-in-nederlandse-europese-bedrijven",,"PME runs an omgekeerd gemengd bestuur. The algemeen bestuur is an independent chair, eight niet-uitvoerend bestuurders and two uitvoerend bestuurders. Investment decisions are prepared by the commissie balans- en vermogensbeheer (B&V-commissie), one of four board committees. The executive seat that owns investments is the uitvoerend bestuurder balans- en vermogensbeheer.",Not established for the B&V-commissie. The jaarverslag states only that the niet-uitvoerend bestuur meets the uitvoerend bestuur at least four times a year: 'Het niet-uitvoerend bestuur is verantwoordelijk voor het intern toezicht. In dit kader heeft het niet-uitvoerend bestuur minimaal vier keer per jaar overleg met het uitvoerend bestuur.',MN is the fiduciary adviser and the screen. No external manager-selection consultant is named.,"Marcel Andringa (Uitvoerend bestuurder balans- en vermogensbeheer (the executive investment seat). Also lid bestuur Stichting Netherlands Advisory Board on impact investing, extern adviseur Beleggingsadviescommissie SBZ Pensioen, extern lid DNB Beleggingscommissie.); Alae Laghrich (Uitvoerend bestuurder strategie, governance, pensioenbeleid, -uitvoering, communicatie en PA, and voorzitter van het Uitvoerend Bestuur since November 2025, succeeding Eric Uijen); Nicole Beuken (Niet-uitvoerend bestuurder and onafhankelijk voorzitter of the algemeen bestuur); Rebecca Wortman (Sleutelfunctiehouder risicobeheer since 1 November 2025)",https://www.pmepublicaties.nl/media/3382/pme-jaarverslag_2025.pdf,"Downloaded and parsed PME's Jaarverslag 2025 (22.7MB, 30,523 raw text lines plus a layout extraction) and read the Private equity section of Financiele situatie en resultaten, the Beleggingsplan 2025 and strategic-allocation tables, the feitelijke portefeuille table, the ALM and future-SAA section, the Uitbestedingen vermogensbeheer section on MN, the governance and bestuurscommissies chapter, the Wtp chapter and the Personalia appendix. Grepped for all 30 watchlist names, for commitment, private equity, Azie, invaren and 1 januari 2027. Read PME's 13 March 2026 news release on the Robeco mandate. Could not find: any fund-by-fund private-equity holdings list, any external-manager list for private equity, any named Asia manager, the B&V-commissie meeting cadence, or a stated private-equity target inside the post-2027 strategic allocation.",4
Stichting Pensioenfonds Detailhandel,Netherlands,"Utrecht (bestuursbureau); asset manager BlackRock (Netherlands) B.V., Amsterdam; administration Capgemini Nederland B.V.","Bedrijfstakpensioenfonds (mandatory industry-wide pension fund), retail trade",none,"no - a US$50m commitment would be roughly double the entire private-equity book. Private equity is not part of the fund's defined illiquid portfolio, the residual position fell by 70% during 2025, and the fund has no normgewicht for illiquids at all.","manager selects, fund directs - the board sets the strategic normportefeuille and the Commissie Vermogensbeheer oversees it; execution and manager selection sit with BlackRock. 'Het pensioenfonds heeft de uitvoering van het pensioenbeheer uitbesteed aan Capgemini Nederland B.V. Het vermogensbeheer is grotendeels bij BlackRock (Netherlands) B.V. ondergebracht. Northern Trust Global Services SE is als custodian aangesteld.' https://pensioenfondsdetailhandel.nl/content/Publicaties/Jaarverslag/Jaarverslag_Pensioenfonds_Detailhandel_Spreads.pdf","EUR 27.5m of private equity at 31 December 2025, down from EUR 91.5m at 31 December 2024, against total equities of EUR 10.88bn and a total belegd vermogen of EUR 32.7bn (down from EUR 33.8bn). Undrawn private-equity investment commitments were EUR 9.2m at 31 December 2025, against EUR 126.9m for private debt and EUR 3.3m for infrastructure. The whole private-equity book is 0.08% of assets and shrinking. https://pensioenfondsdetailhandel.nl/content/Publicaties/Jaarverslag/Jaarverslag_Pensioenfonds_Detailhandel_Spreads.pdf read 2026-09-19","Not established. The fund discloses no fund-by-fund private-equity schedule and no commitment sizes. The scale of the residual book, EUR 27.5m of value and EUR 9.2m of undrawn commitments, is smaller than a single US$50m ticket.",,"Bestuur of nine, with a werkgeversvoorzitter and a werknemersvoorzitter. Four standing board committees; investments sit with the Commissie Vermogensbeheer, whose remit is 'Vermogens- en vastgoedbeheer'. Each committee has at most five board members plus optional experts. A twelve-person bestuursbureau led by a directeur runs the day to day.",Not found. The 2025 annual report describes the Commissie Vermogensbeheer's 2025 agenda but does not state how often it meets. The Verantwoordingsorgaan speaks with every board committee once a year.,"BlackRock is the screen. Mercer Nederland B.V. is the adviserend actuaris and WTW the certificerend actuaris, neither a manager-selection consultant.","Ernst Hagen (Bestuurslid (Raad Nederlandse Detailhandel) and voorzitter of the Commissie Vermogensbeheer); Rob Schreur (Werkgeversvoorzitter of the bestuur and member of the Commissie Vermogensbeheer); Selma Skalli-Gouderjaan (Werknemersvoorzitter of the bestuur); Will-Jan Jacobs (Bestuurslid and member of the Commissie Vermogensbeheer); Renate Pijst (Bestuurslid, member of the Commissie Vermogensbeheer and voorzitter of the Commissie Pensioenen)",https://pensioenfondsdetailhandel.nl/content/Publicaties/Jaarverslag/Jaarverslag_Pensioenfonds_Detailhandel_Spreads.pdf,"Downloaded and parsed the full Jaarverslag 2025 (8,024 text lines) and read the organisation and outsourcing chapter, the board and committee composition, the beleggingsbeleid and portefeuilleconstructie chapter, the returns tables, the balance-sheet note on Aandelen, the Investeringsverplichtingen note, the Wtp sections and the auditor's key audit matter on unlisted valuations. Grepped for all 30 Asia GP and fund-of-funds watchlist names, and for private equity, fiduciair, Azie, illiquide and invaren. Could not find: the fiduciary manager described with that word, a fund-by-fund private-equity schedule, the name of any private-equity or fund-of-funds manager, the directeur bestuursbureau's name, or the Commissie Vermogensbeheer's meeting cadence. The word Asia and every watchlist name are absent from the document.",4
Stichting Pensioenfonds Horeca & Catering,Netherlands,Zoetermeer,"Bedrijfstakpensioenfonds (mandatory industry-wide pension fund), hospitality and contract catering; runs its own in-house asset-management team rather than a Dutch fiduciary manager",no_asia,"yes on the historical pattern - a fund that handed a single manager a EUR 500m four-year private-equity programme, and that was sizing individual mandates at about EUR 50m as far back as 2005, can write US$50m. The current appetite could not be established from a primary document.","commits in its own name, through a delegated programme manager - Pensioenfonds Horeca & Catering has its own in-house asset-management team headed by a Head of Asset Management, and it appointed AlpInvest Partners as Private Equity Program Manager to run 'the fund's entire private equity program'. There is no Dutch fiduciary manager in the chain. https://www.carlyle.com/media-room/news-release-archive/pensioenfonds-horeca-catering-appoints-alpinvest-partners-private","unverified for the current year. Two directory sources read on 2026-09-19 put private equity at 6.6% of assets against a 4.5% target weight, on total assets of about EUR 14bn-EUR 15bn, which would make the private-equity book roughly EUR 0.9bn-EUR 1.0bn. Neither cites a primary document. https://altss.com/profile/horeca-catering-pension-fund. The last figure I could source primarily is the EUR 500m to be committed 2014-2018 under the AlpInvest programme mandate. https://www.carlyle.com/media-room/news-release-archive/pensioenfonds-horeca-catering-appoints-alpinvest-partners-private","the fund has historically bought a single large programme mandate rather than individual fund tickets. EUR 500m over four years in 2014, and before that a EUR 100m AlpInvest allocation plus two mandates of about EUR 50m each under consideration in 2005. https://www.carlyle.com/media-room/news-release-archive/pensioenfonds-horeca-catering-appoints-alpinvest-partners-private and https://www.ipe.com/horeca-to-expand-private-equity/1574.article","AlpInvest Partners private equity programme mandate | EUR 500m to be committed between 2014 and 2018 in 2014
AlpInvest private equity allocation (pre-2014 arrangement) | EUR 100m, plus two further mandates of about EUR 50m each then being considered in 2005","Not established for 2026. In the 2014 appointment the counterparty seat was the Head of Asset Management. The fund historically ran a Beleggingsadviescommissie, which appears in its own site archive. unverified directory data names Bas van Ooijen as Head of Investment Management and Paul Braams and Ellen Metaal as Managing Directors.",Not found.,"AlpInvest Partners functions as the gatekeeper for private equity, since it was appointed to manage the entire programme. That makes AlpInvest, a Carlyle subsidiary, both the incumbent and a direct competitor to Pavilion.","Wouter Jan Naborn (Head of Asset Management, Pensioenfonds Horeca & Catering. As of the 21 November 2014 news release. NOT confirmed to be current; treat as the historical seat, not the present holder.); Nick van Nifterick (Portfolio manager, Pensioenfonds Horeca & Catering. As of 19 September 2005. Historic, almost certainly not current.); Bas van Ooijen (Head of Investment Management (UNVERIFIED, from an OSINT directory that cites no source; not confirmed against any fund document))","https://www.carlyle.com/media-room/news-release-archive/pensioenfonds-horeca-catering-appoints-alpinvest-partners-private
https://www.ipe.com/horeca-to-expand-private-equity/1574.article","phenc.nl is an OutSystems single-page application that serves no server-side HTML. A direct fetch with a browser user agent and a text-extraction proxy all return either the empty React shell (1,756 bytes) or a Cloudflare challenge, for the home page, /info/downloads, /over-ons/dit-zijn-wij/jaarverslag, /over-ons/about-us/organization and /over-ons/vermogensbeheer/onze-portefeuille. Probed the OutSystems module manifest, appDefinition, screenservices endpoints and several document paths; all 404. Recovered the document URL pattern https://www.phenc.nl/deelnemer/Viewer/<file>.pdf from the Wayback CDX index and tried the 2023, 2024 and 2025 jaarverslag filenames and Transitieplan.pdf; every one returns the SPA shell rather than a PDF, including through the Wayback id_ raw endpoint. Tested phencjaarverslag.nl, jaarverslag.phenc.nl, verslag.phenc.nl, publicaties.phenc.nl and a Foleon subdomain; none resolve. The AltAssets article is paywalled. Primary sources I DID open: the AlpInvest appointment news release of 21 November 2014 and the IPE article of 19 September 2005. The a direct fetch quota for this session was exhausted before the Wtp transition date could be pinned down. not ESTABLISHED: the Wtp invaardatum, the 2025 private-equity value, the current asset-management leadership, the current private-equity managers, and whether the AlpInvest programme mandate is still in force.",2
Stichting Pensioenfonds Metaal en Techniek (PMT),Netherlands,"The Hague (Den Haag); fiduciary manager MN, also The Hague","Bedrijfstakpensioenfonds (mandatory industry-wide pension fund), metal and technology trades",none,"no, not this cycle - PMT has run a board-approved private-equity wind-down plan since 2022 ('een langjarig afbouwplan'), has cut its annual private-equity allocation, sold about EUR 400m on the secondary market in 2025 after further sales in 2023 and 2024, and says it deliberately made fewer new investments. It has the balance sheet for a US$50m ticket several times over; it does not have the appetite. The one softening fact is that after the 2025 sale the weight fell inside the bandwidth of the new strategic portfolio, so PMT chose to stop cutting.","manager selects - MN makes the manager selection for PMT; PMT's board approves the strategic allocation and the investment framework. 'MN is de fiduciaire vermogensbeheerder van PMT, maar beheert ook circa de helft van het PMT-vermogen in specifieke beleggingsmandaten die door PMT zijn verstrekt... Het gaat dan bijvoorbeeld om de selectie en monitoring van de vermogensbeheerders van PMT door MN, de aanwezigheid van MN bij de bestuurscommissie Beleggingen (CBL) of de governance van de portefeuilleaansturing.' https://www.pmt.nl/media/zgjllowg/pmt-algemeen-jaarverslag-2025.pdf","private equity was EUR 5.7bn at 31 December 2025, down from EUR 6.916bn at 31 December 2024 and EUR 7.905bn at 31 December 2023. 'De waarde van aandelen bedraagt EUR 20,9 miljard... en de waarde van private equity is EUR 5,7 miljard.' Private equity is 22% of the equity cluster at end-2025 (24% at end-2024) against a bandwidth PMT has been above since 2022. Total belegd vermogen EUR 85.8bn at 31 December 2025 (EUR 90.3bn at end-2024); PMT describes the pensioenvermogen as 'ongeveer EUR 88 miljard'. Funding ratio 122.3%. https://www.pmt.nl/media/zgjllowg/pmt-algemeen-jaarverslag-2025.pdf read 2026-09-19","not published for private equity. PMT discloses no fund-by-fund private-equity schedule and no private-equity commitment sizes in its jaarverslag 2024 or 2025; the only private-equity figures it gives are secondary SALES of about EUR 400m. The one primary ticket figure of any kind is the EUR 500m PMT put into a Robeco private corporate debt mandate in March 2026. https://www.pmepensioen.nl/nieuws/pme-pmt-investeren-in-nederlandse-europese-bedrijven. unverified: the seed figure of US$50m-US$200m per fund is attributed to pipelineroad.com, a secondary directory, and appears in no PMT or MN document checked.",,"Algemeen Bestuur, advised by two standing board committees, Commissie Beleggingen (CBL) and Commissie Pensioenen (CPS). 'Deze commissies adviseren het bestuur of hebben een mandaat om op bepaalde onderdelen zelf te kunnen besluiten.' MN sits in the CBL. The Vakraad of the metal and technology social partners is the opdrachtgever above the board.",Not found. PMT's jaarverslag 2025 does not state how often the CBL meets.,MN is the screen. No external manager-selection consultant is named in the 2025 report.,"Hartwig Liersch (Directeur Beleggingen PMT (director of investments). Quoted in that title in PME's and PMT's joint news release of 13 March 2026 on the Robeco mandate.); A.J.C. de Ruiter (Bestuurslid and Voorzitter commissie Beleggingen (chair of the investment committee), in post the whole of 2025); Caspar Vlaar (Vicevoorzitter of the bestuurscommissie Beleggingen since 1 January 2024; became voorzitter of PMT on behalf of employees and pensioners on 1 January 2026); S. Eski (Bestuurslid and lid commissie Beleggingen, full year 2025); J.J.P. Schouten (Bestuurslid and lid commissie Beleggingen, full year 2025); T.W. Troost (Bestuurslid on behalf of employers; listed first in the board schedule against the role voorzitter. The column layout of the personalia table makes the mapping of role to name less than certain, so treat the chairmanship as probable rather than confirmed.)",https://www.pmt.nl/media/zgjllowg/pmt-algemeen-jaarverslag-2025.pdf,"Downloaded and parsed PMT's Algemeen Jaarverslag 2025 (6.5MB, 24,000+ text lines, both layout and raw extraction) and Algemeen Jaarverslag 2024 (13MB), and read in full the Afbouwplan Private Equity section of 2024, the Private equity section of 2025, the Uitbesteding vermogensbeheer section, the Wtp chapter, the organisation and personalia chapters and the risk paragraph of the jaarrekening. Grepped both for every name on the spec's Asia GP and fund-of-funds watchlist and for private equity, commitment, Azie and afbouw. Read PMT's own news release on completing the Wtp transition. Re-read the IPE 2023 article the seed cites. Could not find: any fund-by-fund private-equity schedule, any external-manager list, any commitment size, any Asia manager, and any statement of the CBL's meeting frequency. PMT publishes none of these. Also read the joint PMT/PME news release of 13 March 2026 on the Robeco private corporate debt mandate, which is where PMT's Directeur Beleggingen is named.",4
Stichting Pensioenfonds Rail & Openbaar Vervoer (Pensioenfonds Rail & OV),Netherlands,Utrecht,"Sector pension fund for rail and public transport, self-administering (zelfadministrerend), EUR 25.2bn portfolio",small,"yes on size, no on current pacing - Rail & OV is the one genuine private-equity buyer in this batch. It has EUR 1.62bn invested, EUR 2.455bn of cumulative commitments and EUR 670m uncalled. A US$50m ticket is ordinary at that scale. But the board CUT the strategic private-equity weight in 2025 as part of preparing for the new pension contract, and the category is now overweight at 6.4% against 4.5% and is expected to shrink back over the coming years. The fund also reset its whole strategic mix in the fourth quarter of 2025 and will set a new risicohouding and investment policy after the summer of 2026, so any new allocation decision realistically sits behind that review.","commits in its own name - Rail & OV is self-administering. The 2020 merger of Stichting Spoorwegpensioenfonds and Stichting Pensioenfonds Openbaar Vervoer created Pensioenfonds Rail & OV, and the fund then absorbed its own asset manager: 'De fusie van het Spoorwegpensioenfonds en Stichting Pensioenfonds Openbaar Vervoer en de vorming van Pensioenfonds Rail & OV in 2020, gevolgd door de fusie met uitvoeringsorganisatie SPF Beheer, vormden belangrijke voorbereidende stappen. Hierdoor heeft Rail & OV als zelfadministrerend pensioenfonds...' Fund selection is done by the fund's own investment organisation under the uitvoerend bestuur, with the Vermogensbeheer- en balanscommissie advising the board. Private-equity manager selection is an internal process; the internal audit plan for 2025 included an audit titled 'Selectie & Monitoring Private Equity/Infra'. https://railov.nl/media/pdf/22/Rail__OV_Jaarverslag_2025.pdf","EUR 1,620m of private equity at 31 December 2025, 6.4% of a EUR 25,200m portfolio against a 4.5% strategic weight, plus EUR 989m of infrastructure at 3.9% against 3.6%. Total private-equity commitments EUR 2,455m with EUR 670m uncalled. The 2025 private-equity return was 1.6%. Private-equity management costs were EUR 52.3m, 3.13% of private-equity assets, including EUR 22.2m of performance fees. https://railov.nl/media/pdf/22/Rail__OV_Jaarverslag_2025.pdf read 2026-09-19",not published per fund. The scale supports it: EUR 2.455bn of cumulative commitments and EUR 670m uncalled at 31 December 2025. This is the only fund in this batch whose private-equity programme is large enough for a US$50m ticket to be routine.,"rest-of-world private equity outside Europe and the United States, funds not named | EUR 84m market value at 31 December 2025, 5% of the private-equity book (2024: EUR 62m, 4%); commitment not published (held at 31 December 2025; vintage not stated in the source)
private-equity fund portfolio, no individual fund named in any published document | EUR 2,455m of total commitments at 31 December 2025 against EUR 3,090m a year earlier; EUR 1,785m drawn, leaving EUR 670m uncalled (2024: EUR 674m uncalled) (held at 31 December 2025; individual vintages not stated in the source)","Vermogensbeheer- en balanscommissie. Members at 31 December 2025: Ronald Klein Wassink (voorzitter), Rik Corman, Ronald van Dijk, Pascal van Gool, plus two external members, Jeroen Bos and Alfred Slager. The board is split into a uitvoerend bestuur (UB) and a niet-uitvoerend bestuur (NUB); the UB runs the investment organisation and the NUB supervises, assisted by an audit & riskcommissie with two external experts.","Not published for the Vermogensbeheer- en balanscommissie. The report does state that the NUB held fifteen separate meetings in 2025 on top of the regular board meetings, three of them with the verantwoordingsorgaan.","No third-party fiduciary manager and no external gatekeeper. SPF Beheer no longer exists as a separate company; it was merged into the fund, and spfbeheer.nl no longer resolves. The screen is the fund's own private-equity and infrastructure team, plus the two external members of the Vermogensbeheer- en balanscommissie, Jeroen Bos and Alfred Slager.","Ronald van Dijk (Uitvoerend bestuurder (executive board member) of Pensioenfonds Rail & OV and member of the Vermogensbeheer- en balanscommissie; also bijzonder hoogleraar at Rijksuniversiteit Groningen, lid Stichtingsraad Netspar and voorzitter of the Advisory Board for the Master Program Finance at Vrije Universiteit Amsterdam. The annual report does not give him a functional title such as CIO, but he is the only executive board member whose outside roles are all investment roles and he is the only executive on the investment committee.); Ronald Klein Wassink (Voorzitter, Vermogensbeheer- en balanscommissie; niet-uitvoerend bestuurder op voordracht van werkgevers); Alfred Slager (External member, Vermogensbeheer- en balanscommissie); Jeroen Bos (External member, Vermogensbeheer- en balanscommissie); Walter Mutsaers (Voorzitter van het uitvoerend bestuur until 1 May 2026); Jose Schenkel (Uitvoerend bestuurder from 1 June 2026, succeeding Walter Mutsaers); Sabijn Timmers (Uitvoerend bestuurder); Gerard Groten (Niet-uitvoerend, onafhankelijk voorzitter until 1 March 2026); Ronald Heijn (Niet-uitvoerend, onafhankelijk voorzitter from 1 March 2026)",https://railov.nl/media/pdf/22/Rail__OV_Jaarverslag_2025.pdf,"Read the Pensioenfonds Rail & Openbaar Vervoer jaarverslag 2025 in full (12,705 text lines, signed Utrecht 27 May 2026): the strategic-mix table with the reduced private-equity weight, the per-category return table, the private-equity and infrastructure commentary, the cost chapter with the performance-fee table, the private-equity regional breakdown, the off-balance commitments note, the internal audit plan, the intern toezicht chapter, the invaren chapter and the complete Personalia annex including all board committees. Searched the report for every Asia GP and fund-of-funds name on the target list: BPEA, Baring, PAG, Hillhouse, MBK, Affinity, CVC, KKR, TPG, Carlyle, Blackstone, Navis, Quadria, Everstone, ChrysCapital, Kedaara, Peak XV, Sequoia, Trustbridge, Primavera, Boyu, Hopu, Advantage Partners, Unison, Polaris, Hahn, IMM, STIC, Anchor, Pantheon, Adams Street, HarbourVest, LGT, Axiom Asia, Asia Alternatives, AlpInvest, StepStone, Hamilton Lane, Portfolio Advisors, Squadron, Schroders, Adveq, Neuberger, Partners Group, Ardian, Lexington, Capital Dynamics. zero hits. The fund names no private-equity manager at all. on THE SPF BEHEER QUESTION: SPF Beheer is no longer a separate buying entity. Stichting Spoorwegpensioenfonds and Stichting Pensioenfonds Openbaar Vervoer merged into Pensioenfonds Rail & OV on 1 April 2020, and SPF Beheer was subsequently merged into the fund itself, which is why the report calls Rail & OV 'zelfadministrerend'. spfbeheer.nl returned no response on 2026-09-19. Rail & OV is the entity that buys. Could not establish: any individual fund name, any per-fund ticket size, the Vermogensbeheer- en balanscommissie meeting cadence, the composition of the EUR 84m 'Overig' regional bucket, or Ronald van Dijk's formal functional title.",5
"Stichting Pensioenfonds Unilever Nederland ""Progress"" (kring Progress of Stichting Algemeen Pensioenfonds Unilever Nederland)",Netherlands,Rotterdam,"Closed corporate defined-benefit collectiviteitkring inside Unilever APF; no accrual since 1 April 2015, no premiums for over ten years, EUR 5.32bn assets, 173% policy funding ratio",no_asia,"unclear on size, no on appetite - the ticket size works. Progress has put roughly EUR 82m into a single Univest vehicle and holds EUR 5.3bn. But it is a closed fund that is deliberately de-risking and paying money back to Unilever. It has taken no premiums for over ten years, cut its growth portfolio from 50% to 42% at the end of August 2025 as the last step in a de-risking plan, is studying whether to de-risk further in 2026, and paid Unilever EUR 115.9m in January 2026, the third year running it has returned over EUR 100m. Its listed portfolio has no unlisted equity category at all beyond the residual book. A new US$50m Asia private-equity commitment runs against the direction of every decision it took in 2025.","manager selects - Univest Company makes the investment implementation for Progress; the Raad van Bestuur of Unilever APF sets the strategic allocation and the investment policy, advised by the beleggingsadviescommissie. The fund's own page: 'Het vermogensbeheer is ondergebracht bij Univest Company. Univest is onderdeel van Unilever en verenigt de kennis van vermogensbeheerders die aan Unilever-pensioenfondsen wereldwijd zijn verbonden.' The Verklaring Beleggingsbeginselen adds 'De Raad van Bestuur van Unilever APF is eindverantwoordelijk voor de uitvoering van het beleggingsbeleid. Zij heeft de uitvoering van het beleggingsbeleid uitbesteed aan Univest Company.' Univest also coordinates asset management for Unilever pension funds in the United States and the United Kingdom, so a Pavilion approach to Univest is a multi-country approach. https://www.unileverpensioenfonds.nl/progress/beleggen/beleggingsbeleid/","about EUR 113m of private-equity-like exposure at 31 December 2025. That is EUR 11.5m of legacy direct private equity plus roughly 47% of the EUR 217.3m held in the three Univest Sustainability Funds. Uncalled commitments are EUR 10.8m of private equity plus EUR 119.1m across USF I, II and III. Total fund assets EUR 5,319m. https://www.unileverpensioenfonds.nl/unilever/assets/File/Progress/Jaarverslagen/Jaarverslag_APF_2025.pdf read 2026-09-19","about EUR 82m into a single vehicle, taken from USF III (EUR 12.383m drawn plus EUR 69.4m uncalled at 31 December 2025). USF I and USF II sit at EUR 89.9m and EUR 115.0m of market value. So a US$50m ticket is inside this fund's demonstrated range, into an in-house Unilever vehicle.","Univest Sustainability Fund III (USF III), an in-house Unilever impact fund whose underlying mix was 47% private equity at 31 December 2025 | EUR 12.383m drawn at 31 December 2025 with EUR 69.4m still uncalled, so a total commitment of roughly EUR 82m (first drawn in 2025; the fund held nothing in USF III at 31 December 2024)
Univest Sustainability Funds I and II, in-house Unilever impact funds | EUR 89.875m and EUR 115.037m market value at 31 December 2025, with EUR 21.7m and EUR 28.0m still uncalled (held at 31 December 2025; vintage not stated in the source)
legacy direct private-equity holdings, not named in the source | EUR 11.483m market value at 31 December 2025 against EUR 15.669m a year earlier, with EUR 10.8m still uncalled (held at 31 December 2025; vintage not stated in the source)",Beleggingsadviescommissie (BAC) of Unilever APF. 'De beleggingsadviescommissie adviseert de Raad van Bestuur over het strategisch beleggingsbeleid en houdt toezicht op het operationeel beleid en beleggingsrisico's. In de commissie zitten drie leden van de Raad van Bestuur (uitvoerend- en niet-uitvoerend). Daarnaast zijn er drie externe (beleggings)adviseurs aan de commissie verbonden.' The Raad van Bestuur decides.,"F: five times a year. 'De beleggingsadviescommissie heeft vijf keer vergaderd, steeds in aanwezigheid van externe adviseurs en van vertegenwoordigers van Univest Company.' The Raad van Bestuur met twelve times in 2025 in full; the uitvoerend bestuursleden meet roughly every three weeks and the niet-uitvoerende members met four times.","Three external investment advisers sit on the BAC: Marc de Ruiter, Arjen Soederhuizen and Onno Steenbeek. Univest Company representatives attend every BAC meeting, so Univest is both implementer and the practical screen.","Jeannelle Kooman (Uitvoerend bestuurder, Stichting Algemeen Pensioenfonds Unilever Nederland; member of the beleggingsadviescommissie); Hedda Renooij (Uitvoerend bestuurder, Unilever APF; member of the beleggingsadviescommissie); Willy Westerborg (Uitvoerend bestuurder and sleutelfunctiehouder risicobeheer, Unilever APF); Liesbeth Galesloot (Onafhankelijk voorzitter (independent chair), Raad van Bestuur, Unilever APF; signs the Progress jaarbericht as 'voorzitter Unilever Pensioenfonds'); Marc de Ruiter (Externe adviseur, beleggingsadviescommissie Unilever APF); Arjen Soederhuizen (Externe adviseur, beleggingsadviescommissie Unilever APF); Onno Steenbeek (Externe adviseur, beleggingsadviescommissie Unilever APF)",https://www.unileverpensioenfonds.nl/unilever/assets/File/Progress/Jaarverslagen/Jaarverslag_APF_2025.pdf,"Read the Stichting Algemeen Pensioenfonds Unilever Nederland jaarverslag 2025 in full (6,833 text lines), covering both the Progress and the Forward kringen: the Progress balance sheet and every investment note, the overige beleggingen note detailing USF I, II and III and their underlying mix, the off-balance commitments note, the strategic benchmark table, the governance chapter with committee composition and meeting counts, and the complete Personalia annex. Also read the Progress Jaarbericht 2025, the fund's beleggingsbeleid page, the samenstelling-en-rendementen page with the end-2025 portfolio split, the Verklaring Beleggingsbeginselen of 15 July 2024, and the fund's own news item on the decision not to invaren. Searched the annual report for every Asia GP and fund-of-funds name on the target list. zero hits. Could not establish: the underlying holdings of the Univest Sustainability Funds, the identity of the legacy direct private-equity funds, the vintage of the residual EUR 11.5m position, or whether Univest buys third-party private-equity funds for the Unilever funds in other countries. Univest Company does not publish a manager list I could reach.",4
Stichting Philips Pensioenfonds,Netherlands,Eindhoven,"Corporate pension fund (largest ondernemingspensioenfonds in the Netherlands), EUR 17.7bn invested assets",none,"no - Philips Pensioenfonds has effectively no private-equity programme. Its entire private-equity holding is EUR 0.2m, a residual stub, on a EUR 17.7bn fund. Capacity is not the issue, appetite is: this fund's illiquid allocation is real estate and mortgages, and it runs the listed book semi-passively through BlackRock. A US$50m commitment to an Asia private-equity fund-of-funds would be a new asset class, not an increment.","manager selects - BlackRock makes the manager selection for Philips Pensioenfonds and is described in the annual report as the 'Master Manager': 'BlackRock (Master Manager) zorgt dat het beleid wordt uitgevoerd door de onderliggende vermogensbeheerders.' The fund sets policy and benchmarks: 'Philips Pensioenfonds bepaalt het beleid, selecteert benchmarks voor de diverse beleggingscategorieen... en stelt de uitsluitingslijsten op.' The Uitvoerend Bestuur, which includes a Directeur Beleggingen, holds the mandate day to day and the full Bestuur approves the strategic allocation. https://philipspensioenfonds.nl/sites/philipspensioenfonds.nl/files/2026-06/Philips%20Pensioenfonds%20Jaarverslag%202025.pdf","EUR 0.2m of private equity at 31 December 2025, unchanged from EUR 0.2m at 31 December 2024, carried inside 'overige beleggingen'. The overige beleggingen note reads 'Private Equity | 0 | 0 | Stand per 31 december | 0 | 0' in EUR millions. Total invested assets EUR 17.7bn (EUR 19,217m gross in the balance sheet, EUR 17,654m after netting derivatives with a negative value and the cash-collateral repayment obligation). https://philipspensioenfonds.nl/sites/philipspensioenfonds.nl/files/2026-06/Philips%20Pensioenfonds%20Jaarverslag%202025.pdf read 2026-09-19","not applicable. There is no live private-equity commitment programme. The fund's illiquid book is unlisted real estate (EUR 1,425m) and a mortgage fund (EUR 524m), plus EUR 965m of directly issued mortgage loans.",,"Uitvoerend Bestuur of the fund, made up of the Algemeen Directeur (who chairs it), the Directeur Beleggingen, the Directeur Pensioenen and the Directeur Risk & Compliance, all employed by the fund and supported by its own Bestuursbureau. The full Bestuur has non-executive members and an Auditcommissie. There is no beleggingscommissie or beleggingsadviescommissie at this fund; the word does not appear in the 2025 annual report except in a board member's outside role at Pensioenfonds TNO.",Not published in the 2025 jaarverslag.,"BlackRock is the fiduciary manager and Master Manager, and is the screen for any new manager. 'Cambridge is een door het Fonds gecontracteerde onafhankelijke adviseur' on responsible investment. Pension administration is done by Blue Sky Group.",A.C. (Anneke) Joosten-Hendriks (Algemeen Directeur and chair of the Uitvoerend Bestuur from 1 September 2025; she was Directeur Beleggingen until 1 September 2025); M.B.A. Sanders (Directeur Beleggingen from 1 September 2025 (the private-markets seat to approach)); J.B.J. (Jasper) Kemme (Algemeen Directeur and chair of the Uitvoerend Bestuur until 1 September 2025; left after 30 years with the fund); G.R. Wallens (Directeur Risk & Compliance from 1 September 2025); M.J.M. Pernot (Directeur Pensioenen),https://philipspensioenfonds.nl/sites/philipspensioenfonds.nl/files/2026-06/Philips%20Pensioenfonds%20Jaarverslag%202025.pdf,"Read the Philips Pensioenfonds jaarverslag 2025 in full (16,646 text lines): the investment chapter, the responsible-investment execution chapter naming BlackRock and Cambridge, the balance-sheet notes including the 'andere methode' valuation note and the overige beleggingen note, the Wtp and SHIFT transition sections, the governance chapter and the complete personalia. Also read the fund's English 'Implementation organisations' page, which states plainly 'Blue Sky Group carries out the pension management' and 'BlackRock performs the asset management'. Searched the 2025 report for every Asia GP and fund-of-funds name on the target list. ZERO hits. THE PROMPT'S PREMISE is WRONG: Philips Pensions Investment Management (PPIM) is not the asset manager. PPIM does not appear once in the 2025 annual report or on the fund's own organisation pages. Asset management has been outsourced since 2005, originally to Merrill Lynch Investment Managers, which merged into BlackRock. Could not establish: the meeting cadence of the Uitvoerend Bestuur, or when the residual EUR 0.2m private-equity position was originally committed.",5
"a.s.r. (ASR Nederland N.V.), including a.s.r. vermogensbeheer N.V., a.s.r. real assets investment partners and the absorbed Aegon Nederland business",Netherlands,Utrecht,"Listed insurance group general account, plus an in-house asset manager that also runs third-party institutional money",no_asia,"yes - a.s.r. signed EUR 574m of new private equity agreements in the year to 31 December 2025, a 5.7 times increase on the EUR 100m outstanding a year earlier, so a US$50m ticket is well inside its current pacing. This is the strongest live private equity ramp in the Dutch insurer set. The binding constraint is the capital treatment rather than the cash.","commits in its own name - ASR Nederland N.V. and its insurance subsidiaries hold the assets, and a.s.r. vermogensbeheer N.V. manages them in house; a.s.r.'s Financial Risk Committee agrees the strategic asset allocation and the Central Investment Committee takes the investment decisions inside it, with both chaired by the CFO. Aegon Asset Management holds a long-term agreement to manage parts of the combined general account's illiquid investments, so it sits between a.s.r. and some illiquid funds. https://www.asrnl.com/-/media/files/asrnederland-nl/investor-relations/jaarverslagen/2025/2025-annual-report-asr.pdf and https://www.aegon.com/investors/information-on-combination","EUR 590m of private equity funds at 31 December 2025, up 65 percent from EUR 358m, plus EUR 574m of contracted but undrawn private equity agreements against EUR 100m a year earlier. Private debt funds nearly doubled to EUR 1,136m over the same year. a.s.r. vermogensbeheer N.V. manages about EUR 65bn, and the wider a.s.r. asset management business states assets 'have now grown to over EUR 81 billion'. https://www.asrnl.com/-/media/files/asrnederland-nl/investor-relations/jaarverslagen/2025/2025-annual-report-asr.pdf and https://asrassetmanagement.com/asr-vermogensbeheer-n-v","about EUR 50m to EUR 150m per fund, inferred from EUR 574m of undrawn private equity commitments signed largely during 2025 against a book that grew by EUR 232m in the year. a.s.r. publishes no individual commitment, so this is an estimate from the aggregate movement, not a figure a.s.r. has given.","Private equity funds held at fair value through profit or loss (no individual fund named in any a.s.r. disclosure) | EUR 590m at 31 December 2025 against EUR 358m a year earlier (held at 31 December 2025; vintages not stated in the source)
Undrawn private equity commitments (fund names not disclosed) | EUR 574m of contracted private equity agreements at 31 December 2025 against EUR 100m a year earlier in 2025","Financial Risk Committee (FRC) 'discusses, advises and decides upon financial risk policies', agrees the strategic asset allocation and monitors the risk profile against limits; chaired by the CFO. Central Investment Committee (CIC) 'monitors tactical decisions and the execution of the investment policy. It takes investment decisions within the boundaries of the strategic asset allocation as agreed upon in the FRC. The CIC bears particular responsibility for investment decisions exceeding the mandate of the investment department'; also chaired by the CFO. A Buy Out Committee was added to the risk committee structure in 2025 and sets buy-out strategy and risk appetite, again chaired by the CFO. The most relevant financial risk policies are approved by the a.s.r. risk committee.",Not published. a.s.r. discloses the committee structure and chairs but no meeting frequency for the FRC or the CIC.,"No third-party investment consultant is named. Aegon Asset Management is the delegated manager for part of the illiquid general account. a.s.r. real assets investment partners is the group's external-manager selection arm for real assets and reaches third-party Dutch pension clients including SPW, SPF Fysiotherapeuten and PNO Media.","Jos Baeten (CEO and chair of the Executive Board, ASR Nederland N.V.; not available for a new term, succeeded at the 2026 AGM); Ingrid de Swart (COO/CTO and Executive Board member; the Supervisory Board intends to appoint her as CEO and chair of the Executive Board at the 2026 Annual General Meeting); Ewout Hollegien (CFO and Executive Board member; chairs the Financial Risk Committee, the Central Investment Committee and the Buy Out Committee. This is the decision seat for a new fund commitment.); Patrick Klijnsmit (CEO and statutory director, a.s.r. vermogensbeheer N.V.); Marco Lavooi (CCO and statutory director, a.s.r. vermogensbeheer N.V.); Janine de Jong-Kortman (COO and statutory director, a.s.r. vermogensbeheer N.V.)",https://www.asrnl.com/-/media/files/asrnederland-nl/investor-relations/jaarverslagen/2025/2025-annual-report-asr.pdf,"Downloaded and text-searched the a.s.r. Annual Report 2025 (65,327 lines), the ASR Nederland N.V. SFCR 2025 (12,145 lines) and the Aegon Levensverzekering N.V. SFCR 2025 (7,200 lines). Read the investments at FVTPL note, the obligations and guarantees note, the fair value hierarchy note, the market risk and equity risk sections, the standard equity risk sub-module disclosure, the full risk committee structure, the Executive Board table, the pensions business review and the buy-out sections. Read the a.s.r. asset management and a.s.r. vermogensbeheer N.V. web pages and the a.s.r. real assets investment partners site. Grepped all three PDFs for the 40 Asia GP and fund-of-funds names; the only hit was a supervisory board member's outside role as an adviser at Blackstone Group, which is not a holding. not found: any named private equity fund or GP in an a.s.r. portfolio, any geographic split of the private equity book, any Asia allocation, and any FRC or CIC meeting cadence.",5
bpfBOUW (Stichting Bedrijfstakpensioenfonds voor de Bouwnijverheid),Netherlands,Amsterdam,"Industry-wide pension fund for the Dutch construction sector. Its asset manager is APG Asset Management for everything except real estate, which sits with its own subsidiary Bouwinvest.",none,"unclear, and the seat is changing hands right now. The balance sheet easily supports US$50m against a EUR 4.3bn private-equity book, but bpfBOUW does not select funds itself, APG Asset Management terminated the asset-management agreement at the end of 2025, and the fund is running a market tender for a new fiduciary manager. Its triennial review of whether private equity earns its place in the portfolio also lands in 2026. Nobody can sign a new commitment for bpfBOUW until the fiduciary appointment is settled.","manager selects - APG Asset Management makes the fund selection for bpfBOUW; bpfBOUW's board sets the strategic allocation and the commissie Vermogensbeheer en Balansmanagement advises on it. 'De uitvoering van het vermogensbeheer heeft het fonds uitbesteed aan APG Asset Management, met uitzondering van het vermogen in vastgoed. Daarbij is het vermogen ondergebracht in beleggingspools en in separate mandaten, beide beheerd door APG.' That arrangement is ending: 'APG AM eind 2025 de vermogensbeheerovereenkomst met bpfBOUW heeft opgezegd. In afwachting van dit besluit is bpfBOUW gestart met een marktverkenning voor het uitbesteden van fiduciair vermogensbeheer.' https://www.bpfbouw.nl/content/dam/bpfbouw/documenten/jaarverslagen/jaarverslag-2025-bpfbouw.pdf","EUR 4,298m of private equity at 31 December 2025, 6.2% of the portfolio, with a 2025 return of -7.5% against a benchmark of 11.7% (-5.4% after the currency hedge). Undrawn private-equity commitments were EUR 998.1m (2024: EUR 1,082.5m). Total invested assets are about EUR 70bn, derived from the fund's own statement that EUR 491m of impact mandates equalled 0.7% of the portfolio. https://www.bpfbouw.nl/content/dam/bpfbouw/documenten/jaarverslagen/jaarverslag-2025-bpfbouw.pdf read 2026-09-19","not published. bpfBOUW discloses no per-fund commitment size, no manager names and no fund list. The only sized private-equity line in the 2025 annual report is the impact sleeve: 'Voor private equity was er 149 miljoen euro gealloceerd naar dit mandaat.' https://www.bpfbouw.nl/content/dam/bpfbouw/documenten/jaarverslagen/jaarverslag-2025-bpfbouw.pdf read 2026-09-19",,"The bestuur decides. The commissie Vermogensbeheer en Balansmanagement advises it on asset management and balance-sheet management and holds delegated policy-preparation and policy-setting tasks. Fund selection itself sits inside APG under the pool and mandate structure, and will move to whichever fiduciary manager wins the current tender.",F: not published. The 2025 annual report gives no meeting count for the commissie Vermogensbeheer en Balansmanagement. The board signed the accounts in Amsterdam on 21 May 2026. The Raad van Toezicht records that it is monitoring 'een degelijke aanpak... bij de selectie van een nieuwe fiduciair beheerder'.,"APG beleggingspools plus separate APG mandates today. A new fiduciary manager is being selected through a market tender opened in 2025; the strategic programme runs three workstreams, the first of which is 'alternatieven voor vermogensbeheer en fiduciair management'.","L.J.H. Ceelen (Voorzitter (co-chair), bestuur bpfBOUW); E. Lundgren (Voorzitter (co-chair), bestuur bpfBOUW); P.G.E. van Gent (Voorzitter, commissie Vermogensbeheer en Balansmanagement, bpfBOUW. This is the committee that advises the board on asset management.); N. van den Berg (Lid, commissie Vermogensbeheer en Balansmanagement, bpfBOUW); E. Deuling (Lid, commissie Vermogensbeheer en Balansmanagement, bpfBOUW); M. Iglesias del Sol (Lid, commissie Vermogensbeheer en Balansmanagement, bpfBOUW, from 26 August 2025); P.V.H. Verhoef (Algemeen directeur bestuursbureau, bpfBOUW, from 6 February 2025)",https://www.bpfbouw.nl/content/dam/bpfbouw/documenten/jaarverslagen/jaarverslag-2025-bpfbouw.pdf,"Read the full bpfBOUW Jaarverslag 2025 PDF (15,211 text lines: the outsourcing section, the strategic investment policy, the private-equity results chapter, the cost tables, the commitments note, the participations and FGR notes, the balance-sheet notes, the governance appendix listing all board committees, the Raad van Toezicht chapter, the Wtp transition chapters). Searched the whole document for every Asia GP and every fund-of-funds platform on the hunt list and found no hit. COULD not FIND: any bpfBOUW holdings list, external-manager list or transparency list for private equity. bpfbouw.nl publishes no equivalent of the PFZW transparency lists. No meeting count for the commissie Vermogensbeheer en Balansmanagement is published. The identity of the incoming fiduciary manager is not disclosed.",3
DNB Livsforsikring AS (with DNB Asset Management),Norway,Oslo (Bjorvika),Life insurance and occupational pension company inside the listed DNB Bank group,none,"unclear - the DNB group balance sheet is very large but DNB Liv's actual private-equity book is only NOK 3.3bn, and its third-party positions are an order of magnitude smaller than US$50m. DNB also runs its own competing private-equity fund-of-funds series, which cuts against buying a third party's.","commits in its own name, but predominantly into its own group's vehicles - the holdings note is dominated by DNB Private Equity I to VIII is and DNB PE Direct I is, which are DNB Asset Management products.","NOK 3,256m of private equity at fair value at 31 December 2024 (rest anskaffelseskost NOK 2,226m), inside total shares and fund units of NOK 18,048m, against a DNB Liv forvaltningskapital of NOK 422.1bn. F: committed but uninvested capital across private equity funds, infrastructure funds and property funds was NOK 4,268m at the same date. https://www.ir.dnb.no/sites/default/files/2025-03/DNB_Livsforsikring_arsrapport_2024.pdf F: at group level, DNB's level 3 equities total NOK 11,731m across private equity, property funds, hedge funds and unquoted equities at 31 December 2025. https://www.ir.dnb.no/sites/default/files/pr/202603113411-1.pdf","from the 31 December 2024 holdings note, individual third-party fund positions are carried between NOK 6,000 and NOK 190m, with the large positions being DNB's own vehicles (DNB Private Equity V is NOK 923m, DNB Private Equity VI is NOK 680m, DNB Private Equity VII is NOK 380m, DNB PE Direct I is NOK 315m). The largest single third-party manager position is Altor Fund V (No.1) AB at NOK 190m. I: third-party primary tickets look to be in the tens of millions of NOK, roughly USD 2m to 18m.",,Not found. The DNB Livsforsikring annual report does not name an investment committee for fund commitments or state a cadence. DNB Livsforsikring as has its own board of directors inside the DNB group governance structure.,Not found.,"No external gatekeeper named. The effective screen is DNB Asset Management's own private-equity team, which manufactures the DNB Private Equity series.",,https://www.ir.dnb.no/sites/default/files/2025-03/DNB_Livsforsikring_arsrapport_2024.pdf,"Opened the DNB Livsforsikring as arsrapport 2024 (full PDF, the most recent DNB Liv annual report reachable) and read note 18 on shares, fund units and equity certificates in full, including the complete private-equity schedule of 33 named funds with cost and fair value, the undrawn-commitment sentence, the level 3 valuation policy and the forvaltningskapital statement. Also opened the DNB Group annual report 2025 (full PDF) and read its level 3 equity note and the wealth-management business description, and the DNB Livsforsikring arsrapport 2021 for comparison of the same schedule. Probed the DNB investor-relations financial-reports index and four candidate URL patterns for a DNB Livsforsikring 2025 annual report; the index publishes DNB Livsforsikring quarterly reports for 2025 and the 2025 solvency report, but no DNB Liv 2025 annual report PDF was reachable, so the fund-level figures here are at 31 December 2024. Searched both reports for Asia, China, India, Japan, Pacific and Korea. Could not find: DNB Liv's 31 December 2025 private-equity fair value, an investment committee, a cadence, a consultant, or a named private-markets individual.",4
Drammen kommunale pensjonskasse (DKP),Norway,Drammen,Municipal pension fund (pensjonskasse) for Drammen kommune,none,no - a NOK 10.6bn balance sheet with no private-equity allocation in its published asset mix. A US$50m commitment would be about 5 per cent of total assets going into an asset class it does not currently hold.,"commits in its own name in principle, but no private-markets fund commitments are evidenced.","none disclosed. DKP's published asset allocation has no private-equity line at all. The classes are Eiendom/eiendomsfond 8.7 per cent, Norske aksjer og andeler 7.3, Globale aksjer og andeler 20.8, Norske obligasjoner 27.9, Utenlandske obligasjoner 34.0, Bankinnskudd 1.3 and Utlan til medlemmer 0.0, summing to 100. F: the fund managed NOK 10.6bn at the end of the year. https://dkp.no/uploads/local/dkp/Arsrapporter/DKP-arsrapport-2024.pdf",Not found. No fund-by-fund holdings schedule with commitment or position sizes was readable.,,F: the board sets which asset classes may be invested in and the limits for each. 'Det er ogsa gitt bestemmelser for hvor mye som kan plasseres i de ulike aktivaklassene.' Not found: an investment committee or a cadence.,Not found.,"F: Mercer supplies the performance-measurement model used in the annual report. 'Beregnet etter Mercers modell er avkastningen pr. aktivaklasse.' I: this evidences Mercer as an adviser to DKP, though the report does not say Mercer screens or selects managers.",,https://dkp.no/uploads/local/dkp/Arsrapporter/DKP-arsrapport-2024.pdf,"Downloaded the DKP arsrapport 2025 from the fund's own arsrapporter index, but that PDF is a scanned image with no text layer across all 27 pages, so nothing could be extracted from it and a direct fetch of the same URL also failed to read it. Fell back to the DKP arsrapport 2024, which is machine readable, and read the board's report, the aktivafordeling table, the return-by-asset-class table, the risk section on asset-class limits and liquidity, and the capital and premium-fund figures. Searched that report for private equity, unotert, Asia, Argentum, Cubera and Storebrand International. Could not find: any private-equity line, any named fund, any 2025 figures from a readable source, an investment committee or any named individual. Also checked Bergen kommunale pensjonskasse at bkp.no, whose sitemap and pages publish news items only and expose no annual report or holdings document, so no BKP row was written. Akershus, Stavanger and the other candidate municipal kasser were not reached before the session's web-search budget was exhausted.",3
"Folketrygdfondet (manager of Statens pensjonsfond Norge / Government Pension Fund Norway, SPN)",Norway,Oslo,State-owned special-legislation company managing the domestic sovereign fund under a Ministry of Finance mandate,none,"no - legally barred. FOR-2010-12-21-1790 section 3-5 first paragraph is an exhaustive list of permitted instruments and it contains no private-equity or fund-of-funds category, and every permitted equity must be listed in Norway, Denmark, Finland or Sweden.",not applicable - Folketrygdfondet manages SPN itself under a delegated mandate from the Ministry of Finance and cannot appoint external fund managers for this purpose.,zero. The mandate permits no private equity funds. SPN's market value was NOK 416.9bn at the end of 2025. https://www.stortinget.no/no/Saker-og-publikasjoner/Publikasjoner/Innstillinger/Stortinget/2025-2026/inns-202526-418s/?all=true,Not applicable. Folketrygdfondet makes no fund commitments.,,"The Ministry of Finance sets the mandate; Folketrygdfondet's board runs the delegated management. A change of investment universe would require the Ministry to amend FOR-2010-12-21-1790, which in practice follows a Storting white paper.",Not applicable to fund commitments. The mandate is revised by ministerial decision; the section 3-5 list was last amended by vedtak 3 December 2024 nr. 2923.,Not applicable.,,https://lovdata.no/dokument/INS/forskrift/2010-12-21-1790,"Opened the full current text of FOR-2010-12-21-1790 (Mandat for forvaltningen av Statens pensjonsfond Norge) on lovdata.no and read chapter 3 in full, in particular section 3-5 Tillatte instrumenter letters a to f and its second paragraph, plus section 3-1 to 3-4 on the strategic benchmark and section 3-6 on management limits. Also read the finance committee's recommendation Innst. 418 S (2025-2026) chapter 4 on SPN. Confirmed the section 3-5 amendment history ends at vedtak 3 December 2024 nr. 2923, so no later change reopens the universe. Could not find, and did not need: any Folketrygdfondet holdings list, because the mandate settles the question.",5
Gjensidige Forsikring ASA (including Gjensidige Pensjonsforsikring AS),Norway,Oslo,"Listed Nordic general insurer, with a Norwegian pension and savings arm",none,"no - the entire private-equity book is NOK 0.8bn, about USD 75m. A US$50m single commitment would be around two thirds of the whole programme and its largest named position is NOK 34.5m.","commits in its own name - Gjensidige Forsikring ASA holds the fund positions directly, with small separate books at Gjensidige Pensjonsforsikring as (NOK 73.3m of shares and similar interests) and the Danish branch (NOK 8.0m).","NOK 0.8bn of private equity funds at 31 December 2025, inside a total equity holding of NOK 1.5bn. 'The total equity holding at the end of the year was NOK 1.5 billion (1.9), of which NOK 0.7 million (1.0) consisted of listed shares and NOK 0.8 billion (1.0) of private equity (PE) funds.' https://www.gjensidige.com/files/content-innhold/konsern-filer/annual-reports/Annual%20report%202025.pdf","the named private-equity positions in note 17 are carried at NOK 4.5m to NOK 34.5m each: NPEP Procuritas VI 34.5, HitecVision VI LP 29.7, Signord is-B 26.5, NPEP Triton IV 23.9, Argentum Secondary III 22.3, NPEP MB V 20.5, Northzone VII LP 19.6, Midvest I A 4.5, other funds 90.9. I: these are market values rather than commitments, but on that scale the typical single-fund exposure is well under NOK 50m, roughly USD 5m.",,"Not found. The 2025 annual report does not name an investment committee or a private-markets approval body, and does not state a cadence for fund commitments.",Not found.,Not found. No external gatekeeper or consultant is named.,,https://www.gjensidige.com/files/content-innhold/konsern-filer/annual-reports/Annual%20report%202025.pdf,"Opened the full Gjensidige Forsikring Group annual report 2025 (English, full PDF) and read the investment-result section on the equity portfolio, the market-risk section describing equity exposures, note 17 Shares and similar interests including the complete private-equity fund lines and the branch and subsidiary sub-totals, the fair-value valuation policy covering unlisted private equity, and the solvency stress descriptions. Searched the report for Asia, China, India, Japan, Pacific, Korea, emerging and for HarbourVest, Pantheon, Adams Street, LGT, Schroders, Hamilton Lane, Cubera, StepStone, Partners Group, Coller, Lexington, Baring and KKR. No Asia private-equity name appears. Could not find: an investment committee, a meeting cadence, a consultant, a named private-markets individual, or any separate Gjensidige Pensjonskasse entity distinct from Gjensidige Pensjonsforsikring as.",5
Kommunal Landspensjonskasse gjensidig forsikringsselskap (KLP),Norway,Oslo,"Mutual municipal occupational pension insurer (life), owned by its member employers",signs,"yes - KLP carries NOK 54.6bn of private equity at 31 December 2025 and has NOK 27.5bn of undrawn fund commitments, and its own published list contains single-fund commitment units of 50,000,000 and above (Astorg V, Thoma Bravo XIV, Waterland VIII at 65,000,000). A US$50m ticket is about 1 per cent of the standing PE book.","commits in its own name - KLP is a mutual insurer that signs fund commitments itself and reports them in its own balance sheet. Listed-securities management sits in the wholly owned KLP Kapitalforvaltning as, property in KLP Eiendom.","NOK 54,556m of Private Equity carried at fair value (level 3) at 31 December 2025, against NOK 50,936m at 31 December 2024, in the KLP group note on assets measured at fair value ('Private Equity 0 0 54 556 54 556 50 936'). F: NOK 27,506m of committed but undrawn investment in private equity and property funds at 31 December 2025 (Note 39 Betingede forpliktelser, 'Kommitert, ikke trukket investering i private equity og eiendomsfond 27 506 31 892'). F: group total assets NOK 1,271,082m at 31 December 2025 ('SUM EIENDELER 1 271 082 1 147 389'). https://www.klp.no/om-klp/finans-og-ir/rapporter-og-presentasjoner/%C3%85rsrapport%202025%20endelig%20versjon.pdf","in KLP's published ANDELER list the 'Antall' column, which is denominated in the fund's own commitment units, runs from 1,980,000 to 821,250,537 with the great majority of buyout and growth funds between 15,000,000 and 50,000,000. Examples read directly: 'ASTORG V 50 000 000', 'WATERLAND PRIVATE EQUITY FUND VIII 65 000 000', 'THOMABRAVO XIV 50 000 000', 'AXA RESIDENTIAL EUROPE 100 000 000'. I: on that scale a EUR/USD 50m primary commitment sits at the top of KLP's normal single-fund range but inside it. https://www.klp.no/om-klp/finans-og-ir/rapporter-og-presentasjoner/%C3%85rsrapport%202025%20endelig%20versjon.pdf","Accel India VII | NOK 38m market value at 31 December 2025; the 'Antall' column shows 5 000 000, commitment currency not stated in the note (held at 31 December 2025; vintage not stated)","F: the KLP group board (konsernstyret). The board has three sub-committees, a risk committee (risikoutvalget), an audit committee (revisjonsutvalget) and a remuneration committee, and risk appetite is put through the board's risk committee before the group board adopts it ('styrets risikoutvalget for den blir vedtatt av konsernstyret'). Not found: a separate standing investment committee named in the 2025 annual report, and no published per-fund approval threshold.",F: the risk committee and the audit committee each held 10 meetings in 2025 ('hadde bade risikoutvalget og revisjonsutvalget 10 moter'). Not found: the number of full board meetings in 2025.,Not found. No external manager-selection gatekeeper or investment consultant is named in KLP's 2025 annual report or on its investment-profile page. I: selection appears to sit with KLP's own capital management organisation.,"Aage Schaanning (Konserndirektor okonomi og finans (group EVP finance), in the role since 2008; previously ran KLP Kapitalforvaltning 2006-2008 and was investeringsdirektor there from 2001); Havard Gulbrandsen (Administrerende direktor, KLP Kapitalforvaltning AS); Sverre Thornes (Konsernsjef (group CEO) since January 2008)",https://www.klp.no/om-klp/finans-og-ir/rapporter-og-presentasjoner/%C3%85rsrapport%202025%20endelig%20versjon.pdf,"Opened the full KLP group annual report 2025 (332-page PDF) and read the appendix securities specification end to end, including the ANDELER (fund units) list of roughly 200 fund positions, note 39 on contingent liabilities, the fair-value hierarchy notes for both the group and the parent, and the corporate-governance section on board sub-committees. Also opened KLP's investment-profile and holdings page and the group leadership page. Searched the whole annual report text for Asia, China, India, Japan, Pacific, Korea, emerging, Baring, BPEA, KKR, Carlyle, Hillhouse, PAG, Navis, Quadria, Everstone, Affinity, MBK, HarbourVest, Pantheon, Adams Street, LGT, Schroders, Hamilton Lane, Cubera, Argentum, StepStone, Partners Group, Coller and Lexington. The only Asia-dedicated private-equity names in the list are Accel India VII and Accel India VIII. KLP AksjeAsia Indeks TA and SSGA Emerging Markets SRI Enhanced Equity Fund are listed-equity index funds, not private equity. Could not find: a separate downloadable beholdningsliste spreadsheet (the holdings page renders its data through JavaScript and exposes no xlsx or csv link), a named investment committee, a per-fund approval threshold, a named head of private equity, or any pan-Asia fund-of-funds position.",5
"Maritim Pensjonskasse (MPK, formerly Pensjonstrygden for sjomenn)",Norway,Oslo,"Statutory pension scheme for seafarers, a public agency under the Ministry of Labour and Social Inclusion",none,"no - MPK describes itself as a statutory scheme funded by current premiums from seafarers and shipowners to meet current pension payments and administration, so there is no standing investment portfolio from which to commit.","not applicable - a statutory scheme administered by a public agency with a five-member board, not a commercial investor.","Not found, and on the evidence there is none. MPK describes itself as financed by ongoing premium income to cover ongoing pension expenditure, which is a pay-as-you-go structure rather than a funded portfolio.",Not applicable on the evidence found.,,MPK is a public agency under the Ministry of Labour and Social Inclusion with a five-member board. No fund-commitment body was found.,Not found.,Not found.,,https://mpk.no/om-oss/,"Probed pts.no, which redirects to mpk.no, the current domain for Maritim Pensjonskasse. Direct HTTP requests to mpk.no are blocked by a Cloudflare challenge, so the site was read through a direct fetch instead, which returned the About page describing the scheme as statutory, pay-as-you-go, with 18 employees across three departments and a five-member board, and pointing to an Arsrapporter section under the Om MPK menu. Also probed sjomannspensjon.no, which does not resolve. Could not find: an MPK annual report PDF, any forvaltningskapital figure, any asset allocation, any holdings list, or any other Norwegian shipping or maritime industry pension fund publishing a fund list. This row rests on a single page read through a direct fetch rather than a primary PDF, which is why its strength is low.",3
"Norges Bank Investment Management (manager of Statens pensjonsfond utland / Government Pension Fund Global, SPU)",Norway,Oslo,"Sovereign wealth fund manager, a separate unit of the Norwegian central bank",none,"no - barred by the mandate in force in 2026. FOR-2010-11-08-1414 section 2-1 first paragraph letter a confines the equity portfolio to listed shares, securities equivalent to listed shares, depositary receipts and unlisted companies whose board has stated an intention to seek a listing. Letters c and d open unlisted investment only for real estate and renewable energy infrastructure. Letter e permits fund units only where they connect naturally to those portfolios. A pan-Asia private-equity fund-of-funds fits none of them.",not applicable - Norges Bank manages SPU under a mandate set by the Ministry of Finance and cannot widen the universe itself.,"zero private equity. The mandate's unlisted permissions cover only real estate, capped at 7 per cent of the investment portfolio, and renewable energy infrastructure, capped at 2 per cent (FOR-2010-11-08-1414 section 2-4 third and fourth paragraphs). F: NOK 12,400bn of SPU's economic value sat in the United States at the end of 2025, which the committee describes as more than half the total portfolio, so the fund is above NOK 24,000bn. https://www.stortinget.no/no/Saker-og-publikasjoner/Publikasjoner/Innstillinger/Stortinget/2025-2026/inns-202526-418s/?all=true",Not applicable. SPU makes no private-equity fund commitments.,,"The Ministry of Finance owns the mandate and the Storting owns the policy. Opening SPU to unlisted equities would require the Ministry to amend FOR-2010-11-08-1414 section 2-1, normally after a Meld. St. proposal and Storting treatment.","The Government Pension Fund white paper is annual. Meld. St. 7 (2025-2026) Statens pensjonsfond 2026 was presented 27 March 2026 and the finance committee reported on it in Innst. 418 S (2025-2026), dated Oslo 28 May 2026. The committee held an open hearing on 5 May 2026 with finance minister Jens Stoltenberg present.",Not applicable.,,https://www.stortinget.no/no/Saker-og-publikasjoner/Publikasjoner/Innstillinger/Stortinget/2025-2026/inns-202526-418s/?all=true,"Opened the full current text of FOR-2010-11-08-1414 on lovdata.no and read chapter 2 in full, in particular section 2-1 Investeringsunivers first paragraph letters a to f and second paragraph letters a to h, and section 2-4 Risikorammer paragraphs 1 to 12, plus the amendment histories printed under each section. Opened the finance committee's recommendation Innst. 418 S (2025-2026) in full on stortinget.no and read every one of its 22 occurrences of 'unotert', including chapter 2's description of the investment universe, the Kristelig Folkeparti member's argument for opening the fund, the list of minority proposals where Forslag 51 sits, and the committee's tilraading. regjeringen.no returned HTTP 403 to every automated request, for the white paper chapter pages, the PDF and the DOCX alike, so the primary text of Meld. St. 7 (2025-2026) itself was reached through the committee's verbatim account of it rather than directly. Could not find: the recorded Storting vote tally on Forslag 51, and the exact total market value of SPU at 31 December 2025 from a primary source.",5
Oslo Pensjonsforsikring AS (OPF),Norway,Oslo (St. Olavs plass 5),"Municipal life insurance and pension company owned by the City of Oslo, serving Oslo kommune and Oslo health trusts",no_asia,"yes - a NOK 12.6bn private-equity programme inside a NOK 157bn balance sheet with 509 per cent solvency coverage. Its existing fund-of-funds positions already reach NOK 510m market value on a single line, so a US$50m commitment, about NOK 500m, sits at the top of its normal range and inside it.","commits in its own name - Oslo Pensjonsforsikring as signs the fund commitments itself and holds two dedicated subsidiaries for the purpose, OPF Private Equity as and OPF Cubera PE II as, both carried at fair value through profit or loss.","NOK 12,555m of private equity at level 3 fair value at 31 December 2025, down from NOK 13,845m at 1 January 2025, per the note 5 level 3 movement table ('Saldo 1.1.... 13 845... Saldo 31.12.... 12 555'). F: group forvaltningskapital NOK 156,922m at 31 December 2025 and solvency capital coverage 509 per cent without transitional rules, so private equity is about 8 per cent of assets. https://www.opf.no/globalassets/filer/finansielle-rapporter-ars--og-kvartalstall/2025/arsrapport-2025/arsrapport-2025-oslo-pensjonsforsikring.pdf","from the note 12 securities specification, single private-equity fund-of-funds positions are carried at NOK 27m to NOK 510m market value. Examples read directly, cost then market value in NOK millions: Cubera International Private Equity 20 at 192 / 268, Cubera International Private Equity 21 at 194 / 243, Cubera IX (GP) LP at 109 / 210, Storebrand International Private Equity 17 B-4 at 20 / 510, Storebrand International Private Equity 19 B-4 at 114 / 221, Aberdeen Svg Private Equity Fund of Funds Plc at 77 / 384, mcp Opportunity Secondary Program V SLP at 253 / 369. I: these are holdings values rather than commitments, but a fresh fund-of-funds commitment in the NOK 300m to 600m range, roughly USD 30m to 60m, is consistent with the existing book.","Skagen Kon-Tiki E | NOK 1,677m market value at 31 December 2025, acquisition cost NOK 897m; commitment not applicable (held at 31 December 2025; vintage not stated)
C Worldwide Asia D | NOK 877m market value at 31 December 2025, acquisition cost NOK 451m; commitment not applicable (held at 31 December 2025; vintage not stated)","F: the board of OPF adopts the investment strategy and its limits annually. 'Styrene i OPF og OF vedtar arlig investeringsstrategi og rammer.' The board has separate audit, remuneration and risk committees. Execution sits with the investment organisation under the investeringsdirektor. Not found: a separate standing investment committee for individual fund commitments, or a per-fund approval threshold.","F: 'Styret hadde seks ordinaere styremoter i 2025', six ordinary board meetings in 2025, at which the most important items included the company strategy for 2025-2028, the financial strategy and the investment strategy for the coming year.","Not found as a manager-selection gatekeeper. OPF buys third-party private-equity fund-of-funds from Cubera, Storebrand Asset Management, abrdn and Schroders, and holds a dedicated Cubera vehicle, so those managers act as its route into private equity rather than as its screen.","Stig Faltinsen (Investeringsdirektor (chief investment officer), OPF); Lars Haram (Administrerende direktor (CEO), OPF); Paul Hoiness (Finansdirektor (CFO), OPF)",https://www.opf.no/globalassets/filer/finansielle-rapporter-ars--og-kvartalstall/2025/arsrapport-2025/arsrapport-2025-oslo-pensjonsforsikring.pdf,"Opened the OPF arsrapport 2025 (full PDF) and read the key-figures page, the capital-management and sustainability sections including the financed-emissions table by asset class, note 5 on fair-value classification with the full level 3 movement table for 2025 and 2024, note 12 Aksjer og andeler with the complete Norwegian and foreign securities specification line by line, the accounting-policy note on subsidiaries, and the board's report on its own work and committees. Also opened the OPF capital-management page, the reports index, the financial-information page and the leadership page. Searched the whole annual report for Asia, China, India, Japan, Pacific, Korea and emerging, and for Baring, BPEA, KKR Asia, Carlyle Asia, Hillhouse, PAG, Navis, Quadria, Everstone, Affinity and MBK. No Asia private-equity fund appears. The only Asia and emerging-markets exposure in the list is listed: C Worldwide Asia D, Skagen Kon-Tiki E, and direct listed holdings in Samsung Electronics, Itochu, Rakuten and NTT. Could not find: per-fund commitment amounts, a standing investment committee distinct from the board, or a manager-selection consultant.",5
"Statens pensjonskasse (SPK, Norwegian Public Service Pension Fund)",Norway,Oslo,"State agency administering public-sector occupational pensions, under the Ministry of Labour and Social Inclusion",none,no - SPK is a pay-as-you-go scheme with no investment portfolio. There is no capital pool from which a fund commitment could be made.,"not applicable - SPK administers a statutory scheme; its benefit obligations are met from contributions and the state budget, not from an investment fund.","none. SPK is unfunded. It administers pensions valued at NOK 647bn for around 1,300 organisations and more than 1.1 million current and former public-sector employees, but those are liabilities administered rather than assets invested. https://www.spk.no/en/about-us/",Not applicable. SPK has no securities portfolio to commit from.,,Not applicable. SPK's mandate is set by the Norwegian parliament and it operates under the Ministry of Labour and Social Inclusion. There is no fund-commitment decision body.,Not applicable.,Not applicable.,,https://www.spk.no/en/about-us/,"Opened SPK's own About us page on spk.no in full and read the description of what it does, who it reports to and how the scheme is financed, together with the NOK 647bn and 1.1 million member figures and the section on membership. Could not find, and did not need: an SPK annual report investment note, an asset allocation, a holdings list or an investment committee, because the scheme has no invested portfolio. Note also that SPK is distinct from Statens pensjonsfond utland and Statens pensjonsfond Norge, which are covered as separate rows; the similarity of names is a common confusion and the three are unrelated entities.",4
Storebrand Livsforsikring AS,Norway,"Lysaker, Oslo","Life insurance and occupational pension company, subsidiary of the listed Storebrand ASA",none,"unclear - the balance sheet is large enough many times over, but the route is closed in practice. Storebrand does not buy third-party private-equity fund-of-funds; it manufactures them. Its own report says its private equity investments are performed and monitored by its wholly owned fund-of-funds manager Cubera, so a Pavilion commitment would be Storebrand buying a competitor's product.","its own asset manager selects - Storebrand Livsforsikring's private equity is executed and monitored by Cubera Private Equity, a wholly owned subsidiary of Storebrand Asset Management, not by the life company directly and not by an external gatekeeper.","Storebrand ASA group note 32 'Equities and fund units' shows Private Equity fund investments at a fair value of NOK 10,465m at 31 December 2025, against NOK 18,124m at 31 December 2024. https://www.storebrand.com/welcome/investor-relations/annual-reports/_/attachment/inline/949cfb25-506d-4537-a010-83c5567177d6:8dc2d2a3920023660a4396803128f8d772677638/2025-annual-report-storebrand-asa-v2.pdf F: within Storebrand Livsforsikring's own accounts, level 3 unobservable-input equities and fund units total NOK 28,744m at 31 December 2025, and the Norwegian note says private equity funds are the largest group inside level 3 ('Av fondsandeler er det private equity fond som utgjor den storste gruppen pa niva 3'). F: Storebrand Livsforsikring group total assets NOK 873,044m at 31 December 2025. https://www.storebrand.no/om-storebrand/eierstyring-og-selskapsledelse/arsrapporter/_/attachment/inline/fd7777a3-f7b9-48c7-86e0-9726ba827efb:de4905ab10e0c4ffb9454b86a2b1e7836366a166/2025-arsrapport-storebrand-liv.pdf",Not found. Neither the Storebrand ASA 2025 annual report nor the Storebrand Livsforsikring 2025 annual report publishes a fund-by-fund holdings schedule with per-fund commitments. The private equity book is reported only in aggregate because it is run through Cubera.,,"F: private equity selection sits inside Cubera Private Equity as, wholly owned (100.0 per cent) by Storebrand and consolidated in the group subsidiary list. The Norwegian 2025 report states it plainly: 'Storebrand Livsforsikrings private equity-investeringer utfores og folges opp av Storebrand Asset Managements datterforetak og fond-i-fond-forvalteren, Cubera Private Equity.' Not found: a named Storebrand investment committee for third-party fund commitments, or any published cadence.",Not found. Neither annual report states a meeting cadence for private-markets commitment approval.,Cubera Private Equity is the in-house gatekeeper. No external consultant is named.,,https://www.storebrand.no/om-storebrand/eierstyring-og-selskapsledelse/arsrapporter/_/attachment/inline/fd7777a3-f7b9-48c7-86e0-9726ba827efb:de4905ab10e0c4ffb9454b86a2b1e7836366a166/2025-arsrapport-storebrand-liv.pdf,"Opened the Storebrand ASA annual report 2025 (English, full PDF) and the Storebrand Livsforsikring as arsrapport 2025 (Norwegian, full PDF), reading note 32 on equities and fund units, the fair-value hierarchy and level 3 notes, the subsidiary list, the private equity climate-target section and the asset-management business review. Also opened cubera.no and read its strategy pages. Searched both annual reports for Asia, China, India, Japan, Pacific, Korea and emerging market: the Storebrand ASA 2025 report returns no Asia investment hits at all. Could not find: any published fund-by-fund holdings schedule for Storebrand Livsforsikring, any per-fund commitment figure, any named Asia fund, a named investment committee, a commitment cadence, or a named individual in a private-markets seat.",4
Trondheim kommunale pensjonskasse (TKP),Norway,Trondheim,Municipal pension fund (pensjonskasse) for Trondheim kommune and 25 associated undertakings,none,"no - the whole private-equity programme is about NOK 1.2bn, roughly USD 110m. A US$50m commitment would be close to half of it, and its largest single fund position is NOK 162m, about USD 15m.",commits in its own name - TKP holds the fund units directly on its own balance sheet and reports them fund by fund in note 4.,"private equity was 4.7 per cent of the collective portfolio at 31 December 2025, down from 5.6 per cent a year earlier, against a total forvaltningskapital of NOK 26,079m. The collective portfolio is about 90 per cent of total capital, so the private-equity book is roughly NOK 1.1bn to 1.2bn. F: the named foreign fund holdings in note 4 total NOK 720.6m at balance-sheet value, plus NOK 280.7m of Norwegian fund and share holdings that include the Argentum and DNB Private Equity positions. https://tkp.no/uploads/local/tkp/Arsrapporter/TKP-arsrapport-2025.pdf","from note 4 Aksjer og andeler, individual private-equity positions are carried between NOK 0.1m and NOK 161.8m at balance-sheet value, with acquisition costs from zero to NOK 75.7m. The largest are Saga VI at NOK 161.8m, Saga VII at NOK 128.8m and Saga VIII at NOK 105.2m; the Storebrand International Private Equity positions run NOK 9.1m to 32.6m and the Cubera positions NOK 5.1m to 52.5m. I: single-fund commitments look to be in the NOK 25m to 75m range, roughly USD 2.5m to 7m.",,"F: the board (styret) sets the strategic equity weight for each portfolio and judges the risk profile. The 2025 report records the board setting a strategic equity weight of 34 per cent in the collective portfolio and 22 per cent in the company portfolio, and states 'Styret vurderer risikoprofilen som forsvarlig og om lag pa linje med andre kommunale pensjonskasser.' Not found: a separate investment committee or a per-fund approval threshold.",Not found. The 2025 annual report does not state the number of board meetings.,"Not found for manager selection. TKP's route into private equity is through fund-of-funds products from Argentum, DNB, Storebrand and Cubera rather than through a consultant.",,https://tkp.no/uploads/local/tkp/Arsrapporter/TKP-arsrapport-2025.pdf,"Opened the TKP arsrapport 2025 (full PDF) from the fund's own arsrapporter index and read the five-year key-figures table, the capital-management section with both asset-allocation tables for the collective and company portfolios, the return-by-asset-class table, and note 4 Aksjer og andeler in full, covering the Norwegian holdings, the foreign holdings, the property funds and the Norwegian equity funds line by line. Searched the report for Asia, China, India, Japan, Pacific, Korea, emerging and for HarbourVest, Pantheon, Adams Street, LGT, Hamilton Lane, StepStone, Partners Group, Coller, Lexington, Baring and KKR. No Asia private-equity fund appears. Could not find: per-fund commitment amounts as opposed to cost and balance-sheet value, the number of board meetings in 2025, an investment committee, a consultant, or a named individual in an investment seat.",5
AMF Tjänstepension AB (AMF Pension),Sweden,Stockholm,"Occupational-pension company (tjänstepensionsaktiebolag) owned 50/50 by Svenskt Näringsliv and LO, run on mutual principles; manages the SAF-LO blue-collar and other collectively agreed pensions",none,"yes on size, blocked on geography - SEK 872bn under management and a 10% target alternatives sleeve put US$50m far inside capacity, but the board's investeringsriktlinjer valid from 1 February 2026 name the principal markets as Sweden and the rest of the EEA, North America, the United Kingdom, China and Japan. A pan-Asia mandate spanning India, Korea and Southeast Asia sits outside that list.","commits in its own name - AMF Tjänstepension AB signs its own investments. The board must approve the orientation, co-investors, ownership structure and country of any unlisted or alternative investment where AMF can gain material influence.","AMF has no private equity line. Its alternativa investeringar were SEK 77,804m, 12.3% of SEK 629,866m of assets at 31 Dec 2025, and the alternatives breakdown is Infrastruktur 51%, Alternativa krediter 25%, Övriga alternativa tillgångar 24%. Unlisted equity sits in a separate 2% bucket (Onoterade aktier, 2% of the traditional-insurance portfolio, roughly SEK 12.6bn) and is Swedish direct holdings. https://www.amf.se/globalassets/pdf/rapporter/arsredovisning_2025.pdf read 2026-09-19","not disclosed. AMF publishes no fund-by-fund commitment schedule. The only external fund large enough to appear in its top-15 investments list is Macquarie Super Core Infrastructure Fund at 1.0% of assets, which on SEK 629,866m is roughly SEK 6.3bn. https://www.amf.se/globalassets/pdf/rapporter/arsredovisning_2025.pdf read 2026-09-19",,"Styrelsen (the board) sets the investeringsriktlinjer, approves the Referensportfölj annually with the Placeringspolicy, and must itself approve unlisted and alternative investments. 'I samtliga investeringar utanför reglerade marknader där AMF kan få väsentligt inflytande ska styrelsen godkänna eventuella saminvesterare och ägarstruktur samt land verksamheten bedrivs i. För onoterade aktier och alternativa investeringar ska styrelsen också godkänna verksamhetens inriktning.' The board's Finansutskott is the preparing body: five board members chaired by the board chair, which 'bereda och till styrelsen föreslå referens- och målportfölj för kapitalförvaltningen' and 'bereda de investeringsbeslut som kräver styrelsens godkännande'. The CEO proposes the Målportfölj to the board each year.","F: the board 'minst sex gånger per år och hade 11 protokollförda sammanträden inklusive konstituerande möte under 2025'. The Finansutskott recorded 5 of 5 attendance for its members in 2025, so five meetings.","No external manager-selection consultant or gatekeeper named in the 2025 annual report or the investeringsriktlinjer. Selection sits with the in-house kapitalförvaltning, where unlisted equity and alternative investments were merged into one unit in January 2026.",Katarina Romberg (Kapitalförvaltningschef och vd AMF Fonder); Henrik Lundh (Head of the combined unit for onoterade aktier and alternativa investeringar); Dick Bergqvist (Chef svenska aktier); John Hernander (Chef utländska aktier); Tomas Flodén (Verkställande direktör); Katarina Ljunqvist (Styrelseordförande); Marie Rudberg (Ordförande revisionsutskottet),https://www.amf.se/globalassets/pdf/ovrigt/investeringsriktlinjer.pdf,"Opened and parsed in full: AMF Års- och hållbarhetsredovisning 2025 (7,512 text lines; grepped for asien/asia/private equity/onoterade/fond-i-fond and every GP and fund-of-funds house on the target list, and read the totalavkastningstabell, the alternatives and equity allocation charts, the note on placeringstillgångar, the SFDR top-15 largest investments table, the Bolagsstyrning chapter with the board and committee descriptions); Utdrag ur Regelbok för AMF, Styrelsens investeringsriktlinjer, decided by the board on 16 December 2025 and in force from 1 February 2026 (394 text lines, full read of the asset-class definitions, the general rules, the principal-markets clause and the reference portfolio); the amf.se Ledning och styrelse page; the amf.se Rapporter och fakta index; the AMF reorganisation press release of 26 January 2026. Could not find: any AMF holdings list or innehavsförteckning of unlisted funds, any per-fund commitment figure, any Asia private-equity fund, any fund-of-funds position, and any named head of private equity. AMF does not publish an innehavsförteckning for the tjänstepension balance sheet; the SFDR top-15 table is the only fund-level disclosure it makes.",4
Alecta Tjänstepension Ömsesidigt,Sweden,Stockholm,"Mutual occupational-pension company (ITP plan for Swedish white-collar private-sector employees), tjänstepensionsföretag under the Swedish Occupational Pension Undertakings Act",none,"yes on size, no on fit today - SEK 1.4 trillion of investment assets and a SEK 116bn unlisted book put a US$50m ticket far inside capacity, but the published 2025 unlisted holdings list contains no Asia fund of any kind and no fund-of-funds vehicle outside secondaries, so the constraint is mandate and geography rather than money.","commits in its own name - Alecta is internally managed and signs its own fund commitments. 'Inom alternativa tillgångar är huvudstrategin att samarbeta med utvalda fondförvaltare inom fastigheter, infrastruktur och private equity.' https://www.alecta.se/media/kgfg3n0t/alectas-ars-och-hallbarhetsredovisning-2025.pdf","alternativa tillgångar were SEK 250,897m at 31 Dec 2025 (17.9% of group investment assets of SEK 1,404,983m), and the alternatives sector chart puts Private Equity at 6.4% of that bucket (Fastigheter 61.1%, Alternativa krediter 23.9%, Infrastruktur 8.6%). https://www.alecta.se/media/kgfg3n0t/alectas-ars-och-hallbarhetsredovisning-2025.pdf read 2026-09-19. I: that implies a private equity book of roughly SEK 16bn on the group figure, or roughly SEK 12bn on the totalavkastningstabell figure of SEK 188,550m. Alecta does not publish a private equity line in SEK.","not disclosed. Alecta's Innehav 2025 unlisted list names funds but publishes no per-fund commitment or value; only the aggregate SEK 116,462m for all Svenska och utländska onoterade innehav (koncern). https://www.alecta.se/media/4f5izokk/alectas-innehav-2025.pdf read 2026-09-19. I: a fund manager appearing once per vintage in a SEK 116bn unlisted book implies tickets well above US$50m, but no published figure supports a number.",,"The board (styrelsen) decides Investeringsriktlinjer and the Investeringspolicy. The board's Finansutskott prepares and recommends every capital-management matter that the board must decide. The CEO holds the investment mandate under the Investeringspolicy and has sub-delegated it, with limits, to the chefen för Kapitalförvaltning. 'Styrelsens finansutskott bereder och lämnar rekommendationer i de ärenden inom kapitalförvaltningen som ska behandlas eller beslutas av styrelsen. Vd har ansvar för placeringsverksamheten inom de mandat som framgår av Investeringspolicyn... Med vissa begränsningar har detta mandat vidaredelegerats till chefen för Kapitalförvaltning.'",F: 'Finansutskottet hade under 2025 sex möten.' Styrelsepresidiet also met six times in 2025.,"No external gatekeeper or manager-selection consultant named in the 2025 annual report. Selection sits with the in-house alternatives group, whose stated main strategy is 'att hitta fondförvaltare som vi bedömer kan skapa bäst avkastning till våra kunder'. https://www.alecta.se/om-alecta/kapitalforvaltning/alternativa-investeringar",Pablo Bernengo (Chef Kapitalförvaltning (CIO) through 31 August 2026; Verkställande direktör (CEO) from 1 September 2026); Magnus Tell (Aktiechef (head of equities); tillförordnad kapitalförvaltningschef (acting CIO) from 1 September 2026); Peder Hasslev (Verkställande direktör until 1 September 2026 (retiring)); Marie Litezings (Chef Kund; appointed vice vd (Deputy CEO) from 1 September 2026),https://www.alecta.se/media/kgfg3n0t/alectas-ars-och-hallbarhetsredovisning-2025.pdf,"Opened and parsed in full: Alectas Innehav 2025 (the published holdings list, all 351 text lines, including the complete Svenska och utländska onoterade innehav section and its SEK 115,728m parent / SEK 116,462m group totals); Alectas års- och hållbarhetsredovisning 2025 (8,930 text lines, grepped for asien/asia/private equity/onoterade/fond-i-fond and every named GP on the target list, plus the totalavkastningstabell, the alternatives sector chart, the Ledning table, the Bolagsstyrningsrapport governance chapter and the Investeringsrisker section); the alecta.se Alternativa investeringar page; the alecta.se Kapitalförvaltning page; the Finansinspektionen decision page of 19 December 2025. Could not find: any per-fund commitment figure, any SEK figure for the private equity sleeve on its own, any named head of alternative investments, any Asia allocation statement, and any Alecta document announcing a new or expanded private-equity programme. The 2025 report describes a risk-and-governance improvement programme, not an alternatives build-out.",4
Andra AP-fonden (AP2),Sweden,Gothenburg,"State income-pension buffer fund; absorbed AP6, the PE-only buffer fund, on 1 January 2026",signs,"yes - AP2's own 2025 average commitment of about SEK 540m per fund is above US$50m, and it is raising private equity from 10 to 15 per cent of a SEK 475bn fund while absorbing AP6's portfolio.",commits in its own name - AP2 is an independent state authority with its own board and its own internal private-equity team; it reports sitting on a significant share of the LPACs of the funds it backs. From 1 January 2026 it also signs for the AP6 book. https://ap2.se/wp-content/uploads/2026/02/AP2-Arsredovisning-2025.pdf,"private equity (riskkapital) was SEK 57bn of market value at 31 December 2025, SEK 6.5bn invested during 2025 and SEK 6.8bn returned, on fund capital of SEK 475,175m. The strategic allocation to private equity rises from 10 to 15 per cent: 'kommer den strategiska allokeringen till riskkapital i portfoljen att oka fran 10 till 15 procent.' https://ap2.se/wp-content/uploads/2026/02/AP2-Arsredovisning-2025.pdf","about SEK 540m per fund. Twelve new commitments totalling SEK 6.5bn in 2025 is an average of SEK 542m, roughly US$57m at the 2025 average rate. https://ap2.se/wp-content/uploads/2026/02/AP2-Arsredovisning-2025.pdf","Southern Capital Fund IIB L.P. and Southern Capital Fund IV L.P. (inherited from AP6 on 1 January 2026) | 3.4 per cent and 1.2 per cent of fund capital at 31 December 2025; commitment amounts not published (held by AP6 at 31 December 2025; vintages not stated in the source)
Crown Global Secondaries IV PLC, Crown Global Secondaries V Feeder S.C.Sp and Crown Global Secondaries VI Feeder SCSp (LGT Capital Partners; inherited from AP6) | 2.7 per cent, 3.6 per cent and 3.4 per cent of fund capital at 31 December 2025; commitments not published (held by AP6 at 31 December 2025)","AP2's board (styrelse), appointed by the government, with a Risk Committee, an Audit Committee and a Remuneration Committee. Asset allocation follows a statutory ALM analysis; the 2025 ALM analysis set the 10 to 15 per cent private-equity increase. Individual fund commitments are executed by the internal private-equity team under delegated authority.","AP2's Annual Report 2025 tabulates each director's attendance at board, Risk Committee, Audit Committee and Remuneration Committee meetings but does not state a fixed number of board meetings per year in the text checked.","No external manager-selection gatekeeper found. AP2 states it manages most asset classes internally ('AP2 skiljer sig fran manga liknande fonder genom att vi forvaltar de flesta tillgangsslagen internt'). AP6's inherited book does contain third-party multi-manager positions (LGT Crown, AlpInvest, Cubera).",Eva Halvarsson (Verkställande direktör (Chief Executive)); Anna Hammer (Kapitalförvaltningschef (Head of Asset Management)); Helena Olin (Chef för reala tillgångar (Head of Real Assets)),"https://ap2.se/wp-content/uploads/2026/02/AP2-Arsredovisning-2025.pdf
https://ap2.se/wp-content/uploads/2026/02/AP6-Innehavslista_Aktier-och-andelar_2025-12-31.pdf","Downloaded and parsed AP2's Annual Report 2025 in full (3,692 text lines): the private-equity section, the AP6 incorporation section, the asset-allocation and geography charts, the management and board pages, the fee notes and the balance sheet. Also parsed AP6's complete holdings list at 31 December 2025 (every fund and co-investment line), which AP2 now owns. Checked ap2.se for a published fund-by-fund holdings list and found none: the annual report says only 'En komplett forteckning over svenska och utlandska innehav aterfinns pa fondens webbplats', and what is published there is listed equities, not private-equity funds. Searched ap2.se and the web for any named Asia private-equity commitment by AP2 in its own name and found none.",4
Fjärde AP-fonden (AP4),Sweden,Stockholm,State income-pension buffer fund; took roughly half of AP1's assets on 1 January 2026 and administers AP1's residual separate portfolio,other,"yes - AP4 runs a SEK 578bn fund, already carries five-billion-krona positions in third-party multi-manager private-equity accounts, and is recruiting a private-equity portfolio manager to develop the portfolio.","commits in its own name, but private equity has been outsourced to gatekeepers - AP4's private-equity exposure sits in Hamilton Lane separate accounts, an LGT vehicle and a Goldman Sachs multi-strategy fund, all inherited from AP1 on 1 January 2026, plus legacy Keyhaven funds-of-funds. Statutory rule: 'Illikvida tillgangar far endast agas indirekt via fonder, fastighetsbolag, riskkapitalforetag (eller saminvesteringar med dessa fonder och riskkapitalforetag).' https://www.ap4.se/globalassets/rapporter-och-innehav/2025/ap4-arsredovisning-2025b.pdf","AP4 does not report a separate private-equity line. Real assets, which include infrastructure and property but not the inherited private-equity accounts, were 16 per cent of the portfolio. Infrastructure alone is 'narmare 30 miljarder kronor, motsvarande 5,1 procent av AP4:s fondkapital' with a further SEK 11bn of unfunded infrastructure commitments. Fund capital was SEK 578.1bn at 31 December 2025 before the AP1 transfer. https://www.ap4.se/globalassets/rapporter-och-innehav/2025/ap4-arsredovisning-2025b.pdf","not published as a commitment figure. AP4's holdings list gives acquisition cost only. The private-equity and co-investment vehicle costs on the 30 June 2026 list run from SEK 32m (Keyhaven III) to SEK 5,587m (Fifth Stockholm Global Private Equity). https://www.ap4.se/globalassets/rapporter-och-innehav/2026/onoterade-aktier-och-andelar-2026-06-30.c.pdf","Third, Fourth, Fifth and Sixth Stockholm Global Private Equity L.P. (Hamilton Lane separate accounts, inherited from AP1 on 1 January 2026) | SEK 143m, SEK 3,956m, SEK 5,587m and SEK 2,741m acquisition cost at 30 June 2026; commitments not published (held at 30 June 2026)
White Peak Real Estate IV L.P. | SEK 965m acquisition cost at 30 June 2026; commitment not published (held at 30 June 2026)
Edelweiss Infrastructure Yield Plus L.P. and Infrastructure Yield Plus II (USD) L.P. | SEK 57m and SEK 389m acquisition cost at 30 June 2026; commitments not published (held at 30 June 2026; vintages not stated in the source)
EW Special Opportunities Fund III (USD) L.P. | SEK 276m acquisition cost at 30 June 2026; commitment not published (held at 30 June 2026)
Goldman Sachs Private Equity Multi-Strategy (AP) Offshore L.P. | SEK 189m acquisition cost at 30 June 2026; commitment not published (held at 30 June 2026)
Keyhaven Capital Partners III, Keyhaven Growth Partners, Keyhaven Secondaries Fund I and II | SEK 32m, SEK 160m, SEK 127m and SEK 188m acquisition cost at 30 June 2026 (held at 30 June 2026)","AP4's board (styrelse), chaired by Johan Gyllenhoff, with an audit committee and a remuneration committee. Fund selection runs through the Alternative Investments team under Jenny Askfelt Ruud. The CEO approves all counterparties.",F: 'Under verksamhetsaret 2025 hade styrelsen atta protokollforda sammantraden' (eight minuted board meetings in 2025).,"Hamilton Lane and LGT Capital Partners are the incumbent private-equity gatekeepers, inherited from AP1. Keyhaven Capital Partners is the legacy fund-of-funds relationship. Advisense provides internal audit, not manager selection.","Niklas Ekvall (Verkställande direktör (Chief Executive), employed 2016); Jenny Askfelt Ruud (Chef Alternativa investeringar (Head of Alternative Investments), employed 2018); Christian Sommer (Senior portföljförvaltare Alternativa investeringar); Marcus Falkman (Portföljförvaltare Alternativa investeringar); Johan Gyllenhoff (Styrelsens ordförande (Chair of the Board))","https://www.ap4.se/globalassets/rapporter-och-innehav/2025/ap4-arsredovisning-2025b.pdf
https://www.ap4.se/globalassets/rapporter-och-innehav/2026/onoterade-aktier-och-andelar-2026-06-30.c.pdf","Downloaded and parsed AP4's complete unlisted holdings list at 30 June 2026 (every line of associated companies, other Swedish unlisted and other foreign unlisted, about 150 fund and company lines) and AP4's Annual Report 2025 in full (4,387 text lines): the alternative-investments and real-assets sections, the AP1 consolidation note, the statutory investment rules in the fund governance report, the board and management pages and the remuneration note. Also read AP4's live vacancy 'Forvaltare inom private equity till AP4' in full. Found no pan-Asia fund-of-funds and no single-GP Asian buyout fund on AP4's list; the only Asia lines are two Edelweiss India infrastructure funds, an Edelweiss special-situations fund, a Japanese real-estate fund and an Australian shopping-centre fund.",4
"Folksam (Folksam ömsesidig livförsäkring / Folksam Liv, incl. KPA Pension)",Sweden,Stockholm,"Mutual life insurer and occupational-pension group; Folksam Liv is the parent of KPA Pension (local-government sector), Folksam Fondförsäkring and Folksam LO Tjänstepension",no_asia,"unclear, probably no at fund level - Folksam Liv's whole alternatives bucket is SEK 10.4bn and its undrawn commitment book is SEK 1.7bn, so a US$50m (roughly SEK 470m) ticket would be about 4.5% of the alternatives bucket and roughly 28% of all undrawn commitments. It writes multi-billion-krona cheques for strategic direct positions such as Heimstaden Bostad and Ellevio, but its disclosed fund commitments are far smaller.",commits in its own name - Folksam Liv signs its own alternatives and property investments in-house. 'Placeringar sköts både internt och genom externt utlagda förvaltningsuppdrag. Löpande aktie- och ränteförvaltning samt värdepappersadministration har lagts ut till Swedbank Robur... Detta gäller även alternativa placeringar och placeringar i fastigheter.' Listed equity and fixed income are outsourced to Swedbank Robur; alternatives are not.,"alternativa placeringar were SEK 10,382m at 31 December 2025, 8% of Folksam Liv's capital, down from SEK 10,948m at 1 January 2025, and returned 0.6% in 2025. Onoterade aktier on the balance sheet were SEK 5,554m (group) and SEK 4,514m (parent) at 31 Dec 2025. Total assets in the totalavkastningstabell were SEK 132,800m. Contracted but not yet invested riskkapital was SEK 1,731m at 31 Dec 2025, down from SEK 2,112m. https://nyhetsrum.folksam.se/media/%C3%85rs-%20och%20h%C3%A5llbarhetsredovisning%20Folksam%20%C3%B6msesidig%20livf%C3%B6rs%C3%A4kring%202025_tcm26-89419.pdf read 2026-09-19. I: there is no separate private equity figure. The SEK 10.4bn alternatives bucket also carries Heimstaden Bostad and Ellevio, two positions that together are larger than the bucket's SEK 10.4bn totalavkastning line, so the private equity fund sleeve is a small residual.","the only two sized fund-type commitments Folksam publishes are EUR 18m into a Copenhagen Infrastructure V co-financing structure in 2025 and close to SEK 500m into Norrsken Venture Capital Fund II. On the 2025 SEK/EUR level EUR 18m is roughly SEK 200m, about US$19m. I: Folksam's published fund tickets are below US$50m. A US$50m primary commitment would be at or above the top of anything it has disclosed.",Copenhagen Infrastructure V co-financing structure (medfinansieringsstruktur knuten till fonden Copenhagen Infrastructure V) | EUR 18m in 2025,"Styrelsen sets the placeringsriktlinjer and the limits, and is the only body that may decide strategiska placeringar. The CEO is responsible for managing assets within the board's frames and for reviewing the placeringsriktlinjer. 'Finanskommittén är vd:s forum för styrning och uppföljning av placeringsverksamheten.' Day-to-day alternatives and property work sits with avdelningen för kapitalförvaltning och hållbarhet. Riskhanteringsfunktionen monitors board limits daily.",Not disclosed. The 2025 report describes ordinarie styrelsemöten with time set aside for fördjupning but gives no meeting count for the board or the Finanskommitté. Not found.,"No manager-selection consultant or gatekeeper named. Swedbank Robur holds the outsourced listed mandates and does daily compliance checks against the placeringsriktlinjer; it is not described as screening alternatives managers. Folksam applies its own placeringskriterier to any fund before investing: 'Inom alternativa investeringar har vi ett brett spektrum av investeringar. Här ser vi att det i första hand inför en investering som vi kan vara med att påverka, genom att säkerställa att den fond eller det bolag vi investerar i uppfyller våra placeringskriterier.'","Marcus Blomberg (Chef Kapitalförvaltning och hållbarhet, member of Folksam's koncernledning); Ylva Wessén (Vd och koncernchef); Katrin Röcklinger (Chef Affärsområde Liv); Lars Ericsson (Styrelseordförande, Folksam ömsesidig livförsäkring); Michael Kjeller (Vice vd och chef Koncernstaben)",https://nyhetsrum.folksam.se/media/%C3%85rs-%20och%20h%C3%A5llbarhetsredovisning%20Folksam%20%C3%B6msesidig%20livf%C3%B6rs%C3%A4kring%202025_tcm26-89419.pdf,"Opened and parsed in full: Års- och hållbarhetsredovisning Folksam ömsesidig livförsäkring 2025 (13,824 text lines; grepped for asien/asia/private equity/fond-i-fond/onoterade/riskkapital and every GP and fund-of-funds house on the target list, and read the totalavkastningstabell, the kapitalavkastning narrative, the note on level-3 valuation, the note on off-balance-sheet commitments, the finansiella risker governance section and the koncernledning list). Read the folksam.se pages for Ansvarsfullt ägande, Alternativa investeringar, Ansvarsfull kapitalförvaltning, Rapporter, and Ledningen och styrelsen. Could not find: Folksam does not publish an innehavsförteckning or any holdings list. The lead that Folksam Liv and KPA Pension publish holdings lists twice a year is wrong as of 2026-09-19. folksam.se/.../ansvarsfull-kapitalforvaltning/vara-innehav returns HTTP 404; the Rapporter index carries only the Årsrapport Ansvarsfull kapitalförvaltning and the Bolagsstämmorapport, neither of which is a holdings schedule. kpa.se/om-kpa-pension/kapitalforvaltning/ returns HTTP 404. No separate KPA Pension AB annual report for 2025 was located at a stable public URL. No named private equity fund, no per-fund commitment, no head of private equity, and no board or Finanskommitté meeting cadence found.",3
"Första AP-fonden (AP1) - wound up 31 December 2025, assets now in AP3 and AP4",Sweden,"Stockholm (residual separate portfolio now administered by AP4, Jakobsbergsgatan 16)",State income-pension buffer fund (dissolved); residual assets managed separately by AP4,moved,no - AP1 no longer exists. Its operations ceased at the end of 2025 and its assets and liabilities passed to AP3 and AP4 on 1 January 2026.,"dissolved - AP1's buying seat is gone. SEK 511.5bn, more than 98 per cent of AP1's closing 2025 fund capital, was transferred to AP3 and AP4 at the start of 2026; SEK 8.7bn remains in a separate portfolio that AP4 administers and will pass to AP3 and AP4 in equal parts. https://www.ap4.se/globalassets/rapporter-och-innehav/2025/ap4-arsredovisning-2025b.pdf","AP1's total non-listed shares and participations were SEK 100,975m fair value at 31 December 2025, of which about SEK 19.0bn acquisition cost sat in the four Hamilton Lane global private equity accounts and SEK 936m in the LGT vehicle. AP1's closing fund capital for 2025 was SEK 520.2bn. https://www.ap4.se/globalassets/dokument/ap1/onoterade-innehav/ap1-innehav-onoterade-31-dec-2025a.pdf","not published. AP1's holdings list gives acquisition cost and ownership percentage, never a commitment figure. The four Hamilton Lane separate accounts carried SEK 452m to SEK 6,975m of cost each. https://www.ap4.se/globalassets/dokument/ap1/onoterade-innehav/ap1-innehav-onoterade-31-dec-2025a.pdf","CITIC Capital China Retail Properties Investment L.P. | SEK 456m acquisition cost at 31 December 2025, 11.0 per cent holding (held at 31 December 2025; vintage not stated in the source)
Third, Fourth, Fifth and Sixth Stockholm Global Private Equity L.P. (Hamilton Lane separate accounts) | SEK 452m, SEK 6,674m, SEK 6,975m and SEK 4,902m acquisition cost at 31 December 2025; commitment amounts not published (held at 31 December 2025; vintages not stated in the source)
FIRST II Private Equity Investments, L.P. Inc (LGT Capital Partners) | SEK 936m acquisition cost at 31 December 2025; commitment not published (held at 31 December 2025; vintage not stated in the source)
Aberdeen Asia III Property Fund of Funds | SEK 127m acquisition cost at 31 December 2025, 38.1 per cent holding (held at 31 December 2025; vintage not stated in the source)",None active. AP1's board was dissolved; AP4's board now signs AP1's 2025 annual report and takes the decisions the AP1 board used to take for the residual separate portfolio.,Not applicable. Any live decision now sits with the AP3 or AP4 board.,Hamilton Lane and LGT Capital Partners were AP1's private-equity gatekeepers. Both mandates moved to AP4 and appear on AP4's 30 June 2026 unlisted holdings list.,,"https://www.ap4.se/globalassets/dokument/ap1/onoterade-innehav/ap1-innehav-onoterade-31-dec-2025a.pdf
https://www.ap4.se/om-ap4/om-ap1/","Read AP4's AP1 page in full, downloaded and parsed AP1's complete non-listed holdings list at 31 December 2025 (every line of 'Aktier i intresseföretag', 'Other unlisted shares and participations' and 'Non-listed loans'), and read the AP1 consolidation sections of AP4's Annual Report 2025 (pages 11 and 47, note 22). No commitment amounts are published anywhere in AP1's disclosure, only acquisition cost and ownership percentage. Found no single-GP Asian private-equity fund on AP1's list.",5
"Länsförsäkringar (Länsförsäkringar Liv, Länsförsäkringar Fondliv, Länsförsäkringar AB)",Sweden,Stockholm,"Federation of 23 local customer-owned regional insurers owning Länsförsäkringar AB. Länsförsäkringar Liv is the mutual traditional-life company, closed to new business since September 2011. Länsförsäkringar Fondliv is the unit-linked and occupational-pension subsidiary of Länsförsäkringar AB.",none,"no, probably - a US$50m ticket is roughly SEK 470m, about 4% of Länsförsäkringar Liv's entire SEK 11.1bn alternatives book, in a life company that has been closed to new business since September 2011 and whose assets fell from SEK 107,983m to SEK 105,022m over 2025. Fondliv's Garantiförvaltning, the only open-to-new-business pot with an active allocation, holds SEK 7.7bn in total. Nothing published shows a ticket of that size.","commits in its own name - Länsförsäkringar Liv's Kapitalförvaltningsenhet has been an organisational unit inside the company since 2020, and its outsourced activity is it, finance and procurement, insurance administration, claims, medical underwriting and AML, not manager selection. Länsförsäkringar Liv is not consolidated in the Länsförsäkringar AB group accounts, so Liv and Fondliv are separate buying seats.","Länsförsäkringar Liv holds alternativa investeringar of SEK 6,717m in Gamla Trad (10.0% of that portfolio) and SEK 4,370m in Nya Trad (14.7%), SEK 11,087m in total, on SEK 105,022m of total managed assets at 31 December 2025. Alternatives are defined as 'infrastruktur, skog, Private Equity'. Onoterade aktier och andelar on its balance sheet were SEK 10,890m. Its level-3 holdings are 42% private equity funds (32% a year earlier), 28% private debt funds (47%) and 31% directly held shares and associates (21%). Länsförsäkringar Fondliv separately holds SEK 1,708.5m of onoterade aktier och andelar, with level-3 holdings 36% private equity funds and 18% private debt funds. https://mb.cision.com/Main/152/4327761/4010219.pdf and https://mb.cision.com/Main/152/4327765/4010238.pdf read 2026-09-19. I: 42% of Liv's level-3 book plus Fondliv's smaller sleeve puts the group's private equity fund exposure in the low single-digit billions of SEK. No exact private equity figure is published.","not disclosed. Neither Länsförsäkringar Liv nor Länsförsäkringar Fondliv publishes a fund name, a commitment figure or an undrawn commitment total. I: on a SEK 11.1bn alternatives book split across infrastructure, forestry, private equity and private debt, individual private equity fund commitments are likely in the SEK 100m to SEK 400m range. That is inference from the aggregate and the asset-class split, with no published figure behind it.",,"Styrelsen sets the placeringsriktlinjer and the risk framework. The CEO has established an Investeringskommitté that handles capital-management matters; the bolagsledningen, chaired by the CEO, is the fallback forum 'för att bereda och följa upp kapitalförvaltningsfrågor, risker och avkastningsmål förknippade med kapitalförvaltningsverksamheten, inklusive sådan kapitalförvaltningsverksamhet som är utlagd, i den mån dessa frågor inte redan omhändertagits via den av vd inrättade Investeringskommittéen.' A formal gate exists for anything new: 'För att godkänna nya placeringstillgångar tillämpas en process som syftar till att belysa och omhänderta potentiella risker inför investering i ett nytt tillgångsslag, instrumenttyp eller fond.'",Not disclosed. The 2025 annual report names the Investeringskommitté but gives no meeting frequency for it or for the board. Not found.,"No external manager-selection consultant or gatekeeper named. The screen is the internal Investeringskommitté plus the new-asset approval process. Länsförsäkringar AB's group responsible-investment policy applies expectations to indirect fund investments in private markets through the contract with the fund manager: 'Vid indirekta fondinvesteringar på onoterade marknader (""private equity"") regleras motsvarande förväntningar på genomlysning och hantering av investeringsobjekt med överträdelser via avtal med förvaltaren av fonden.' A prospective GP should expect an ESG side-letter requirement.","Cecilia Kellner (Chef Kapitalförvaltningen / CIO, Länsförsäkringar Liv; born 1977, joined 1 June 2025 from Nordea Liv & Pension where she was CIO); Tua Holgersson (Styrelseordförande, Länsförsäkringar Liv, elected at the AGM of 16 May 2025); Tonie Eriksson (CFO, Länsförsäkringar Liv, from 1 November 2025 after acting in the role since 1 January 2025); Roger Lidberg (Affärschef, Länsförsäkringar Liv; born 1960, employed since 1995)",https://mb.cision.com/Main/152/4327761/4010219.pdf,"Opened and parsed in full: Länsförsäkringar Liv Årsredovisning 2025 (3,524 text lines), Länsförsäkringar Fondliv Årsredovisning 2025 (2,984 lines) and Länsförsäkringar AB Årsredovisning 2025 (13,881 lines from a 26MB PDF), all three from Cision. Grepped every one for asien/asia/private equity/fond-i-fond/onoterade/alternativa and for every GP and fund-of-funds house on the target list. Read the Liv totalavkastningstabell for all three förvaltningsformer, its notes on aktier och andelar, group and associate companies, the level-3 valuation note, the marknadsrisk and riskkänslighet sections, the Bolagsstyrningsrapport including the Investeringskommitté and the outsourcing description, and the ledning biographies. Read the Fondliv notes on aktier och andelar and its level-3 note. Read the LF AB responsible-investment section covering private equity funds. Note on access: lansforsakringar.se blocks plain automated requests; the reports were reached by way of the Cision mirror after a browser-shaped header set got the site index to render. Could not find: any named fund, any named GP, any commitment figure, any undrawn commitment total, any geographic split of the alternatives book, any Investeringskommitté meeting cadence, and any holdings list. Länsförsäkringar publishes none.",3
Sjunde AP-fonden (AP7),Sweden,Stockholm,State default-option manager for the premium pension (AP7 Såfa: AP7 Aktiefond plus AP7 Räntefond),none,"yes on size, no on fit - SEK 29.2bn of unfunded private-equity commitments makes a US$50m ticket trivially affordable, but AP7 has stated that its new private-equity build-out is 'mogna bolag i USA och Europa', mature companies in the USA and Europe.",commits in its own name and is moving from external mandates to direct fund selection - 'Inom private equity (PE) har AP7 utvecklats fran att tidigare ha arbetat uteslutande med externt forvaltade mandat. Uppbyggnaden har nu paborjats av en portfolj med direktagda private equity-fonder.' https://www.ap7.se/app/uploads/2026/07/ap7-ars-och-hallbarhetsredovisning-2025.pdf,"unlisted transferable securities were SEK 51,360,416 thousand, that is SEK 51.4bn, 3.8 per cent of AP7 Aktiefond at 31 December 2025, and remaining unfunded private-equity commitments were SEK 29,223,754 thousand, that is SEK 29.2bn, down from SEK 34.7bn a year earlier. https://www.ap7.se/app/uploads/2026/07/ap7-ars-och-hallbarhetsredovisning-2025.pdf",not published. AP7 discloses no fund list and no per-fund commitment figure. https://www.ap7.se/app/uploads/2026/07/ap7-ars-och-hallbarhetsredovisning-2025.pdf,,"AP7's board (styrelse), with a working committee (arbetsutskott) made up of the chair, the deputy chair and the CEO. The board decided in December 2025 on the next stage of the expansion into alternative assets. Fund selection sits with the alternative investments department.",Not stated as a fixed number in the parts of the 2025 annual and sustainability report checked.,"No manager-selection gatekeeper named. AP7's stated direction is away from external mandates and towards its own 'forvaltningsorganisation for alternativa tillgangar med en djup egen' capability. Legal & General Investment Management holds an external mandate for the listed transition portfolio, not for private equity.",Maria Björklund (Chef för alternativa investeringar (Head of Alternative Investments)),https://www.ap7.se/app/uploads/2026/07/ap7-ars-och-hallbarhetsredovisning-2025.pdf,"Downloaded and parsed AP7's Års- och hållbarhetsredovisning 2025 in full (4,881 text lines): the alternative investments section, the strategic goals and milestones, the fund accounts for AP7 Aktiefond and AP7 Räntefond, note 1 on transferable securities, the commitments note, the geography charts and the organisation section. Searched the report for Asia, China, India, Japan and Korea: the only hits are the listed equity fund's index weights (Asia including Japan at 14 per cent of AP7 Aktiefond), a voting statistic and a climate sentence. AP7 publishes no private-equity holdings list; checked no fund names anywhere in its disclosure.",4
"Sjätte AP-fonden (AP6) - wound up 31 December 2025, assets now in AP2",Sweden,Gothenburg (dissolved; enquiries now go to AP2),"State buffer fund, private-equity only (dissolved)",moved,no - AP6 no longer exists. Its operations ceased at the end of 2025 and its assets and liabilities passed to AP2 on 1 January 2026.,dissolved - AP2 is now the buying seat. 'Beslutet innebar att AP6:s tillgangar och forpliktelser fors over till AP2. Vissa av tillgangarna i AP6 fors over till AP2 for att langsiktigt forvaltas i AP2:s befintliga riskkapitalportfolj och vissa tillgangar kommer att forvaltas avskilt i en transitionsportfolj.' https://ap2.se/om/om-ap6/,"AP6's fund capital was SEK 70.7bn at 31 December 2023 and the capital employed was SEK 67.7bn. 'AP6 okade det forvaltade kapitalet till 70,7 miljarder kronor med ett positivt nettoresultat om 2,1 miljarder kronor.' AP6's 2025 annual report is published only as a scanned PDF with no extractable text, so I did not read its closing 2025 figure. https://ap2.se/wp-content/uploads/2026/01/AP6_AR_2023_.pdf","not published. AP6's holdings list gives capital share percentage only, never a commitment figure. Its capital shares in third-party funds run from 0.2 per cent (Insight Partners XII) to 32.8 per cent (AlpInvest Secondaries VI). https://ap2.se/wp-content/uploads/2026/02/AP6-Innehavslista_Aktier-och-andelar_2025-12-31.pdf","Southern Capital Fund IV L.P. | 1.2 per cent of the fund's capital at 31 December 2025; commitment amount not published (held at 31 December 2025; vintage not stated in the source)
Southern Capital Fund IIB L.P. | 3.4 per cent of the fund's capital at 31 December 2025; commitment amount not published (held at 31 December 2025; vintage not stated in the source)
Crown Global Secondaries IV PLC, V Feeder S.C.Sp and VI Feeder SCSp (LGT Capital Partners) | 2.7 per cent, 3.6 per cent and 3.4 per cent capital share at 31 December 2025 (held at 31 December 2025)
AlpInvest Co-Investment Fund (Lux Feeder) VII and AlpInvest Secondaries Fund (Lux Feeder) VI, VII and VIII | 23.6, 32.8, 12.3 and 5.4 per cent capital share at 31 December 2025 (held at 31 December 2025)",None active. AP6's board was dissolved. AP2's board now decides.,Not applicable.,"AP6 selected funds in-house through a Head of Buyout and a Head of Venture/Growth, and bought third-party multi-manager product from LGT Capital Partners, AlpInvest and Cubera.",,"https://ap2.se/om/om-ap6/
https://ap2.se/wp-content/uploads/2026/02/AP6-Innehavslista_Aktier-och-andelar_2025-12-31.pdf","Read AP2's AP6 page in full, downloaded and parsed AP6's complete holdings list at 31 December 2025 (all 230 lines: funds and co-investments, with capital share) and AP6's Annual Report 2023 in full (the 2024 and 2025 reports are image-only scans with no extractable text, and no OCR tool is installed here, so the 2024 and 2025 figures are outside my reach). Confirmed Southern Capital Group's geography from its own website. Verified that AP6's published geographic breakdown uses only Europe, Other Nordics, Sweden, USA and Global, with no Asia bucket.",4
"Skandia (Livförsäkringsbolaget Skandia, ömsesidigt)",Sweden,Stockholm,"Mutual life insurance company (Solvency II), parent of the Skandia group including Skandiabanken, Skandia Fonder and Skandia Fastigheter; runs Sweden's largest non-valcentral occupational-pension life portfolio",no_asia,"yes - the largest and clearest yes of the five Swedish insurers. A SEK 93bn unlisted-company book, a SEK 43bn undrawn commitment book, a dedicated private equity and infrastructure team, and a stated policy of investing 'främst genom fonder' put a US$50m primary commitment inside the ordinary course.","commits in its own name - Livförsäkringsbolaget Skandia signs its own fund commitments through its in-house kapitalförvaltning. It also runs its own fund-of-funds platform, Thule Fund S.A. SICAV-SIF, a subsidiary of Skandia Fonder AB in which the life company is itself an investor, and offers it to external professional investors.","onoterade bolag were SEK 92,641m, 15.0% of the life portfolio, at 31 December 2025, down from SEK 102,921m and 17.0% a year earlier. Return was -5.8% in 2025 against +15.9% in 2024, and 16.2% a year on average over ten years. Infrastruktur was a further 4.5% of the portfolio, a book Skandia sizes at SEK 28bn. Skandia describes it as 'en av Nordens största portföljer av onoterade bolag'. Group assets under management were about SEK 890bn. https://mb.cision.com/Main/608/4327329/4008800.pdf read 2026-09-19","not disclosed per fund. What is disclosed is the scale of the pipeline. Utfästa investeringar inom private equity/fonder, the undrawn commitment book, was SEK 42,937m at 31 December 2025, down from SEK 49,058m. I: a SEK 43bn undrawn book against a SEK 93bn unlisted portfolio implies per-fund commitments in the hundreds of millions to low billions of SEK, so US$50m (roughly SEK 470m) is a normal-to-small ticket for Skandia. This is inference from the aggregate, not from a published per-fund figure.","Thule Fund S.A., SICAV-SIF (Skandia's own Luxembourg private equity, infrastructure and credit fund-of-funds platform; Skandia's life company invested in 12 of its funds) | SEK 4,348m at 31 December 2025 (SEK 4,172m at 31 Dec 2024); total Thule fund assets SEK 17,297m (SEK 16,926m) (held at 31 December 2025; vintages not stated)","Styrelsen sets the overall placeringsriktlinjer, the ranges for each asset class's share of the portfolio, and other restrictions, and must keep them consistent with the aktsamhetsprincipen. Placeringsutskottet, a board committee of five directors, 'beslutar om den övergripande tillgångsfördelningen (inom de ramar som styrelsen beslutar, och i enlighet med tilldelat riskmandat som beslutas utifrån Skandias solvensriskpolicy) samt utvärderar löpande kapitalförvaltningens resultat och risktagande' and 'fastställer även övergripande förvaltningsstrategier inom och mellan tillgångsslag samt intervall för rebalansering'. The CEO has delegated all his investment powers to the chef för kapitalförvaltningen, who runs the portfolio inside the board's and the Placeringsutskott's frames. An ALM-kommitté sets further risk mandates on the CEO's authority. Portfolio managers with life-portfolio mandates present their management and current market questions to the Placeringsutskott regularly.","F: Placeringsutskottet met 4 times in 2025 (attendance column '4 (4)' for its members). The board met 13 times, four of them per capsulam. Fullmäktige normally meets four times a year.","No external manager-selection consultant or gatekeeper named. Manager selection is in-house; the current Chef Kapitalförvaltning's own background is described as 'Chefsroller inom Skandias kapitalförvaltning för förvaltarval, fonderbjudande samt hållbarhet och ägarstyrning'. A function inside kapitalförvaltningen monitors that individual managers stay within their mandates.","Per Lindgren (Chef Kapitalförvaltning, member of Skandia's koncernledning; born 1971, employed since 1999; chair of Skandia Fonder AB, board member of Skandia Fastigheter Holding AB, member of the Advisory Board of Swedish House of Finance); Frans Lindelöw (Koncernchef och vd; born 1962, employed since 2015); Mårten Andersson (Ordförande, Placeringsutskottet (board committee), appointed at the board meeting of 6 May 2025); Per Nordlander (Styrelseordförande; member of the Placeringsutskott); Stefan Fallgren (Responsible for Skandia's private equity and infrastructure portfolio, taking over from Daniel Winther who left to lead a new Wallenberg investment firm); Jesper Bolander (Assisterande portföljförvaltare, working on the Thule funds (private equity and infrastructure))",https://mb.cision.com/Main/608/4327329/4008800.pdf,"Opened and parsed in full: Skandias årsredovisning 2025, 14,263 text lines from the 14MB Cision PDF (grepped for asien/asia/private equity/fond-i-fond/onoterade and every GP and fund-of-funds house on the target list; read the livportfölj asset allocation, the onoterade bolag and infrastruktur narrative, the totalavkastning table, the marknadsrisk and governance sections, the Bolagsstyrningsrapport including all ten board committees and the 2025 board attendance table, the Koncernledning biographies, note 21 on group companies, the note on åtaganden, the level-3 valuation note and the Thule Fund note). Read the karriar.skandia.se Jesper Bolander profile and the Cision press release of 27 March 2026 announcing the annual report. Could not reach: skandia.se returns HTTP 403 to every automated request (Akamai), so the March 2026 Placeringsutskikter article on private equity, the 'Vi är bäst i Europa inom Private Equity' article and the finansiell information index could not be read. Could not find: any named private equity fund, any named GP, any geographic split of the unlisted book, any per-fund commitment, any Skandia holdings list, and any primary-source confirmation of who currently heads private equity.",4
Tredje AP-fonden (AP3),Sweden,Stockholm,State income-pension buffer fund; took roughly half of AP1's assets on 1 January 2026,signs,"yes - US$50m is AP3's standard single-fund ticket and its last three Axiom Asia commitments were USD 40m, USD 50m and USD 50m.","commits in its own name - AP3 is an independent state authority that selects and signs its own fund commitments and publishes the resulting schedule twice a year. No pool, no fiduciary manager. https://a.storyblok.com/f/257759/x/b625de958c/ap3-private-equity-holdings-june30-2026.pdf","private-equity funds (riskkapitalfonder) were SEK 39,762m of market value at 31 December 2025, 6.9 per cent of fund capital, inside total alternative investments of SEK 152,566m (26.4 per cent) and a total portfolio of SEK 577,060m. https://a.storyblok.com/f/257759/x/f575d56b20/ap3_arsredovisning_2025.pdf","USD 50m is the modal commitment. AP3's 30 June 2026 schedule lists 149 fund commitments; the USD lines cluster at 25, 30 and 50, with 50 by far the most frequent and a top of USD 300m (Covalent, 2024) and USD 100m (Collective Global, Constellation Generation III and IV, Blackstone Strategic Holdings). https://a.storyblok.com/f/257759/x/b625de958c/ap3-private-equity-holdings-june30-2026.pdf","Axiom Asia 6 | USD 50m in 2021
Axiom Asia V | USD 50m in 2018
Pacific Equity Partners VII | AUD 70m in 2025
Pacific Equity Partners VI | AUD 70m in 2020
Axiom Asia IV | USD 40m in 2016
Wilshire Asia Fund VIII | USD 15m in 2008
Pantheon Asia Fund V | USD 15m in 2007
Pantheon Asia Fund IV | USD 15m in 2006
Axiom Asia II | USD 13m in 2009
AlpInvest Co Invest VIII | USD 50m in 2021
Montana Capital Partners OSP III, OSP IV and OSP V | EUR 25m, EUR 40m and EUR 40m (2015, 2017 and 2021)","AP3's board (styrelse), nine members appointed by the government, sets the strategic allocation. The management group is only the CEO, the CIO, the CFO/CRO, the communications head and the HR head, so private-equity fund selection sits with the CIO's investment organisation under delegated authority. Statutory rules cap illiquid assets at 40 per cent of the fund and require illiquid equity to be held indirectly through funds or private-equity firms.","F: 'AP3s styrelse hade sju styrelsemoten, varav sex ordinarie moten och ett per capsulam' in 2025.","No external manager-selection gatekeeper found. AP3 does buy third-party multi-manager product, which is the point: Axiom Asia for pan-Asia, AlpInvest for co-investment, Montana Capital Partners and Newbury for secondaries, RCP Advisors for US lower-mid-market funds-of-funds. Axiom Asia is the direct incumbent competitor.","Staffan Hansén (Verkställande direktör (Chief Executive)); Jonas Thulin (Chief Investment Officer); Christina Lindenius (Ordförande (Chair of the Board), elected 2017); Johan Bygge (Vice ordförande (Deputy Chair), elected 2019; former COO of EQT)","https://a.storyblok.com/f/257759/x/b625de958c/ap3-private-equity-holdings-june30-2026.pdf
https://a.storyblok.com/f/257759/x/f575d56b20/ap3_arsredovisning_2025.pdf","Downloaded and parsed AP3's complete private-equity holdings schedules at 30 June 2026 and 31 December 2025 (all 149 fund lines on each, with currency, total commitment and vintage year) and diffed them: only three lines changed, so the Asia book is stable. Read AP3's Annual Report 2025 in full (3,700 text lines): the alternative-investments return table, the asset-allocation table, the statutory investment rules, the board attendance table, the board and management pages and the glossary. Read ap3.se/om-ap3/organisation-och-ledning. AP3 does not publish the name of a head of private equity; the management group contains no such role.",5
Asga Pensionskasse Genossenschaft,Switzerland,St. Gallen,"Multi-employer pension cooperative (Genossenschaft), open to all sectors, BVG/BVV2 regime",none,"unclear - private equity is a real 2.50% strategic line and Asga is one of the larger Swiss collective foundations, but it publishes no balance sheet figure on any page reachable, and the allocation is currently below target rather than being built out. The ticket cannot be sized from published sources.",commits in its own name - 'die Umsetzung durch den Bereich Kapitalanlagen und dessen interne und externe Portfolio Manager'. No gatekeeper is named.,"private equity was 1.99% of assets against a 2.50% strategic quota at 31 July 2026. Alongside it Asga runs Real Assets at 4.68% against 4.50%, of which Infrastruktur 4.56% and Timber & Agriculture 0.12%, plus a Drawdown Management Portfolio at 3.27%. No total assets figure is published anywhere I could reach, so the private equity book cannot be expressed in Swiss francs. Asga states it manages the retirement savings of over 170,000 active insured. https://www.asga.ch/ueber-asga/kapitalanlagen/ read 2026-09-19","not disclosed. Asga publishes no fund list, no manager list and no commitment sizes.",,"Asga is a cooperative, so the board is a Verwaltungsrat rather than a Stiftungsrat. 'Während beispielsweise die Führung durch den Verwaltungsrat der Asga wahrgenommen wird, erfolgt die Umsetzung durch den Bereich Kapitalanlagen und dessen interne und externe Portfolio Manager. Der Verwaltungsrat gestaltet, überwacht und steuert nachvollziehbar die Anlagetätigkeit.'","Not published. Asset allocation figures on the website are dated to the previous month end, which indicates monthly monitoring.",None named. Asga is a member of the Schweizer Verein für verantwortungsbewusste Kapitalanlagen (SVVK) and requires its external managers to sign the UN Principles for Responsible Investment.,,https://www.asga.ch/ueber-asga/kapitalanlagen/,"Read the Kapitalanlagen page in full, including the Anlageorganisation text, the complete Vermögensaufteilung table at 31 July 2026 with strategic targets, and the Nachhaltigkeitspolitik section. Also opened the Kennzahlen page, the Downloads page and the Nachhaltigkeitsbericht 2025 landing page. Asga publishes no PDF annual report on any page I reached, its Kennzahlen widgets render only in JavaScript and returned zeros to a plain fetch, and the sustainability report is an HTML flipbook with no extractable text. No total assets figure, no funding ratio, no manager list and no committee membership could be established from a primary source.",2
BVK Personalvorsorge des Kantons Zürich (Beamtenversicherungskasse),Switzerland,Zurich,"Public pension (Vorsorgeeinrichtung of the Canton of Zurich, self-standing public-law foundation; supervised by BVG- und Stiftungsaufsicht des Kantons Zürich BVS, since 01.01.2026 ATIOZ)",none,"no — not for an Asia PE fund-of-funds. BVK is large enough in absolute terms (CHF 45.8bn) to write US$50m, but it has no private equity allocation, has not used the Art. 50 Abs. 4 BVV2 extension ('Die BVK hat von der Erweiterung der Anlagemöglichkeiten gemäss Art. 50 Abs. 4 BVV 2 keinen Gebrauch gemacht'), and holds no Art. 53 Abs. 1 lit. e alternative investments at all. There is no line in the 2025 Anlagestrategie a PE fund-of-funds commitment could be booked against.","commits in its own name - BVK Zuerich signs its own mandates and direct co-investment relationships. partly yes — BVK runs liquidity, mortgages, CHF bonds, global government bonds, Swiss direct real estate, Swiss infrastructure and FX hedging as BVK-internal Direktanlagen/Fondsmandate, and reaches global infrastructure through a DIRECT co-investment relationship with CDPQ rather than through a commingled fund-of-funds. That structural preference for direct and Anlagestiftung routes over third-party fund-of-funds is visible in the 31.12.2025 Mandatsträger table. https://bvk.ch/fileadmin/dam/forms/Geschaeftsbericht_Kontext_Update/Geschaeftsbericht_2025.pdf","CHF 0 — BVK has no private equity allocation. Total Vermögensanlagen CHF 45,828,631,338 at 31.12.2025. Its only private-markets equity category is Infrastruktur at CHF 399,269,141 (0.9% actual vs 3% strategy, band 0–6%), a category that did not exist at 31.12.2024 (CHF 0). BVK states in its audited annual accounts: 'Die BVK ist per Bilanzstichtag nicht in Alternative Anlagen gemäss Art. 53 Abs. 1 lit. e BVV 2 investiert.' Source: BVK Geschäftsbericht 2025, sections 6.1–6.4, https://bvk.ch/fileadmin/dam/forms/Geschaeftsbericht_Kontext_Update/Geschaeftsbericht_2025.pdf (read 2026-09-19)","not found — BVK does not disclose per-commitment sizes. Its infrastructure build-out is executed through three routes only (BVK direct for Swiss infrastructure, the Avadis Anlagestiftung for European infrastructure, and a direct co-investment relationship with CDPQ for global infrastructure), not through fund commitments to third-party GPs. Closing the 0.9%-to-3% infrastructure gap implies roughly CHF 1.0bn of new private-markets deployment, but BVK publishes no ticket size.",,"Stiftungsrat is the supreme organ responsible for the investments, sets objectives and principles and commissions periodic ALM studies. The Anlageausschuss prepares every investment-relevant Stiftungsrat decision and itself decides, among other things, on 'die Auswahl und Mandatierung von externen Dienstleistern für die Vermögensbewirtschaftung' — i.e. the Anlageausschuss, not the full Stiftungsrat, appoints external managers. A new Stiftungsrat took office for the term beginning 01.07.2025: president Rolf Curschellas (employer side), vice-president Nicole Schönbächler (employee side). Anlageausschuss from 01.07.2025: Arialdo Pulcini (Präsident), Daniel Dubach (Vizepräsident), Urs Borer, Claudia Frei, Micha Ruflin, Prof. Dr. Felix Uhlmann. Two external specialists sit in an advisory function on the Anlageausschuss: Kurt Ritz (Fachexperte für Immobilienanlagen) and Thomas Stucki (Fachexperte für Kapitalanlagen). Execution sits with the Geschäftsstelle's Asset Management and Real Estate Management departments.","not DISCLOSED — the 2025 Geschäftsbericht gives no meeting count for the Stiftungsrat or the Anlageausschuss. Dated Stiftungsrat resolutions printed in the report (16.06.2025, 02.12.2025 and 27.06.2024) establish at least several meetings a year, which is a floor, not a published cadence. A new Anlagereglement was enacted on 19.11.2024 and the new Anlagestrategie took effect 01.03.2025, replacing the Anlagereglement of 28.09.2020.","PPCmetrics AG, Zürich is BVK's named Investment Controller, listed under section 1.5 'Experte, Revisionsstelle, Aufsichtsbehörde, Berater' of the 2025 Geschäftsbericht — the principal external investment-consulting screen. Other named external parties: Libera AG, Zürich as Experte für berufliche Vorsorge (executing expert Manfred Thalmann); KPMG AG, Zürich as Revisionsstelle; J.P. Morgan (Suisse) SA, Genf as global custodian; CBRE (Zürich) AG and IAZI AG as valuation experts for real estate and infrastructure. There is no appointed private-equity fund-of-funds gatekeeper — no LGT Capital Partners, Partners Group, Unigestion, Adveq/Schroders Capital, Akina, Capital Dynamics, Golding, Pantheon or Alpha Associates appears in the mandate table. Private-markets access is instead routed through two Swiss Anlagestiftungen (Avadis, AFIAA) and a direct CDPQ co-investment relationship.","Marcel Metry (Leiter Asset Management, member of the Geschäftsleitung (lic. oec., MAS Pensionskassenmanagement). The senior investment seat; BVK names no separate private equity or alternatives head because it has no such programme.); Thomas R. Schönbächler (Geschäftsführer und Vorsitzender der Geschäftsleitung (MBA University of Rochester NY, Betriebsökonom FH)); Arialdo Pulcini (Präsident des Anlageausschusses (employee representative on the Stiftungsrat, term from 01.07.2025; also held the Anlageausschuss presidency in the term to 30.06.2025)); Rolf Curschellas (Präsident des Stiftungsrates (employer representative), term from 01.07.2025); Thomas Stucki (Fachexperte für Kapitalanlagen, beratende Funktion im Anlageausschuss (external adviser))",https://bvk.ch/fileadmin/dam/forms/Geschaeftsbericht_Kontext_Update/Geschaeftsbericht_2025.pdf,"Downloaded and text-extracted BVK's full Geschäftsbericht 2025 (2.1 MB PDF, 50 pages, 1,667 lines of layout-preserved text) from bvk.ch and read in full: section 1.4 Stiftungsrat/Geschäftsleitung rosters for both the term to 30.06.2025 and the term from 01.07.2025 including every Anlageausschuss seat; section 1.5 Experte/Revisionsstelle/Aufsichtsbehörde/Berater naming PPCmetrics as Investment Controller; section 6.1 Organisation der Anlagetätigkeit with the Stiftungsrat/Anlageausschuss competence split and the COMPLETE Mandatsträger table per 31.12.2025 (every asset category, sub-category, manager, regulator and implementation style); the 2025 mandate changes (Northern Trust global ABS mandate terminated, CDPQ global infrastructure co-investment mandate newly set up); the Art. 48f BVV2 manager-eligibility confirmation; the explicit Alternative Anlagen statement; section 6.2 on the Art. 50 Abs. 4 BVV2 extension; section 6.3 Wertschwankungsreserve; and section 6.4 the full Vermögensanlage nach Anlagekategorie table at 31.12.2025 and 31.12.2024 with CHF, actual %, strategy % and bands. Grepped the whole text case-insensitively for 'private equity', 'Asien', 'Asia', 'Privatmarkt', 'Anlagekommission': the only hits were the Alternative Anlagen statement and the Kyburg fund names — no Asia mandate, no PE mandate, no Asia allocation. Also ran two web searches on BVK private equity and Asia. Could not open the top1000funds.com BVK profile (HTTP 403). not found and not fabricated: any PE commitment, any Asia vehicle, any ticket size, any committee meeting cadence.",1
Migros-Pensionskasse (MPK),Switzerland,"Schlieren, Zurich","Employer pension foundation of the Migros group, BVG/BVV2 regime, largely internally managed through its own Anlagestiftung AST-MPK",none,"unclear - the legal room exists but the behaviour does not. Aktien Opportunistisch, the sleeve that holds private equity, carries a strategic quota of 0% and a band of 0% to 3%, which is up to about CHF 906m, and the Stiftungsrat has extended the alternatives ceiling to 20% under BVV2 Art 50(4) against 13.9% used. Against that, the whole sleeve had only CHF 34.1m of undrawn commitments across 12 positions at 31 December 2025, so a single US$50m ticket would be larger than the entire current forward programme.",commits in its own name - MPK runs most of the portfolio internally through its own Anlagestiftung AST-MPK and through the Geschäftsstelle. The Anlage-Ausschuss selects asset managers. There is no external pool and no private-markets gatekeeper. 'Der Anlage-Ausschuss wählt die Vermögensverwalter aus und überwacht deren Anlagetätigkeiten.',"no separate private equity figure is published. The Art 53(1)(e) bucket holding private equity, hedge funds and insurance linked securities together was CHF 513.7m at 31 December 2025 against CHF 30,188.5m of total investments, 1.7%. The undrawn commitments in the sleeve that carries it were CHF 34.1m across 12 positions. https://www.mpk.ch/_file/10190/geschaeftsbericht-2025.pdf read 2026-09-19","small. Twelve open commitments with CHF 34.1m undrawn between them averages CHF 2.8m of undrawn per position. Inferred from the Investitionsverpflichtungen note in the 2025 Geschäftsbericht. MPK publishes no per-fund commitment figure, so the original ticket size cannot be read directly. For comparison MPK runs 38 foreign real estate commitments with CHF 293.3m undrawn and 15 infrastructure commitments with CHF 226.8m undrawn, which are the fund's real private-markets programmes.",,"Stiftungsrat (22 members: 11 employee, 10 employer, 1 pensioner) is the top decision body and reserves the Art 50(4) extension decision to itself ('Beschlussfassung über eine Erweiterung der Anlagemöglichkeiten gemäss Art. 50 Abs. 4 BVV2', Anlagereglement). The Anlage-Ausschuss drafts the strategy, sets tactical allocation and benchmarks, and SELECTS THE ASSET MANAGERS. The Leiter Asset Management (CIO) implements. Above the Stiftungsrat sits a 100-member Delegiertenversammlung.",Term of office 2023 to 2026 for both the Stiftungsrat and the Anlage-Ausschuss. The Investment Controller produces monthly return and risk analyses and detailed quarterly reports for the Anlage-Ausschuss and the Stiftungsrat. The Geschäftsbericht does not state a meeting frequency for the Anlage-Ausschuss.,"Complementa Investment-Controlling AG, St. Gallen (Thomas Breitenmoser) is the Investment Controller and securities accountant. Ortec Finance AG, Pfaeffikon SZ (Raymond Hamersma) does the asset-liability advice. Libera AG is the occupational pension expert. Custodians Pictet & Cie, Geneva and UBS AG, Zurich. Auditor Ernst & Young AG. Supervisor BVG- und Stiftungsaufsicht des Kantons Zurich, moving to ATIOZ from 1 January 2026.","Stephan Bereuter (Leiter Asset Management (CIO), Mitglied der Geschäftsleitung, Sitzungsteilnehmer im Anlage-Ausschuss); Christoph Ryter (Geschäftsleiter); Martin Lutz (Vorsitzender des Anlage-Ausschusses (employer representative on the Stiftungsrat), term 2023 to 2026); Marcel Gähwiler (Mitglied des Anlage-Ausschusses (employee representative)); Reto Schär (Leiter Immobilien Schweiz, Mitglied der Geschäftsleitung)",https://www.mpk.ch/_file/10190/geschaeftsbericht-2025.pdf,"Downloaded and text-extracted the Geschäftsbericht 2025 (German) and the Anlagereglement including all five annexes. Read the BVV2 limits table, the Art 50(4) extension section, the disclosure of alternative investment types, the full asset-category structure table with strategy and bands, the Investitionsverpflichtungen note, the Art 48f asset-manager authorisation table, the cost transparency section, the Anlage-Ausschuss membership and the Geschäftsleitung list. Grepped for Private Equity, alternativ, Erweiterung, Art. 50, Kategoriebegrenzung, Crown, LGT, Partners Group, Unigestion, Adveq, Schroders, Pantheon, HarbourVest, Asien, Schwellenländer, Emerging Markets, Kostentransparenz and Kapitalzusage. Found no external private equity manager named anywhere.",2
Nest Sammelstiftung,Switzerland,Zurich,"Sustainability-focused multi-employer collective foundation (Sammelstiftung), BVG/BVV2 regime",moved,"no - US$50m is about CHF 40m, which is 16% of the entire CHF 251.9m private equity book and 38% of all open commitments across four private asset classes. Private equity is also being reduced, from 7.8% to 5.9% over 2025 against a 7.0% target. A ticket of that size is out of scale for a CHF 4.7bn foundation.","gatekeeper selects - Nest does not pick private equity funds itself. It holds the asset class through GCM Grosvenor and Unigestion, with Verve Capital Partners advising on the Swiss venture sleeve. An approach to Nest is in substance an approach to Grosvenor or Unigestion.","CHF 272.8m private equity, 5.9% of CHF 4,619.3m of financial investments at 31 December 2025, against a 7.0% target and a 4.0% to 10.0% band. Down from CHF 336.4m and 7.8% a year earlier. Private Equity and Infrastruktur together were CHF 315.8m. Total alternatives CHF 565.0m or 12.2%, inside the 15% BVV2 cap. Total assets CHF 4,688.7m, funding ratio 112.8%. https://www.nest-info.ch/fileadmin/userdaten/bilder/07_service_center/Publikationen_DE/Nest_GB25_DE_final.pdf read 2026-09-19","small, in the single-digit to low-double-digit millions of Swiss francs. Total open commitments across private equity, infrastructure, private debt and insurance linked securities were CHF 104.9m at 31 December 2025, and the three individually named Grosvenor vehicles carry market values of CHF 1.3m, CHF 3.3m and CHF 4.0m. Inferred from the open-commitments note and the non-transparent-investments table, which are the only per-vehicle figures Nest publishes.","Grosvenor Capital Management CAV UK Abruni Limited; Grosvenor Capital Management Project Emerald Jacmel; Grosvenor Capital Management Project Jaguar Co-Investment | CHF 1,263,991, CHF 3,298,929 and CHF 3,964,018 market value at 31 December 2025. These are the three Grosvenor vehicles Nest must name publicly because they carry no audited TER. (held at 31 December 2025)",Stiftungsrat owns the investment policy and strategy. The Anlagekommission owns implementation of the strategy. The Bereichsleitung Anlagen executes. A Delegiertenversammlung has a consultative say. The Anlagekommission has five voting members plus the Geschäftsführer and the Bereichsleiter Anlagen in an advisory capacity.,"Not stated in the Geschäftsbericht 2025. Anlagekommission fees of CHF 107,096 were paid to five members in 2025, against CHF 143,388 in 2024. The investment strategy in force dates from 1 January 2023.","PPCmetrics AG, Zurich is the Investment Controller. Verve Capital Partners AG, Zurich advises on Swiss venture private equity. Cambridge Associates AG, Zurich advises on private debt and sits alongside ILS. GCM Grosvenor and Unigestion are the private equity and infrastructure managers. Global custodian UBS Schweiz AG. Single-investor fund 'Nest Futura Umbrella Fund', fund management UBS Fondsmanagement (Schweiz) AG. Sustainability adviser Inrate AG.","Marc Novara (Bereichsleiter Anlagen, Mitglied der Geschäftsleitung, advisory member of the Anlagekommission); Saoirse Jones (Präsidentin der Anlagekommission); Gerold Borrmann (Geschäftsführer, advisory member of the Anlagekommission); Florian Bitsch (Mitglied der Anlagekommission); Jacqueline Henn (Mitglied der Anlagekommission und des Stiftungsrats)",https://www.nest-info.ch/fileadmin/userdaten/bilder/07_service_center/Publikationen_DE/Nest_GB25_DE_final.pdf,"Downloaded and text-extracted the Geschäftsbericht 2025 and the Nachhaltigkeitsbericht 2025, both German. Read the full asset-category table with BVV2 limits, the alternatives commentary, the private equity and infrastructure detail table, the open-commitments note, the cost-transparency section including the named non-transparent investments, the full adviser and asset-manager lists, the Anlagekommission membership and the governance table. Grepped both for Private Equity, alternativ, Erweiterung, Art. 50, Kategoriebegrenzung, Crown, LGT, Partners Group, Unigestion, Adveq, Pantheon, HarbourVest, Asien, Asia, Schwellenländer, Emerging Markets, responsAbility, BlueOrchard, SIFEM, Obviam, Impact and Kostentransparenz. Nest publishes no fund-by-fund private equity schedule beyond the three non-transparent vehicles it is required to name.",2
Pensionskasse Post,Switzerland,Bern,"Privatrechtliche Gemeinschaftsstiftung, the pension fund of Swiss Post, BVG/BVV2 regime",none,"no - the fund has no private equity category in its strategy, its alternatives band runs 4.5% to 24.0% but the BVV2 column caps the category at 15.0% and it was already at 15.9% at 31 December 2025 with remedial measures taken in early 2026, and its foreign-currency exposure is capped at 12.5% of total assets by its own strategy. Adding an unhedgeable US-dollar Asia private equity fund cuts against both constraints.","commits in its own name - the Anlageausschuss awards mandates and approves contracts, the Vermögensverwaltung team proposes them. 'verantwortet die Mandatsvergabe und genehmigt deren Benchmarks' (Anlagereglement Art 7c). Swiss real estate and infrastructure are held through Anlagestiftungen, which is the collective-vehicle route this fund prefers.","none. Private equity is not a category in the Pensionskasse Post investment strategy. Alternative Anlagen were CHF 2,860.8m or 15.9% of CHF 18,005.5m at 31 December 2025, split Hedgefunds CHF 584.7m, Rohstoffe CHF 432.7m, Edelmetalle CHF 1,131.1m, Infrastruktur CHF 712.3m. There is no private equity line. https://www.pkpost.ch/images/pensionskasse-de/download/geschaeftsberichte/GB-2025-de.pdf","not applicable. No private equity programme exists, so no private equity ticket can be evidenced.",,"Stiftungsrat carries overall responsibility and fixes the asset categories, sub-categories, bands and benchmarks in Anhang 1 of the Anlagereglement. The Anlageausschuss (4 to 7 members, at least 2 from the Stiftungsrat, parity employer and employee) proposes the strategy to the Stiftungsrat, awards and approves mandates, and appoints the investment controller and custodian. The Geschäftsführerin and the Leiter Vermögensverwaltung attend in an advisory capacity.","F: 'Der AA tritt auf Einladung seines Präsidiums periodisch, mindestens jedoch einmal pro Quartal, oder auf Antrag eines Mitgliedes, zusammen.' (Anlagereglement Art 6(5), in force 1 January 2026).","PPCmetrics AG, Financial Consulting, Zurich is the Externer Anlageexperte and Investment Controller. Global custodian UBS Switzerland AG, Zurich. Occupational pension expert Deprez Experten AG. Auditor PricewaterhouseCoopers AG, Bern. Supervisor Bernische BVG- und Stiftungsaufsicht.","Françoise Bruderer Thom (Geschäftsführerin); Thomas Inderwildi (Leiter Vermögensverwaltung, Mitglied der Geschäftsleitung); Heinrich Stoffel (Stv. Leiter Vermögensverwaltung); Marc Bonfils (Präsident des Anlageausschusses; Leiter Tresorerie PostFinance AG); Rolf Hasler (Mitglied des Anlageausschusses; Leiter Konzerntresorerie, Die Schweizerische Post AG)",https://www.pkpost.ch/images/pensionskasse-de/download/anlagereglement/Anlagereglement-20260519.pdf,"Downloaded and text-extracted the Geschäftsbericht 2025 and 2024 (German) and the Anlagereglement adopted 25 November 2025 in force 1 January 2026, including Anhang 1 with the full strategy table and BVV2 column. Read the full Vermögensverwaltungsmandate table and the Anteile an Anlagestiftungen, Fonds und Limited Partnerships table, which name every manager. Grepped all three for Private Equity, Privatmarkt, alternative Anlagen, Erweiterung, Art. 50, Kategoriebegrenzung, Crown, LGT, Partners Group, Unigestion, Adveq, Schroders, Pantheon, HarbourVest, Asien, Schwellenländer, Emerging Markets, Kostentransparenz and Kapitalzusage. The string 'Private Equity' appears once in the 2025 report and once only, describing the sale of a former group subsidiary to a private equity firm. It appears nowhere in the 2024 report.",1
Pensionskasse SBB,Switzerland,Bern,"Employer pension fund (Vorsorgeeinrichtung) of Swiss Federal Railways, BVG/BVV2 regime",none,"yes - CHF 605.9m of undrawn private equity commitments at 31 December 2025 against a CHF 19.2bn fund. A US$50m ticket is about 0.23% of total assets and about 4.7% of the PE book, well inside BVV2 Art 56(3)(b) and Art 54a.","commits in its own name - the PK SBB Asset Management team runs a three-person Manager Selektion unit in-house and the investment decision sits with its own Investment Komitee Manager Selektion. There is no pool and no external gatekeeper. 'Für den Investitionsentscheid der PK SBB ist das Investment Komitee Manager Selektion verantwortlich, das sich aus Mitarbeitern des Asset Management und der Geschäftsleitung zusammensetzt.' https://www.pksbb.ch/de/anlagen/manager-selektion","CHF 1,060m private equity at 31 December 2025, 5.5% of CHF 19,244m total investments, strategic target 5.5%. On top of that CHF 605.9m of undrawn capital commitments at the same date, so the committed programme is roughly CHF 1.67bn. https://www.pksbb.ch/images/downloads/2-geschaeftsgang/Geschaeftsbericht_2025_DEU.pdf read 2026-09-19. Total assets CHF 19.6bn and funding ratio 115.3% at 31 August 2026. https://www.pksbb.ch/de/anlagen/kennzahlen-anlagen","not published. CHF 605.9m of undrawn commitments against a CHF 1,060m NAV implies a large and accelerating commitment pace. Inferred from the Kapitalzusagen table and the PE NAV in the 2025 Geschäftsbericht, not from any disclosed per-fund figure. PK SBB publishes no fund-by-fund private equity schedule in any Geschäftsbericht from 2018 to 2025.",,"Investment Komitee Manager Selektion (Asset Management staff plus Geschäftsleitung) takes the manager investment decision. The Anlagekommission oversees the award process and has a right of refusal in the selection procedure; the Stiftungsrat (12 members, half employer half employee) sets the asset-class strategy and the Anlagekommission sets the category weights. Selection analysis is done by a three-person in-house Manager Selektion team using the IPE-Quest platform for public mandate searches.",F: 'Die Anlagekommission tritt mindestens quartalsweise zusammen.' (Organisationsreglement Art 8). The ALM basis and the investment strategy are reviewed at least every three years.,"Investment Controlling is ECOFIN Investment Consulting AG, Zurich (Christian Fitze). No private-markets gatekeeper. External help is used only for legal and operational due diligence. Custodians J.P. Morgan (Suisse) SA Geneva and UBS (Schweiz) AG. Single-investor fund 'Gotthard', fund management UBS Fund Management (Switzerland) AG.","Dominik Irniger (Mitglied der Geschäftsleitung, Leiter Asset Management); Iwan Lanz (Geschäftsführer); Robert Eigenheer (Präsident der Anlagekommission, Mitglied des Stiftungsrats (employer side)); Markus Jordi (Präsident des Stiftungsrats); Christina Böck (externes Mitglied der Anlagekommission)",https://www.pksbb.ch/de/anlagen/manager-selektion,"Downloaded and text-extracted the Geschäftsberichte 2018, 2019, 2020, 2022, 2024 and 2025 (German), the Anlagereglement in force from 1 October 2024, the Organisationsreglement and the Nachhaltigkeitsbericht 2025/26. Grepped every one for Private Equity, alternative Anlagen, Erweiterung, Art. 50, Kategoriebegrenzung, Crown, LGT, Partners Group, Unigestion, Adveq, Akina, Capital Dynamics, Alpha Associates, Pantheon, HarbourVest, StepStone, Asien, Asia, Schwellenländer and Emerging Markets. Read the pksbb.ch pages for Manager Selektion, Vermögen, Kennzahlen Anlagen and Festlegung der Anlagestrategie. The Private Equity International institution profile and the PitchBook LP profile are paywalled and were not used. top1000funds.com returned HTTP 403 to automated fetch.",2
Pensionskasse Stadt Zürich (PKZH),Switzerland,Zurich,"Public-employer pension foundation for the City of Zurich and affiliated employers, BVG/BVV2 regime",none,"no - the programme is large enough in total but it is deliberately spread over more than 260 funds, so an average position is around CHF 11m. A US$50m single ticket would be four to five times PKZH's normal position size, and private equity is above its 7.0% target and was cut from 10.0% to 8.7% during 2025.","commits in its own name, with the buy decision usually delegated - 'So wird beispielsweise der Entscheid über Kauf und Verkauf von Wertschriften oder anderen Anlageformen (z.B. Fonds oder Limited Partnerships) grundsätzlich externen Spezialisten (sog. «Vermögensverwaltungen») übertragen. Diese Mandate werden grundsätzlich auf diskretionärer Basis vergeben, können ausnahmsweise aber auch als Beratungsmandate ausgestaltet sein mit Investitionsentscheid durch die Anlagekommission.' For private equity the external specialists named are Adams Street Partners, Anlagestiftung Testina, Avadis Anlagestiftung and Future Standard.","CHF 2,067m private equity, 8.7% of CHF 23,810m of financial assets at 31 December 2025, plus CHF 837.7m of undrawn commitments. The Anlagereglement in force from 1 January 2026 sets private equity at a 7.0% strategic target with a 4.0% floor and a 12.0% ceiling. Total assets CHF 23,829m, funding ratio 123.6%, value fluctuation reserve fully funded at CHF 4,211.1m. Alternatives in total were 16.3% against a 16.0% target. https://www.pkzh.ch/content/dam/pkzh/de/04-ueber-uns/04-geschaeftsberichte/PKZH_GB_2025.pdf and https://www.pkzh.ch/content/dam/pkzh/de/04-ueber-uns/05-reglemente/SO-110_PKZH_Anlagereglement.pdf read 2026-09-19","roughly CHF 8m to CHF 12m per fund on average. CHF 2,067m of market value plus CHF 837.7m undrawn, spread over more than 260 private equity funds, is about CHF 11m per fund. Inferred by dividing the published private equity book by the published fund count, which PKZH itself states. No per-fund commitment is published.",,"Stiftungsrat of 18, nine employee and nine employer representatives, sets the strategy. The Anlagekommission is the operating body. 'Die Anlagekommission ist formell und materiell das Führungsorgan für die Umsetzung des durch den Stiftungsrat festgelegten Konzepts zur Anlagestrategie.' It has six voting members plus an external advisory member and a secretariat. It also decides on any BVV2 Art 50(4) extension by itself. 'Über Erweiterungen entscheidet die Anlagekommission.'","'Die Anlagekommission trifft sich regelmässig.' It reports to the Stiftungsrat twice a year on implementation. The Stiftungsausschuss and the Anlagekommission discuss the ALM study together once a year. An independent investment controller reports to both bodies. The Anlagekommission president is paid CHF 60,000 a year, other members CHF 30,000, which is more than the Stiftungsrat presidency at CHF 24,000.","Strategy advice from ECOFIN Investment Consulting AG, Zurich. Private equity and private debt advice from an individual, Peter Schwanitz, Cologne, Germany. Advisory member of the Anlagekommission Dr Michael Theurillat, Siebnen. Real estate advice from Dr Stefan Fahrländer of Fahrländer Partner Raumentwicklung AG. Insurance-linked securities from Cambridge Associates and Albourne Partners. Global custody Banque Pictet & Cie SA. PKZH claws back all retrocessions from its custodian, managers and issuers.","Dr. Jürg Tobler (Leiter Vermögensanlagen and deputy chair of the Geschäftsleitung); Ivana Reiss (Präsidentin der Anlagekommission, employer representative, City of Zurich); Dr. Stephan Wild-Eck (Vizepräsident der Anlagekommission, employee representative); Peter Schwanitz (external adviser to PKZH on Private Equity und Private Debt, based in Cologne, Germany); Andreas Uhl (external voting member of the Anlagekommission); Helga Portmann (Leiterin Vorsorge and chair of the Geschäftsleitung)",https://www.pkzh.ch/content/dam/pkzh/de/04-ueber-uns/05-reglemente/SO-110_PKZH_Anlagereglement.pdf,"Downloaded and text-extracted the Geschäftsbericht 2025 and the Anlagereglement SO-110. Read the full asset table with strategic allocations and bands, the Art 50(4) extension annex 6.2, the undrawn commitments table 6.6, the complete adviser and asset-manager lists, the Anlagekommission membership and fee schedule, the cost-transparency note and the investment-organisation article of the Anlagereglement. Searched both for Private Equity, alternativ, Erweiterung, Art. 50, Kategorienbegrenzung, Bandbreite, Asien, Asia, Emerging, Schwellenländer, Crown, LGT, Partners Group, Unigestion, Adveq, Schroders, Akina, Capital Dynamics, Alpha Associates, PPCmetrics, Complementa, c-alm, Kapitalzusage and Kostentransparenz. PKZH publishes no list of its 260-plus private equity funds and no regional split of the private equity book.",2
Pensionskasse des Bundes PUBLICA,Switzerland,Bern,"Public pension (Swiss federal civil service; Sammeleinrichtung under public law, supervised by the Bernische BVG- und Stiftungsaufsicht BBSA)",none,"no — PUBLICA runs no private equity allocation at all; the phrase 'private equity' appears zero times in the full text of its 2025 Geschäftsbericht (a case-insensitive search of the 4,043-line extract), so there is no budget line from which a US$50m Asia PE fund-of-funds commitment could be funded.","commits in its own name, through external manager mandates - PUBLICA signs mandate agreements with named external managers (each carries a dated Anlageausschuss approval in the Vermoegensverwalter table) rather than buying a commingled fund-of-funds. no — PUBLICA is not an in-house-first direct private-markets investor; it buys private infrastructure equity through four EXTERNAL manager mandates (Macquarie, BlackRock France, JP Morgan AM Europe, ONE Fund Management), all classified Anlagestil 'Infrastrukturfonds', and its cost table separates 'Externe Vermögensverwalter Wertschriften' from 'Interne Vermögensverwalter Wertschriften'. The binding constraint on Pavilion is the absence of a PE asset class, not an in-house preference. https://publica.rokka.io/dynamic/noop/d64916ba26a89217e0578498e4e1df008d9e4eed/publica-geschaftsbericht-2025-de-web-1.pdf","CHF 0 — PUBLICA has no private equity asset class. Total investment assets CHF 42,559m at 31.12.2025. Its only private-markets EQUITY line is 'Private Infrastrukturanlagen' at CHF 544m (1.3% actual vs 1.4% pro-rata strategy, band 0.7–2.1%); the three other private lines are DEBT: Private Unternehmensfinanzierungen CHF 1,075m (2.5%), Private Infrastrukturfinanzierungen CHF 1,214m (2.9%), Private Immobilienfinanzierungen CHF 1,118m (2.6%). As of 31.12.2025. Source: Geschäftsbericht 2025, Vermögensanlagen/Allokation per 31.12.2025 table, https://publica.rokka.io/dynamic/noop/d64916ba26a89217e0578498e4e1df008d9e4eed/publica-geschaftsbericht-2025-de-web-1.pdf (read 2026-09-19)","Not applicable for private equity — no PE programme exists. Private-markets exposure is bought as pooled infrastructure funds under four external manager mandates rather than as individual GP commitments; the Vermögensverwalter table prints mandate, regulator, benchmark, Anlagestil and approval date but no ticket size. not found: any per-fund commitment size disclosure in the 2025 Geschäftsbericht.",,"Kassenkommission (16 members, paritätisch: 8 employee + 8 employer representatives) is the supreme strategic organ and sets the Anlagestrategie; it delegates investment matters to the standing Anlageausschuss. Anlageausschuss president since 01.07.2018 is Matthias Weber, who has held the role as an EXTERNAL Anlageexperte since 01.07.2025 and is therefore no longer a Kassenkommission member. Kassenkommission-appointed Anlageausschuss members: Juliette Noto, Mattia Mandaglio, Martin Tschirren, Valentin Lagger. Further external Anlageexperten: Roman Denkinger and Andreas Loepfe. The Direktor a.i. and the Leiter Asset Management attend with an advisory vote ('nehmen mit beratender Stimme an den Sitzungen teil'). Kassenkommission president Nicolas Schmidt (employee side), vice-president Kaspar Müller (employer side); new four-year term started 01.07.2025 with seven new members.",Kassenkommission met NINE times in 2025; the Anlageausschuss and the Audit Committee each met SIX times; the Ausschuss Vorsorgepolitik und Recht five times. Verbatim: 'Im Berichtsjahr fanden neun Sitzungen der Kassenkommission statt. Der Anlageausschuss sowie das Audit Committee tagten sechsmal und der Ausschuss Vorsorgepolitik und Recht fünfmal.',"no external fund-of-funds gatekeeper and no named investment consultant (PPCmetrics / Complementa / c-alm / Mercer / WTW) appears anywhere in the 2025 Geschäftsbericht. The functional screen is the internal Anlageausschuss advised by three named external Anlageexperten (Matthias Weber, Roman Denkinger, Andreas Loepfe). Manager selection is executed as dated mandate approvals — the Vermögensverwalter table prints an approval date per mandate (e.g. ONE Fund Management S.A., 10.09.2024).","Sandro Doudin (Leiter Asset Management (Geschäftsleitung member per 31.12.2025; took over Asset Management from Stefan Beiner during 2025; came from the Versorgungsanstalt des Bundes und der Länder, Karlsruhe, where he was responsible for Anlagestrategie, Kapitalanlagecontrolling and Nachhaltigkeit). Closest thing PUBLICA has to a private-markets seat; there is no separately named private equity or alternatives head.); Matthias Weber (Präsident des Anlageausschusses since 01.07.2018; holds the role as an external Anlageexperte since 01.07.2025 and is no longer a Kassenkommission member); Emmanuel Vauclair (Direktor von PUBLICA, appointed by the Kassenkommission to succeed Doris Bianchi, taking office 01.05.2026 (previously Geschäftsführer of the Pensionskasse SRG SSR since 2016). Start date read from the appointment media release; NOT independently re-confirmed as seated on 2026-09-19.); Markus Zaugg (Direktor a.i., Leiter Ressourcen (per 31.12.2025)); Nicolas Schmidt (Präsident der Kassenkommission (employee representative), new term from 01.07.2025)",https://publica.rokka.io/dynamic/noop/d64916ba26a89217e0578498e4e1df008d9e4eed/publica-geschaftsbericht-2025-de-web-1.pdf,"Downloaded and text-extracted the full PUBLICA Geschäftsbericht 2025 (8.5 MB PDF, 4,043 lines of layout-preserved text) from publica.rokka.io and read: the long-term Anlagestrategie chart by asset class per 31.12.2025 for both the offene and the geschlossenes Vorsorgewerk; the full Vermögensanlagen/Allokation table per 31.12.2025 with CHF amounts, actual %, strategy %, minimum and maximum bands; the complete Vermögensverwalter mandate tables including the Private Infrastrukturanlagen and Immobilienanlagen International mandates with regulator, benchmark, Anlagestil and approval date per mandate; the Corporate Governance section covering the Kassenkommission and the Anlageausschuss including 2025 meeting counts and named members; the Geschäftsleitung roster per 31.12.2025; and the Vermögensverwaltungsaufwand breakdown. Ran a case-insensitive grep for 'private equity' over the whole extract: 0 hits. Grepped 'Asien' and 'Asia': no Asia-specific mandate, allocation or manager. Also fetched https://www.publica.ch/de/anlagestrategie (confirms the strategy revision effective 01.07.2026 adds Mittelstandsfinanzierungen — mid-market LENDING — and raises Immobilien Schweiz from 9% to 12%; no PE added) and the PUBLICA media release on the Vauclair appointment. not found and not fabricated: any PE commitment, any Asia fund or Asia FoF, any external gatekeeper or consultant relationship, any per-commitment ticket size.",1
Previs Vorsorge,Switzerland,Bern (Brückfeldstrasse 16),"Multi-employer collective foundation (Sammelstiftung), privatrechtlich and teilautonom, open to all sectors, BVG/BVV2 regime",none,"no - Previs's own investment regulation confines its private equity to strategic stakes in business counterparties. A pan-Asia private equity fund-of-funds does not fit the stated purpose, and on a CHF 7.5bn balance sheet US$50m would be most of a full alternatives sub-allocation.","commits in its own name through collective vehicles - the alternatives universe is written as Kollektivanlagen, Fonds, ETF and strukturierte Produkte, and anything outside a collective vehicle needs a Stiftungsrat resolution.","there is no private equity fund programme. Previs runs four investment strategies named Previs-20, Previs-30, Previs-40 and Previs-50 after their cumulative equity quota. Alternative Anlagen carry a strategic quota of 9%, 10%, 12% and more across those strategies, with bands running from 1% to 15% against the BVV2 cap of 15%. Private equity is inside that bucket only as a permitted category, and any direct private equity investment is restricted to strategic stakes in companies Previs does business with. Bilanzsumme CHF 7.5bn at 31 December 2025 against CHF 7.1bn a year earlier. https://www.previs.ch/wp-content/uploads/2025/04/2025_Anlagereglement_DE_310325_3.pdf and https://www.previs.ch/ueber-uns/kennzahlen/kennzahlen-stiftung/ read 2026-09-19",not disclosed. Previs publishes no fund-level information and holds alternatives through collective vehicles.,,"Stiftungsrat approves the strategic asset allocation, the Geschäftsleitung drafts it. An Anlageausschuss oversees implementation and sets tactical bands inside the strategic bands for each investment strategy. Leitung Vermögensanlagen executes. Any private equity investment outside a collective vehicle requires a Stiftungsrat resolution.",Risk controlling reports to the Anlageausschuss and the Geschäftsführung quarterly. Managers report to the Anlageausschuss verbally when required. The current strategic asset allocation was resolved on 3 December 2021 and took effect on 1 January 2022. The alternatives annex was last amended on 28 January 2019.,An unnamed 'Strategische externe Beratung Vermögensanlagen' supports the Anlageausschuss and the Geschäftsführung on strategic investment questions and accompanies the committee with recommendations. A recognised external party also supplies recommendations that the Anlageausschuss must formally override by Zirkulationsbeschluss if it wants to depart from them. Neither is named in the Anlagereglement.,,https://www.previs.ch/wp-content/uploads/2025/04/2025_Anlagereglement_DE_310325_3.pdf,"Downloaded and text-extracted the Anlagereglement in force from 2025, forty-six pages, and read the Kennzahlen Stiftung page. Read Anhang 1 with the four strategic asset allocations and their BVV2 columns, Anhang 2 with the Art 50(4) extension and its full reasoning, and Anhang 6.8 which is the alternatives investment universe. Searched for Private Equity, alternativ, Erweiterung, Art. 50, Bandbreite, Anlageausschuss, Infrastruktur and Schwellenländer. Previs publishes no manager list, no consultant name and no holdings. The 2024 and 2025 Geschäftsberichte were not on the downloads page in PDF form, which only carried 2021, 2022 and 2023.",1
Swiss Life (Swiss Life Asset Managers — insurance general account plus third-party business),Switzerland,Zurich,Life insurer and asset manager,none,"no — a USD 50m (about CHF 40m) commitment would be roughly a quarter of Swiss Life's entire group-wide unfunded alternatives pipeline of CHF 156m at 31 December 2025, and the alternatives book itself fell 25% year-on-year. Swiss Life's Swiss insurance portfolio is 47% fixed income and 28% real estate with no disclosed private equity sleeve (https://www.swisslife.com/content/dam/com_rel/dokumente/fy_results/fy_2025_publish_15_april/Swiss_Life_Full-year_results_2025_Annual_Report_EN.pdf, read 2026-09-19).","its captive manager signs - Swiss Life Asset Managers runs the general account and the third-party business, with stated strengths in real assets rather than private equity. yes in practice — Swiss Life Asset Managers' stated strength is real assets, not private equity: 'Swiss Life Asset Managers provides Swiss Life with a fast-growing asset management business for institutional investors, with particular strengths in the area of real assets.' Its 2025 product launches were all real estate and infrastructure (Clean Energy Infrastructure Switzerland 3, Privado, Swiss real-estate investment groups). The sustainability report's own PRI-by-asset-class matrix leaves the 'Private equity' row entirely blank, which is consistent with a de minimis internal PE programme. Source: https://www.swisslife.com/content/dam/com_rel/dokumente/fy_results/fy_2025_publish_15_april/Swiss_Life_Full-year_results_2025_Annual_Report_EN.pdf (read 2026-09-19).","No standalone private equity figure is published. 'Alternative investments' (which Swiss Life defines to include hedge funds of funds, private equity and infrastructure equity) were CHF 2,524m at 31 December 2025 within CHF 164,334m of investments underlying direct participating insurance contracts (2024: CHF 3,367m — a fall of 25%). Unfunded 'capital commitments for alternative investments' were CHF 156m at 31 December 2025 (2024: CHF 162m), described as 'unfunded commitments to make investments in direct private equity, private equity funds, infrastructure and hedge funds'. Swiss Life Asset Managers' total AUM was CHF 288bn at year-end 2025, of which CHF 143bn insurance assets and CHF 146bn third-party.","Not disclosed. I: with CHF 156m of TOTAL unfunded commitments across direct PE, PE funds, infrastructure and hedge funds at group level, the implied per-fund ticket is in the low tens of CHF millions at most.",,"Investment and Risk Committee of the Board of Directors of Swiss Life Holding. Chairman: Thomas Buess; members Damir Filipovic, Stefan Loacker, Severin Moser, Henry Peter, Martin Schmid (as of the 2025 Annual Report). Its remit: 'determining the investment policy... verifying compliance with guidelines on investments... In addition, the Investment and Risk Committee is responsible for making decisions on investments above a certain amount.' The Group CIO, Group CFO and Group CRO attend in an advisory capacity.","Meets at least six times a year; nine meetings were held in 2025, each about two hours. The committee is to be reconstituted after the AGM of 7 May 2026 with Thomas Buess as Chairman and Monika Butler, Damir Filipovic, Patrick Frost, Stefan Loacker and Martin Schmid as members.",None named in the 2025 Annual Report. Swiss Life Asset Managers manages the insurance assets itself.,"Per Erikson (Group Chief Investment Officer (Group CIO), member of the Corporate Executive Board since 1 April 2025. Career is fixed income and real estate: Head Corporate Bonds, CIO Germany 2015-2018, CEO Swiss Life Asset Managers Germany 2020-2023, responsible for the real estate business 2023-2025.); Thomas Buess (Chairman, Investment and Risk Committee of the Board of Directors of Swiss Life Holding); Not established (Swiss Life publishes no Head of Private Equity or Head of Private Assets. No such seat could be confirmed from the Annual Report 2025.)",https://www.swisslife.com/content/dam/com_rel/dokumente/fy_results/fy_2025_publish_15_april/Swiss_Life_Full-year_results_2025_Annual_Report_EN.pdf,"Read in full text: Swiss Life Annual Report 2025 (23,213 extracted lines, published 15 April 2026), including the Asset Managers segment report, the full Corporate Governance chapter, note 26 (fair-value hierarchy, alternative investments), note 28 (guarantees and commitments), the investments-underlying-participating-contracts note and the sustainability report's PRI-by-asset-class matrix. Grepped for 'private equity', 'Privatmarkt', 'alternative investment', 'asset allocation', 'Asia', 'Investment Committee'. not reached: the separate Swiss Life Asset Managers third-party product literature and any Swiss Life Private Equity Partners vehicle listed on PitchBook — the web-search quota for this session was exhausted before those could be swept, and swisslife.com's investor pages return HTTP 403 to non-browser clients. Nothing in the primary report suggests an Asia private equity position exists.",1
Swiss Re (Group Asset Management; Swiss Re Principal Investments),Switzerland,Zurich,Reinsurer (general account),none,"yes — a USD 3,747m private equity fund portfolio at 31 December 2025 makes a USD 50m ticket roughly 1.3% of the book, an unremarkable size (https://www.swissre.com/dam/jcr:a7e9dca5-1911-404d-bc9d-a8875ca7cab9/2025-annual-report.pdf, read 2026-09-19).","commits in its own name - Swiss Re Group Asset Management signs LP interests directly; Swiss Re Principal Investments Company Asia Pte. Ltd., Singapore, is the in-house direct-investment route in Asia. partly — Swiss Re holds private equity two ways and they must not be confused. (1) Fund LP interests: USD 3,747m at 31 Dec 2025, explicitly 'ownership of the limited partner interests' in third-party closed-end funds, so third-party funds are bought. (2) Direct and principal investments: Swiss Re owns Swiss Re Principal Investments Company Asia Pte. Ltd., Singapore (100%-owned, USD 0.1m share capital, listed in the Annual Report 2025 subsidiary schedule) — an in-house Asian direct-investment vehicle that is a structural alternative to buying a pan-Asia fund-of-funds. Swiss Re also sold its own fund-of-funds arm to BlackRock in 2012 and committed future capital to BlackRock's platform, which is the closest thing to an outsourced gatekeeper on record. Source: https://www.swissre.com/dam/jcr:a7e9dca5-1911-404d-bc9d-a8875ca7cab9/2025-annual-report.pdf and https://ir.blackrock.com/news-and-events/press-releases/press-releases-details/2012/BlackRock-to-Acquire-Swiss-Re-Private-Equity-Partners-AG-Announces-Strategic-Alternative-Investment-Partnership-with-Swiss-Re-Enhances-Private-Equity-Fund-of-Funds-Capabilities-Deepens-Presence-in-Switzerland/default.aspx (read 2026-09-19).","USD 3,747m of private equity funds at 31 December 2025 (2024: USD 3,513m), inside USD 9,672m of 'other invested assets' and USD 108,750m total investments — Swiss Re Annual Report 2025, financial assets by measurement category. Unfunded commitments are acknowledged but not quantified: 'The Group also has unfunded capital commitments in its private equity and hedge fund investments'.","Not disclosed in any Swiss Re document read. I: on a USD 3.7bn PE fund book, single-fund tickets of USD 50-150m are the arithmetically ordinary size; Swiss Re publishes no commitment schedule to confirm this.",,"There is no board Investment Committee at Swiss Re. The Board's Risk Committee carries the investment remit: 'The Risk Committee also oversees asset management activities and as such endorses the Long-term Strategic Asset Allocation (SAA), is informed of portfolio positioning decisions and reviews the performance of all financial assets of the Group.' Manager selection therefore sits below the Board, inside Group Asset Management under the Group CIO.","The Risk Committee held six committee meetings plus one joint meeting with the Audit Committee in 2025 (seven in total, average duration about 3.5 hours). The full Board held 13 meetings in 2025.","BlackRock Private Equity Partners is the only named external private-equity gatekeeper on record, via the 2012 sale of Swiss Re Private Equity Partners AG and the accompanying commitment of future Swiss Re capital to the BlackRock Alternative Investors platform. No confirmation was found that the arrangement is still in force. Mercer appears in the 2025 governance report only in a compensation-committee context, not as an investment consultant.","Velina Peneva (Group Chief Investment Officer and member of the Group Executive Committee (appointed April 2023). She was Swiss Re's Head Private Equity from June 2017, where she 'developed and executed the investment strategy for the Private Equity portfolio', then Co-Head Client Solutions & Analytics from 2019.); Not established (The current Head of Private Equity within Swiss Re Group Asset Management is NOT named in the Annual Report 2025 and could not be confirmed from any source read. Velina Peneva held that title 2017-2019 and has since moved up to Group CIO; do not carry her forward as the PE seat.)",https://www.swissre.com/dam/jcr:a7e9dca5-1911-404d-bc9d-a8875ca7cab9/2025-annual-report.pdf,"Read in full text: Swiss Re Annual Report 2025 (18,490 extracted lines, published 12 March 2026), including the financial-assets-by-measurement-category note, the structured-entities note, the liquidity-risk section, the full Corporate Governance Report and the subsidiary schedule. Grepped for 'private equity', 'Asia', 'unfunded', 'commitments to invest', 'Investment Committee', 'Risk Committee', 'fund of funds'. Also read the BlackRock investor-relations press release of 3 July 2012 on the SRPEP acquisition. not reached: Swiss Re publishes no manager list, no commitment schedule and no Asia allocation; the current Head of Private Equity is not named publicly; the 2012 BlackRock partnership's present status could not be confirmed. Web search quota for this session was exhausted before trade-press (finews.ch, Handelszeitung, PEI) coverage of the PE team could be swept.",2
Zurich Insurance Group (group general account; Zurich Alternative Asset Management),Switzerland,Zurich,Insurer (listed composite; general account),none,"yes — USD 1,261m of unfunded commitments and a ~USD 4.4bn hedge fund + PE book make a USD 50m single-fund ticket ordinary in size; the constraint is appetite for pan-Asia, not capacity (https://www.zurich.com/-/media-assets/project/zurich/dotcom/investor-relations/docs/financial-reports/2025/zurich-insurance-company-annual-report-2025.pdf, read 2026-09-19).","commits in its own name - the Group is the signing LP in third-party private equity funds. no — Zurich states plainly that it commits capital to third-party managers: 'The Group has committed to contribute capital to third parties that engage in making investments in direct private equity and private equity funds' (https://www.zurich.com/-/media-assets/project/zurich/dotcom/investor-relations/docs/financial-reports/2025/zurich-insurance-company-annual-report-2025.pdf, read 2026-09-19). Zurich Alternative Asset Management LLC (New York) is the in-house alternatives arm, but no current SEC investment-adviser registration for it could be found (SEC adviserinfo firm search, 2026-09-19), so its present scope is unverified.","Hedge funds and private equity together 2.5% of USD 177.6bn total investments (market value, economic view) as of 31 December 2025, i.e. roughly USD 4.4bn combined — Zurich Insurance Group Annual Report 2025 asset-allocation chart. At the Zurich Insurance Company Ltd SST level, 'Alternative investments' were USD 12,531m of USD 168,939m total investments (7.4%) as of 31 December 2025, up from USD 9,656m in 2024. Unfunded commitments across direct PE, PE funds and real estate: USD 1,261m at 31 December 2025.","Not disclosed in any Zurich document read. I: unfunded commitments grew USD 310m year-on-year across private equity and real estate, which is consistent with a commitment pace of a few hundred million USD a year and individual fund tickets in the USD 25-100m band. The seed row's '~500 (est.)' per-fund ticket is not supportable against a combined hedge-fund-plus-private-equity book of roughly USD 4.4bn and should be dropped.",,"Risk and Investment Committee of the Board (Chair: Jasmin Staiblin; members Joan Amble, Catherine Bessant, Michael Halbherr, Thomas Jordan, John Rafter as of 31 December 2025). Its stated investment tasks are 'Oversight of the investment process', 'Review and recommendation to the Board investments that are subject to Board approval', 'Receipt of updates on the Group's annual strategic asset allocation...' and 'Receipt of updates on... the performance of asset managers'. Day-to-day manager selection sits with Group Investment Management under the Group CIO.",7 meetings held in 2025 against a 4-meeting minimum; the full Board held 12 meetings in 2025. Liquidity and investment matters are reported to the committee quarterly.,None named in any Zurich public document read. Zurich runs its own Group Investment Management function plus Zurich Alternative Asset Management; no external gatekeeper or fund-of-funds manager is disclosed.,"Stephan van Vliet (Group Chief Investment Officer, member of the Executive Committee (joined Zurich in this role May 2022; previously Chief Investment Officer, Prudential Corporation Asia, Hong Kong, 2017 to March 2022)); Jasmin Staiblin (Chair, Risk and Investment Committee of the Board of Directors)",https://www.zurich.com/-/media-assets/project/zurich/dotcom/investor-relations/docs/financial-reports/2025/annual-report-2025-en.pdf,"Read in full text: Zurich Insurance Group Annual Report 2025 (27,436 extracted lines, published 5 March 2026), Zurich Insurance Company Group Annual Report 2025, and Zurich Insurance Company Ltd Financial Condition Report 2025 (SST). Grepped all three for 'private equity', 'Asia', 'fund of funds', 'commitment', 'Chief Investment Officer', 'Risk and Investment Committee'. Ran the SEC adviserinfo firm-search API for 'Zurich' including previous names — no Zurich Alternative Asset Management registration returned. zurich.com HTML pages (executive committee, board committees, van Vliet bio) are behind an Imperva/Incapsula bot wall and could not be fetched; the same facts were taken from the Annual Report PDF instead. no Asia-specific private equity commitment, no named Asian GP and no pan-Asia fund-of-funds position appears anywhere in the three primary documents.",2
compenswiss (Ausgleichsfonds AHV/IV/EO),Switzerland,Geneva,"Federal public-law institution managing the three Swiss first-pillar social security funds OASI/AHV, InvI/IV and LEC/EO. not a BVV2 occupational pension fund.",small,"yes on size, no on mandate today - the institution writes unlisted closed-end fund tickets averaging around CHF 129m and already runs ten Asian funds, so US$50m is small for it. It has no private equity allocation at all, so a commitment would require the Board of Directors to add an asset class to the strategic allocation, not merely to pick a manager.",commits in its own name - compenswiss is a single federal institution investing the three funds jointly. 'Die Vermögen der Ausgleichsfonds werden grundsätzlich gemeinsam angelegt.' (Ausgleichsfondsgesetz Art 3(3)). It uses no pool and no gatekeeper. Half of assets are managed internally.,"zero. Private equity is not a line in the compenswiss strategic asset allocation. The closest private-markets lines are Private Debt at 2.0% and unlisted real estate at 8.5% (Asia 3.0%, Europe 3.0%, North America 2.5%). https://www.compenswiss.ch/en/investment/strategic-asset-allocation/investment-strategy read 2026-09-19. Total assets managed were CHF 44.6bn OASI, CHF 3.7bn InvI and CHF 2.3bn LEC at 31 December 2025, 45 mandates, half managed internally. https://www.compenswiss.ch/en/investment/key-figures","large. The 'Real Estate Global not listed' sub-segment held about CHF 2,962m across 23 funds at 31 December 2025, an average of roughly CHF 129m per fund. Inferred by applying the published 46.3% sub-segment share to the published CHF 6,398m real estate total and dividing by the stated 23 funds. compenswiss does not publish per-fund commitments.","Equities Pacific mandate, managed by State Street Global Advisors, and Equities Emerging Markets mandate, managed by Pictet Asset Management | 2.5% of the strategy for Equities Pacific and 5.0% for Equities Emerging Markets. These are listed-equity mandates, not private equity. (strategy as of 3 January 2024)","Board of Directors (11 voting members appointed by the Bundesrat for four-year terms, employer and employee associations and the Confederation represented, plus non-voting officials from the Federal Finance Administration and the Federal Social Insurance Office) is the supreme body. It issues the Anlagereglement and sets the strategic asset allocation, per Ausgleichsfondsgesetz Art 8(1)(b): 'Er erlässt das Anlagereglement und legt die strategische Vermögensanlage fest.' The Board Investment Committee sets the allocation constraints, specifies the detailed strategic allocation and decides whether assets are managed internally or externally. The Executive Committee of six implements.","F: 'For each of the social insurance schemes, the Board of Directors approves each year, at the proposal of the Executive Committee, a risk budget taking into account their respective balance sheets and development prospects, as well as the annual asset allocation (AAA) and the detailed allocation by segment (DAA).' So the allocation decision is an annual cycle. https://ar.compenswiss.ch/en_GB/investments/strategic-asset-allocation","No external investment consultant or private-markets gatekeeper is named on the compenswiss site. Mandates are awarded through a PUBLIC RFP PROCESS with a standing registration form, so a manager can register to receive tender invitations automatically. See 'Guide to register and receive mandate tenders automatically' and 'RFP - General information and requirements' at https://www.compenswiss.ch/en/investment/request-for-proposal-rfp/information-mandate-tenders","Eric Breval (Chief Executive Officer / Director); Gaëlle Barlet (Head of Asset Management, member of the Executive Board); Frank Juliano (Chief Investment Strategist, member of the Executive Board); Manuel Leuthold (President of the Board of Directors, independent); Elisabeth Bourqui (Member of the Board of Directors, Founder of BERG Capital Management)","https://www.compenswiss.ch/en/investment/strategic-asset-allocation/allocation-process
https://www.compenswiss.ch/en/investment/strategic-asset-allocation/asset-managers","Established the governing statute from the primary Fedlex text of the Ausgleichsfondsgesetz, SR 830.2, consolidated version in force 1 January 2019 (the only consolidated version Fedlex serves; later dates return the site shell). Read Arts 1 to 8 in full. Read the compenswiss pages for asset classes, investment strategy with the full segment table as of 3 January 2024, the complete asset-manager list with all 45 mandates, the allocation process and governance, key figures at 31 December 2025, the RFP information page and the organisation page with the Board of Directors and Executive Board. Read the 2025 activity report sections on strategic asset allocation, real estate investments and the aggregate accounts. No private equity manager, no LGT, Partners Group, Crown, Pantheon, HarbourVest, Unigestion, Adveq, Axiom or Asia Alternatives appears anywhere.",2
"ACCESS pool (A Collaboration of Central, Eastern and Southern Shires)",United Kingdom,"Maidstone (Joint Committee secretariat, Kent County Council); ACCESS Support Unit hosted across the member authorities","LGPS asset pool operated as a s101 joint committee with an outsourced FCA-authorised ACS operator (Waystone), 11 administering authorities; closing - the ACCESS Support Unit's work formally ends in September 2026",small,"no - ACCESS is winding down and never had a private equity programme to write from. Its successors can: the seven authorities moving to Border to Coast join a pool whose own 2025 private equity tickets were USD 75m to USD 200m, and Hampshire alone runs a GBP 909m private equity book through Patria. The buying seat moves to Border to Coast and LGPS Central, not to ACCESS.","manager selects - and for private equity, nobody at the pool selected anything. ACCESS outsourced the whole operating model: Waystone Management (UK) Limited was the FCA-authorised ACS operator and appointed the active listed managers on the authorities' behalf, UBS ran the passive mandate under a joint procurement, Apex was the partner on non-listed assets, Northern Trust was depositary and Hymans Robertson was investment consultant. Private equity was never pooled, so each of the eleven authorities kept its own delegated private equity manager - Patria at Hampshire, HarbourVest at Norfolk, Kent, Cambridgeshire and Hertfordshire, Adams Street at Cambridgeshire, Hamilton Lane at Essex, Pantheon at Suffolk, Norfolk, Hertfordshire and the Isle of Wight, LGT Capital Partners at Hertfordshire, Wilshire at Suffolk. https://www.accesspool.org/document/22216","zero private equity at pool level. ACCESS pooled listed assets and four non-listed asset classes and private equity was never one of them. Its own final annual report lists the pool's non-listed offering as 'a range of non-listed asset offerings in real estate, infrastructure, timber and private debt totalling GBP 7bn'. At 31 March 2026 the pool held GBP 53.4bn: GBP 32.1bn actively managed in ACS sub-funds, GBP 14.2bn passive with UBS, GBP 3.8bn real estate and GBP 3.3bn infrastructure, timber and private debt, 74% of member assets within a pooled arrangement. Every member's private equity sat OUTSIDE the pool. Member-level programmes at 31 March 2025 unless stated: Hampshire GBP 909.202m (8.9%, Patria); Norfolk GBP 450.517m (9.27% at 31 March 2023, HarbourVest and abrdn); Kent GBP 326.547m (3.9%, HarbourVest); Cambridgeshire GBP 462.964m (Adams Street GBP 229.971m at 4.7% plus HarbourVest GBP 232.993m at 4.8%, both 'managed outside Pool Governance'); Hertfordshire LGT Capital Partners GBP 636.428m (11.2%), HarbourVest GBP 222.346m (3.9%), Pantheon GBP 172.369m (3.0%); Suffolk GBP 196.508m committed across Wilshire (2003-2008), Pantheon (2003-2010) and Pantheon (2015), of which GBP 174.849m drawn. https://www.accesspool.org/document/22216","at member level the published commitment schedules run GBP 35m to GBP 116m per programme, not per fund. Suffolk's is the only full schedule: 'Wilshire (2003-2008) 35.946 / Pantheon (2003-2010) 44.737 / Pantheon (2015) 115.825' GBP million committed. https://lgpsboard.org/wp-content/uploads/2025/11/Suffolk2425_draft.pdf. No ACCESS member publishes a per-underlying-fund private equity commitment. The pool itself never wrote a private equity ticket.","HarbourVest Partners segregated mandate including an Asia Pacific focused private equity sleeve, held by Norfolk Pension Fund | HarbourVest private equity and credit was 9% of the Norfolk fund; total private equity GBP 450.517m, 9.27% of the fund at 31 March 2023. The Asia Pacific sleeve is not sized separately. (held at 31 March 2023; vintage not stated)","ACCESS Joint Committee, a section 102 Local Government Act 1972 joint committee of the 11 administering authorities, with 'delegated authority from the Full Council of each Administering Authority to exercise specific functions in relation to the Pooling of Pension Fund assets'. Chairman Cllr Susan Barker (Essex), Vice Chairman Cllr Gerard Fox (East Sussex). Supported by the Officer Working Group and the ACCESS Support Unit, and by a section 151 officers group chaired by Ian Gutsell (East Sussex). Kent County Council provides the secretariat and publishes the agendas at https://democracy.kent.gov.uk/mgOutsideBodyDetails.aspx?ID=898. Individual fund commitments, including every private equity commitment, were taken by each authority's own pension committee, not by the Joint Committee.",Quarterly Joint Committee meetings. Both are now terminal: the ACCESS Support Unit's work 'formally ends in September 2026 following a six-month overlap with the new pools'.,"Hymans Robertson, investment consultant throughout (John Wright named). Squire Patton Boggs, legal (Kirsty McClean, Clifford Sims). PIRC and Minerva on responsible investment. Waystone, ACS operator, CEO Karl Midl. Apex on non-listed assets.","Cllr Susan Barker (Chairman of the ACCESS Joint Committee and Chairman of the Essex Pension Fund Strategy Board; signed the foreword to the final annual report); Kevin McDonald (Director, ACCESS Support Unit; signed the closing statement of the final annual report); Cllr Gerard Fox (Vice Chairman of the ACCESS Joint Committee (East Sussex)); Ian Gutsell (Chair of the ACCESS section 151 officers group (East Sussex)); Andrew Boutflower (Technical Lead for ACCESS (Hampshire) - Hampshire runs the largest member private equity book, GBP 909m with Patria); Samantha Andrews (Technical Lead for ACCESS (Essex)); Sharon Tan (Technical Lead for ACCESS (Suffolk)); Russell Wood (Technical Lead for ACCESS (East Sussex)); Rachel Wood (Technical Lead for ACCESS (West Sussex)); Karl Midl (CEO, Waystone, the ACCESS ACS operator)","https://lgpsboard.org/wp-content/uploads/2025/09/Norfolk_draft-1.pdf
https://www.accesspool.org/about-access/joint-committee/","Read the ACCESS Annual Report 2025/26 in full, the pool's final report, published 4 September 2026 and reached at https://www.accesspool.org/document/22216 via the file link on https://www.accesspool.org/access-programme/annual-reports/annual-report-2025-26/. Also read https://www.accesspool.org/, its news index, the 4 September 2026 news item and https://www.accesspool.org/about-access/joint-committee/. Downloaded and grepped eleven ACCESS member fund annual reports from lgpsboard.org: Kent, Hampshire, Suffolk, Cambridgeshire, East Sussex, West Sussex, Isle of Wight and Northamptonshire for 2024/25, Essex for 2023/24, Norfolk and Hertfordshire for 2022/23 (the latest years published). Each was grepped case-insensitively for Asia, Asian, Pacific, Pantheon, Axiom, HarbourVest, Adams Street, BPEA, Baring, Carlyle, StepStone, Hamilton Lane, AlpInvest, Portfolio Advisors, Capital Dynamics, Asia Alternatives, Unigestion, LGT, MBK, Hillhouse, Affinity Equity, Navis, Quadria, Everstone, ChrysCapital, Kedaara, Peak XV and for 'private equity'. Cross-checked the destinations against Border to Coast's partner fund page (https://www.bordertocoast.org.uk/about-us/partner-funds/, 18 funds, all figures as at 31 March 2026) and LGPS Central's homepage and About Us page (https://www.lgpscentral.co.uk/about-us/, 14 funds). COULD NOT FIND: the Isle of Wight's destination pool in any 2026 source; a single named Asia private equity FUND anywhere in ACCESS or its members, only Norfolk's Asia Pacific SLEEVE inside a HarbourVest mandate; any ACCESS pool-level private equity vehicle, because none existed; a 2025/26 Norfolk or Hertfordshire annual report, both of which stop at 2022/23 on lgpsboard.org; and the isleofwight.gov.uk committee pages, which return HTTP 403 to every request.",5
Avon Pension Fund,United Kingdom,Bath (administering authority Bath & North East Somerset Council),LGPS fund (Brunel Pension Partnership partner fund; Brunel is winding down),none,unknown - no private equity programme size could be read from the published annual report.,"pool selects - Avon is a Brunel partner fund and Brunel was not approved under Fit for the Future; its funds move 'mainly to LPPI, with some portfolios transitioning to LGPS Central'. https://www.dakota.com/resources/blog/the-six-lgps-pools-a-2026-guide-for-fund-managers","Not established. Avon's 2024/25 annual report shows its UK private equity and private equity rows as '--' in the tables I could extract, and gives no fund-level private equity schedule. Total fund GBP 5.8 billion at 31 March 2025.",Not established.,,"Avon Pension Fund Committee, with an Investment Panel, under Bath & North East Somerset Council.",Published on the Bath & North East Somerset Council committee calendar. not VERIFIED in this pass.,"Brunel today, LPPI or LGPS Central after the wind-down. Mercer has historically advised Avon; not VERIFIED from the 2024/25 report.","Nick Dixon (Head of Pensions, Avon Pension Fund); Simon Parker (Executive Director of Resources (with S151 designation), Bath & North East Somerset Council)",https://lgpsboard.org/wp-content/uploads/2025/11/Avon2425_final.pdf,"Downloaded the full Avon Pension Fund Annual Report 2024/25 from the LGPS Scheme Advisory Board mirror (5MB, 357KB of extracted text) and grepped the whole document for Asia, Pacific, Pantheon, Axiom, HarbourVest, Adams Street, Partners Group, Capital Dynamics, Neuberger, StepStone. Only two manager hits, Partners Group and a Neuberger Berman multi-asset credit fund. Bath & North East Somerset committee papers were not read, and Brunel's own cycle commitment lists were not reached in this pass.",1
"BP Pension Fund (BP Pension Trustees Limited, with BP Investment Management Limited as in-house manager)",United Kingdom,Sunbury-on-Thames,Closed corporate defined benefit occupational pension scheme with an FCA-regulated in-house asset manager,none,"unclear - the capacity is there and the appetite is not evidenced. On capacity, the Fund holds USD 1,871m of private equity in a USD 24.6bn plan, keeps a 5.0% private equity target in its 2025 strategic asset allocation, and commits directly into limited partnerships through BPIM's own private equity team, so a USD 50m single-fund ticket is about 2.7% of the existing private equity book and structurally ordinary. Against it, the book is already running near 7.6% against a 5.0% target, the UK private equity value has fallen three years running from USD 2,022m to USD 1,871m, the climate report records 'partial divestments' from private equity, property and direct lending, and the Fund completed a c.GBP 1.6bn L&G buy-in in September 2025 that will be reflected in the SAA from 2026. No new fund commitment by the Fund is disclosed anywhere in 2023, 2024, 2025 or 2026.","manager selects - BP Investment Management Limited (BPIM), Companies House 00321630, active, registered office Chertsey Road, Sunbury On Thames TW16 7BP. BPIM is the Trustee's own FCA-regulated subsidiary and it, not the Trustee board, picks the private equity funds. The 2024 Stewardship Report says 'BPIM is a Financial Conduct Authority (FCA) regulated, wholly-owned investment management subsidiary of the Trustee and manages the property and private equity mandates on behalf of the Fund. These mandates account for 12.5% of the total strategic asset allocation as at 31 December 2024' and 'Prior to investing, BPIM's PE team conducts a thorough due diligence process to ensure they are comfortable that the manager will adopt a suitably responsible approach, as dictated by the fund documents, prospectus, and responses to diligence questions.' https://pensionline.bp.com/Resources/Client/MediaArchive/publicpdf/forms/2024%20BP%20Pension%20Fund%20Stewardship%20Report.pdf read 2026-09-19. The SIP confirms the delegation: the Trustee 'has delegated day-to-day decisions for buying and selling investments, including the realisation of investments, to BP Investment Management Limited (BPIM, the Trustee's in-house asset manager) and to its external asset managers.' https://pensionline.bp.com/Resources/Client/MediaArchive/publicpdf/forms/BP%20SIP%202025%20Final.pdf read 2026-09-19. The holdings are direct LP interests, not a fund-of-funds wrapper: 'BPIM's investor rights are strictly limited by the governing documents given it is investing via limited partnership structures that are the standard legal structures for all of the investments within the PE portfolio.' The buying seat is BPIM's private equity team in Sunbury, addressable through the Trustee Executive.","USD 1,871m of private equity inside the UK plan at 31 December 2025, against UK plan assets of USD 24,589m, so 7.6% of the plan. The same table gives USD 1,916m at 31 December 2024 and USD 2,022m at 31 December 2023, and a group total across all plans of USD 2,781m in 2025. https://www.bp.com/content/dam/bp/business-sites/en/global/corporate/pdfs/investors/bp-annual-report-and-form-20f-2025.pdf read 2026-09-19. F: the strategic asset allocation approved by the Trustee in the second half of 2025 sets Private Equity at 5.0%, unchanged from the 5.0% baseline at 31 December 2021, while Listed Equities fell from 7.0% to 3.0%, Emerging Market Debt from 2.5% to 0.0% and Direct Lending from 2.5% to 1.0%. https://pensionline.bp.com/Resources/Client/MediaArchive/publicpdf/forms/Climate%20Change%20Report.pdf read 2026-09-19. F: the Fund's total assets are c.GBP 18bn (L&G, 25 September 2025), and the climate report's buy-in figure of GBP 1,674m at 9.2% of assets implies GBP 18.2bn at 31 December 2025. I: the private equity book is running about 2.6 percentage points above its 5% target. Cross-check from the climate report's own illiquid emissions table, 142 ktCO2e at an intensity of 73 tCO2e per USD m, implies a private equity NAV of USD 1.95bn, within 4% of the 20-F figure.","never disclosed. No commitment schedule, no vintage list and no per-fund figure appears in the SIP, the Implementation Statement, the Climate Change Report or either Stewardship Report. The word commitment is used only in the ESG sense in all of them. The Report and Financial Statements, which is where a holdings list would sit, is members-only behind the PensionLine login. The SIP says so directly: 'The end of year asset allocation of the Fund is set out in the latest version of the Fund's annual report and financial statements, available to members on PensionLine or upon request.' https://pensionline.bp.com/Resources/Client/MediaArchive/publicpdf/forms/BP%20SIP%202025%20Final.pdf read 2026-09-19. I: a USD 1.87bn private equity book held as direct limited partnership interests and run by a small in-house team implies tickets in the tens of millions rather than single-digit millions, but no disclosure supports a figure.",,"BPIM's private equity team selects and diligences individual funds, under an Investment Management Agreement dated 30 June 2025 and Benchmark Investment Strategy Memorandums, the most recent dated 27 February 2026 (BPIM statutory accounts for the year to 31 December 2025, signed 22 April 2026, filed at Companies House 9 May 2026). Above it, the Trustee Board of BP Pension Trustees Limited retains strategic asset allocation, and the Investment Committee 'Evaluates proposals for investment strategy or policy decisions prior to any recommendations made to the Board; oversees and monitors the implementation of the Trustee's investment strategy'. The Board is ten directors, 'including the Chair (nominated by bp), four further bp-nominated Directors, four member-nominated Directors and an independent Director'. The CIO and the Head of BPIM are one dual-hatted person holding FCA Senior Manager Functions 1 and 3.",No commitment cadence is published. Governance runs quarterly: 'The Trustee Executive provides and discusses its quarterly reports informing the Trustee Board and its Committees of its activities' and 'We followed our quarterly and annual manager monitoring process for all our asset managers'. The strategic asset allocation was last reset in the second half of 2025 and the benchmark memorandum was last dated 27 February 2026.,"No gatekeeper, no fund-of-funds manager and no investment consultant selects private equity funds. BPIM's own team does. The advisers around it are Redington (strategic investment advice to the Trustee), Aon (lead adviser on the 2025 buy-in), Mercer (Scheme Actuary), Cardano (insurer covenant), Linklaters (legal), Ortec (climate scenario design) and Gallagher (emissions analytics). RepRisk is BPIM's third-party monitoring vendor for private equity. BPIM sits on the BVCA LP Committee and is a member of ILPA.","Brendan Nelson (Chair of Trustee, BP Pension Trustees Limited (director since 7 July 2021); signed the 2025 Climate Change Report and is quoted on the L&G buy-in); Shane Michael Roche (Director, BP Investment Management Limited (appointed 18 September 2017); signed BPIM's accounts for the year to 31 December 2025 on behalf of the board on 22 April 2026); John Nicholas Sykes (Director, BP Investment Management Limited (appointed 21 July 2021)); Angus James Walker (Director of both BP Investment Management Limited (appointed 17 October 2019) and BP Pension Trustees Limited (appointed 5 July 2018)); Vanmathi Thavarajah (Director, BP Investment Management Limited, appointed 8 January 2026, replacing Opkar Singh Sara who resigned 2 February 2026); Christopher Patrick Keating (Company Secretary of both BP Investment Management Limited and BP Pension Trustees Limited (appointed 26 January 2023)); The Law Debenture Pension Trust Corporation p.l.c. (Corporate director of BP Pension Trustees Limited since 20 May 1997, the independent seat on the Trustee board); Name not published (Chief Investment Officer and Head of BPIM, a single dual-hatted role holding FCA Senior Manager Functions 1 and 3. The Fund describes the role in all three stewardship years and never names the holder. Contact point for the function is bpPensionFundRI@bp.com)",https://pensionline.bp.com/Resources/Client/MediaArchive/publicpdf/forms/2024%20BP%20Pension%20Fund%20Stewardship%20Report.pdf,"Opened and text-searched: BP Pension Fund Statement of Investment Principles updated 24 February 2025 (https://pensionline.bp.com/Resources/Client/MediaArchive/publicpdf/forms/BP%20SIP%202025%20Final.pdf); the current Implementation Statement (https://pensionline.bp.com/Resources/Client/MediaArchive/publicpdf/forms/BPPF%20-%20Implementation%20Statement.pdf) plus the 2024 and 2023 editions; the current Climate Change Report (https://pensionline.bp.com/Resources/Client/MediaArchive/publicpdf/forms/Climate%20Change%20Report.pdf); the Responsible Investment Policy, current and 2025-dated; the Stewardship Reports for 2024 (https://pensionline.bp.com/Resources/Client/MediaArchive/publicpdf/forms/2024%20BP%20Pension%20Fund%20Stewardship%20Report.pdf) and 2023; BP p.l.c. Annual Report and Form 20-F 2025 pension note (https://www.bp.com/content/dam/bp/business-sites/en/global/corporate/pdfs/investors/bp-annual-report-and-form-20f-2025.pdf); BP Investment Management Limited statutory accounts for 2022, 2023, 2024 and 2025 from Companies House 00321630 (https://find-and-update.company-information.service.gov.uk/company/00321630), image-only scans that had to be OCR'd; the officer lists for BPIM 00321630 and BP Pension Trustees Limited 00230748 (https://find-and-update.company-information.service.gov.uk/company/00230748/officers); the L&G press release of 25 September 2025 (https://group.legalandgeneral.com/en/newsroom/press-releases/l-g-completes-c-1-6-billion-buy-in-with-the-bp-pension-fund); the FRC UK Stewardship Code signatory lists of 11 February 2025 and 9 July 2026 (https://www.frc.org.uk/documents/9744/UK_Stewardship_Code_signatory_list_at_09072026_FPKOt1o.pdf); BPIM's SEC 13F-NT filings including the Q2 2026 notice of 7 August 2026 at https://www.sec.gov/Archives/edgar/data/1105793/000162828026054640/primary_doc.xml; and the BP Pensioner Group campaign site https://bppensionergroup.org/. Grepped every document for Asia, Pacific, Asian, China, India, Japan, BPEA, Baring, PAG, Hillhouse, MBK, Affinity, Navis, Quadria, Everstone, ChrysCapital, Kedaara, Peak XV, Carlyle, KKR, TPG, Blackstone, CVC, Pantheon, HarbourVest, Adams Street, Axiom Asia, Asia Alternatives, LGT, StepStone, Hamilton Lane, AlpInvest and Portfolio Advisors. Zero private equity fund names and zero Asian GP names in the whole corpus. The only Asia mentions are engagement narrative about a portfolio company and a policy reference to Australia and Japan on climate adaptation. The Stewardship Report's exposure-by-country-of-risk chart is a graphic; only Germany 2%, France 2%, Not classified 3% and Other countries 7% survive text extraction, and no Asian country is individually labelled in the extractable text. Could not reach: the Report and Financial Statements for any year, which is members-only on PensionLine and would carry the holdings list. The only two archived candidates, Trustees_report_and_accounts_2008.pdf and Trustee-Report-and-Accounts-for-year-ending-31122012.pdf, were captured by the Wayback crawler as HTML 404 pages, and web.archive.org/web/<ts>id_/ returns the 1,245-byte PensionLine error page for both. Could not reach the FCA Register entry for BPIM, which is a JavaScript-only page and whose CommonSearch and Search endpoints return 'Missing Headers' without credentials, so BPIM's firm reference number and permission schedule are unverified. Could not reach the full text of the Responsible Investor article 'ESG round-up: BP's pension fund delists from UK Stewardship Code' of 9 July 2026, which sits behind a registration wall; the delisting is confirmed independently against the two FRC signatory lists. The live scheme host is pensionline.bp.com, found through Certificate Transparency; www.bppensionfund.com, bppensions.co.uk, bppensionfund.co.uk, bppensionline.com, bpinvestmentmanagement.com, mybppension.com and pensions.bp.com are all NXDOMAIN.",4
BT Pension Scheme (BTPS),United Kingdom,London,"Closed corporate defined-benefit scheme, sponsor BT Group plc; fiduciary manager Brightwell (BT Pension Scheme Management Limited)",none,"no - the balance sheet could carry it but the mandate points the other way. The Trustee states 'We have set an objective to reduce the level of investment risk gradually over time and to increase the level of cashflow-aware assets' and the private equity book fell from GBP 1,292m to GBP 990m over the year to 30 June 2025. Cashflow-aware assets are 54% of the portfolio, equity and equity-like 27%. Geography is UK 66%, US 15%, Europe 12%, Other 7%, with no Asia line. A new US$50m Asia fund commitment runs against the stated direction.","manager selects - Brightwell. The Statement of Investment Principles says 'Brightwell on behalf of the Trustee has appointed investment managers to manage the Scheme's assets' and the Report and Accounts says 'Delegation to Brightwell as sole fiduciary manager is clear and ensures the Scheme is well-positioned to respond quickly to changes in markets and funding levels.' Brightwell is BT Pension Scheme Management Limited, wholly owned by the Scheme. https://www.btps.co.uk/MediaArchive/SchemeSite/Statement%20of%20Investment%20Principles%20(SIP)%202025.pdf","GBP 990m of private equity held in pooled investment vehicles at 30 June 2025, down from GBP 1,292m at 30 June 2024 and GBP 1,168m at 30 June 2023. Total net assets GBP 33.2bn at 30 June 2025. Undrawn 'calls on partly paid shares and underwriting commitments' were GBP 2,384m at 30 June 2025, down from GBP 2,491m, and that figure covers all private markets, not private equity alone. https://www.btps.co.uk/MediaArchive/SchemeSite/BTPS_Report_&_Accounts_2025.pdf","Not found. The Report and Accounts publishes asset-class totals only. No fund-by-fund commitment schedule, no vehicle names and no ticket sizes appear in the 2024 or 2025 accounts, the Statement of Investment Principles, the TCFD report or the Stewardship Report.",,"BTPS Trustee Board (Chair Jill Mackenzie) sets strategy. The Scheme's Investment Committee 'has responsibility for the oversight of Brightwell's implementation of the Scheme's investment strategy and makes recommendations to the Trustee Board on the management of the Scheme's funding risk.' Manager appointment itself sits with Brightwell, not the Trustee.","Triennial actuarial valuation drives the strategy (last full valuation 30 June 2023, interim valuation 30 June 2025). The SIP is reviewed at least annually and was last updated 4 June 2024. No published commitment window or series calendar.",Brightwell is the sole fiduciary manager and the written-advice giver. No separate investment consultant is named in the SIP or the Report and Accounts. Federated Hermes is the private equity manager and the stewardship provider via EOS.,"Jill Mackenzie (Chair of the BTPS Trustee Board); David Viles (Trustee Director, BT Pension Scheme); Morten Nilsson (Chief Executive Officer, Brightwell (and Executive Director on the Brightwell board)); Wyn Francis (Chief Investment Officer, Brightwell); Mike Bussey (Non-Executive Chair, Brightwell)",https://www.btps.co.uk/MediaArchive/SchemeSite/BTPS_Report_&_Accounts_2025.pdf,"Downloaded and converted five primary PDFs. BTPS Report and Accounts 2025 (year to 30 June 2025, 4,540 lines of text) and 2024 (5,865 lines): read the funding and investment section, the asset allocation and geography charts, note 12 pooled investment vehicles, note 17 longevity insurance, note 24 related parties, note 25 commitments, and Appendix One the SIP Implementation Statement. Statement of Investment Principles 2025: read the permitted asset classes, the decision-taking section and the 'Mandates for investment managers' section in full. BTPS TCFD report dated 13 January 2026. BTPS Stewardship Report dated 30 January 2026 (2,455 lines). Grepped all five for Asia, Asian, Pacific, China, India, Japan, BPEA, Baring, PAG, Hillhouse, MBK, Affinity, Navis, Quadria, Everstone, ChrysCapital, Kedaara, Peak XV, Carlyle, KKR, TPG, Blackstone, CVC, Pantheon, HarbourVest, Adams Street, Axiom, Asia Alternatives, LGT, StepStone, Hamilton Lane, AlpInvest, Portfolio Advisors, Coller, Lexington and Ardian. Every one returned nothing except incidental hits on Canadian Pacific Kansas City and Pacific Kansas Limited in the voting tables. Also read btps.co.uk RegulatoryReporting, SustainableInvestment, the sitemap and the news list, which show no 2026 buy-in or buyout announcement, and no Report and Accounts later than the year to 30 June 2025. Confirmed brightwell.co.uk is a chemical-dispenser manufacturer and the pension manager is brightwellpensions.com; read its team page and its fiduciary services page. Could not find any BTPS commitment schedule, any private equity fund name, or any ticket size.",4
Border to Coast Pensions Partnership,United Kingdom,Leeds,LGPS asset pool (FCA-authorised; 18 partner funds from April 2026),signs,"yes, and comfortably above it - Border to Coast's own 2025 private equity tickets were USD 75m, USD 150m and USD 200m. US$50m would be at the small end for this pool.",pool selects - Border to Coast is the pool and runs an in-house private markets team: 'Border to Coast's in-house private markets team has so far deployed more than GBP 1bn of that capital to specialist funds'. https://www.bordertocoast.org.uk/news-insights/border-to-coast-commits-further-1bn-in-private-markets/,"GBP 23.2bn of invested and committed capital across the private markets programme at 11 August 2026, across 17 partner funds. Series 3A alone took GBP 2.5bn of partner-fund commitments in April 2025, of which more than GBP 1bn had been deployed by 22 December 2025 - GBP 515m infrastructure, GBP 500m private equity, GBP 58m private credit.","the December 2025 tranche ran USD 45m to USD 200m per fund: Hg Saturn 4 USD 75m, Hg Genesis 11 EUR 70m, BPEA IX USD 150m, Lexington Co-investment VI USD 200m, Unigestion Secondary VI EUR 135m, Stonepeak Asia Infra II USD 150m, iCON VII USD 130m, StepStone Secondaries Infra USD 165m, Arcus IV EUR 136m, EQT Active Core II EUR 140m.","BPEA IX (EQT's Asia-Pacific large-cap buyout fund) | USD 150m in 2025
Lexington Co-investment Partners VI | USD 200m in 2025
StepStone Secondaries Infrastructure Fund, L.P. | USD 165m in 2025
Stonepeak Asia Infrastructure Fund II | USD 150m in 2025
Unigestion Secondary VI | EUR 135m in 2025","Border to Coast Pensions Partnership Limited board (Chair John Lister, CEO Rachel Elwell), with a Joint Committee of partner-fund representatives providing oversight, and a new Investment Oversight Committee: 'Oversight Committee in April 2026... this sub-committee will be responsible for oversight of investments, performance and advice given by Border to Coast to Partner Funds'. Fund selection is taken by the in-house private markets team.",The private markets programme runs in annual series with defined commitment windows. Series 3A launched April 2025 and took GBP 2.5bn; the partner fund base expands to 18 from April 2026. That series cadence is the commercial calendar a manager has to hit.,No external gatekeeper. Border to Coast selects in-house. It is itself the gatekeeper for 18 LGPS funds.,"Rachel Elwell (Chief Executive Officer, Border to Coast Pensions Partnership); John Lister (Chair); Nick Buckland (Head of Pensions at Kent Pension Fund (incoming Partner Fund), quoted in the pool's own annual report)","https://www.bordertocoast.org.uk/news-insights/border-to-coast-commits-further-1bn-in-private-markets/
https://www.bordertocoast.org.uk/wp-content/uploads/2026/07/2025-26-Annual-Report-Accounts.pdf","Downloaded the Border to Coast Annual Report and Accounts 2025-26 PDF (9MB) and read the partnership expansion section, the governance section, the board list and the strategic report; grepped the whole document for Asia, Pacific, BPEA, Barings, KKR, Hillhouse, MBK, Pantheon and HarbourVest. The annual report does not publish a fund-by-fund commitment schedule, so the named Asia commitments come from the pool's own 22 December 2025 announcement, which checked in full. Also read the 11 August 2026 GBP 23.2bn announcement, which gives asset-class totals only.",4
British Airways Pensions - Airways Pension Scheme (APS) and New Airways Pension Scheme (NAPS),United Kingdom,"Harmondsworth, London (Waterside)","Two closed corporate defined-benefit schemes, sponsor British Airways Plc within International Airlines Group; both run on a BlackRock outsourced-CIO mandate",none,"no - both schemes are net sellers of private equity and neither trustee picks the fund. APS has explicitly instructed run-off: 'The Scheme has asked the investment manager to run off these assets and convert all the investments to liability matching assets.' NAPS reports that 'Progress has also been made in reducing the Scheme's allocation to less liquid assets. Additional opportunities to reduce the Scheme's allocation to less liquid assets have been evaluated and a number of projects are ongoing.' NAPS return-seeking assets fell to 17% at 31 December 2025 from 20%, and NAPS undrawn private equity commitments halved to GBP 53.7m. Any new fund would in any case be bought by BlackRock under a fully discretionary mandate, not by the trustee.","manager selects - BlackRock. Both schemes run an outsourced chief investment officer model. The NAPS SIP Implementation Statement says 'BlackRock is the appointed Investment Manager of the Scheme. It is appointed on a fully-discretionary basis under which it has delegated responsibility for buying and selling investments on behalf of the Scheme, subject to agreed constraints as set out in the IMA, Investment Guidelines and relevant legislation. BlackRock may invest in instruments directly or invest in pooled funds managed by BlackRock or other investment managers.' Both TCFD reports say 'The Trustee implements its investment strategy using an Outsourced Chief Investment Officer (OCIO) model, in which the investment manager, BlackRock, is also the stewardship provider.' BlackRock's appointment runs five years and six months from May 2021. https://www.mybapension.com/MediaArchive/IFA/NAPS%20-%20SIP%20Implementation%20Statement.pdf","NAPS held GBP 746.8m of private equity at 31 March 2025, down from GBP 771.4m, which is 4.0% of the scheme against 4.3% a year earlier, inside total investment assets of GBP 16,047.1m. Undrawn private equity commitments were GBP 53.7m at 31 March 2025, down from GBP 108.7m. APS held GBP 20.7m of private equity at 31 March 2025, down from GBP 24.6m, with GBP 3.3m undrawn. IAG's own accounts at 31 December 2025 show private equities of EUR 528m for NAPS and EUR 22m for APS. https://www.mybapension.com/MediaArchive/IFA/Annual%20Report%20NAPS.pdf and https://www.iairgroup.com/media/ktnlp1jx/iag-annual-report-and-accounts-2025.pdf","Not found. Neither trustee report publishes a fund-by-fund commitment schedule. Both accounts disclose private equity as a single 'direct investment funds' line with no vehicle names, no vintages and no ticket sizes.",,"Separate trustee boards. New Airways Pension Scheme Trustee Limited (NAPSTL) has twelve trustee directors, chaired by Vidett Trust Corporation Ltd represented by Wayne Phelan. Each board has an Investment Committee. IAG's accounts say 'For both APS and NAPS, the Trustee has ultimate responsibility for decision-making on investment matters, including the asset-liability matching strategy' and 'The Trustees' investment committee adopts an annual business plan which sets out investment objectives and work required to support achievement of these objectives.' Manager and fund selection is delegated to BlackRock on a fully discretionary basis.","Annual investment-committee business plan, plus a 'trigger-based dynamic governance process to be able to take advantage of opportunities as they arise'. Triennial actuarial valuations; the 31 March 2024 valuations were finalised during 2025. Scheme year ends 31 March.","NAPS: investment adviser and scheme actuary Lane Clark & Peacock LLP (Aaron Punwani), covenant adviser PwC LLP, legal adviser CMS Cameron McKenna Nabarro Olswang LLP, auditor KPMG LLP, custodian State Street, banker BNY Mellon. APS: investment adviser Redington, insurance transaction adviser WTW, legal adviser Sackers, and no covenant adviser appointed. BlackRock runs a dedicated Strategic Client Team for the two accounts.","Wayne Phelan (Chair of the Trustee, New Airways Pension Scheme Trustee Limited, for Vidett Trust Corporation Limited); Vinny Ehzuvan (Chief Executive Officer, BA Pensions); Monica Gupta (Scheme Secretary, BA Pensions); Peter Lynam (Trustee Director and Chair of the member-nominated selection group, NAPSTL); Aaron Punwani (Scheme Actuary, Lane Clark & Peacock LLP (NAPS))",https://www.mybapension.com/MediaArchive/IFA/Annual%20Report%20NAPS.pdf,"Downloaded and converted eight primary PDFs. APS Trustee's Report and Financial Statements to 31 March 2025 (3,477 lines) and NAPS to 31 March 2025 (3,706 lines) from mybapension.com/SchemeInformation; the APS and NAPS SIP Implementation Statements 2025; the APS and NAPS Summary Funding Statements; the APS and NAPS TCFD reports for the scheme year to 31 March 2025 from mybapension.com/SustainableInvestment; and the IAG Annual Report and Accounts 2025 (21MB) note 34 Employee benefit obligations, read in full including 34c(i) investment strategies, 34c(iii) composition of scheme assets and the insurance-contract paragraph. Grepped all eight for Asia, Asian, Pacific, China, India, Japan, BPEA, Baring, PAG, Hillhouse, MBK, Affinity, Navis, Quadria, Everstone, ChrysCapital, Kedaara, Peak XV, Carlyle, KKR, TPG, Blackstone, CVC, Pantheon, HarbourVest, Adams Street, Axiom, Asia Alternatives, LGT, StepStone, Hamilton Lane, AlpInvest, Portfolio Advisors, Coller, Lexington and Ardian. The only Asia hits are BlackRock's listed-equity proxy-voting geography table ('Developed and Emerging Asia Pacific ex-Japan 481 meetings' for NAPS in the year to 31 March 2025), which is public-equity voting and not private equity. Also scraped the full mybapension.com navigation, the SchemeInformation and FormsAndGuides document lists, and the NewsDetail pages, and the IAG results-and-reports index. Also searched Companies House for British Airways Pension Investment Management Limited and found it renamed APS Speedbird One Limited, company 02220777. Could not find any private equity fund name, any commitment schedule, any ticket size, or a NAPS TCFD or accounts entry showing a buy-in.",4
Brunel Pension Partnership Limited,United Kingdom,"Bristol (registered office now c/o Arch Law Limited, 8 Bishopsgate, London EC2N 4BQ)","LGPS asset pool, closed. FCA permissions cancelled from 1 July 2026; company 10429110 still registered as Active while it winds down",small,"no - the entity no longer exists as a buyer. Its FCA permissions were cancelled from 1 July 2026 and its partner funds and their GBP 42bn moved to other pools. I: while it was live it wrote well above USD 50m, as the USD 60m Neuberger Berman cornerstone shows, and that capacity has moved to LPPI and LGPS Central rather than disappeared.","manager selects - NEUBERGER BERMAN, not Brunel, picked the underlying private equity funds. Brunel's own 19 October 2023 release says 'Neuberger will help Brunel commit most of the capital to third-party primary funds; opportunistic secondaries and co-investments will be made via Neuberger Berman's commingled funds' and 'we already know Neuberger Berman well and trust its ability to select investments'. Brunel's February 2025 retrospective describes the model as 'selecting fund investments internally and also working with strategic partners who are global leaders in their asset classes to select co-investments and funds where applicable'. The Asia names (Baring Asia Fund VIII, J Star Fund No.5) arrived through the Neuberger Berman Clifton vehicles, so the Asia selection decision was Neuberger Berman's. Colmore administered the cycle vehicles and StepStone ran the infrastructure co-investments. https://www.brunelpensionpartnership.org/wp-json/wp/v2/posts?slug=brunel-selects-neuberger-berman-for-private-equity-vehicle-with-40-impact-weighting","GBP 8bn of new private markets capital committed across 162 investments in seven years to February 2025, across five private markets asset classes, run by a 12-strong private markets team. 'More than 33% of our partnership's investments (including committed and non-pooled) now sit in private markets, compared to 15% before Brunel was formed.' https://www.brunelpensionpartnership.org/wp-json/wp/v2/posts?slug=seven-years-of-brunel-private-markets read 2026-09-19. Private equity specifically ran in annual cycles: Cycle 3 alone was GBP 626m. Client-level scale at 31 March 2025: Devon's Brunel Private Equity Portfolio GBP 248.066m; Buckinghamshire's outstanding commitments were GBP 11.85m to Private Equity Cycle 1, GBP 28.02m to Cycle 2 and GBP 124.3m to Cycle 3. Total partner fund AUM transferred out was GBP 42bn.","the one disclosed single-fund ticket is the USD 60m cornerstone into the Neuberger Berman Private Equity Impact Fund in 2019. I: across all private markets the average was roughly GBP 49m per investment (GBP 8bn over 162 investments), which is the only per-fund figure the published record supports.","Baring Asia Fund VIII (BPEA VIII) | GBP 1.354m change in market value during 2024/25 for Devon's share alone, commitment not published (held at 31 March 2025; vintage not stated)
J Star Fund No.5 | GBP 0.878m change in market value during 2024/25 for Devon's share alone, commitment not published (held at 31 March 2025; vintage not stated)
NB Clifton Private Equity III (the Cycle 3 vehicle, Neuberger Berman) | GBP 626m in 2023
Neuberger Berman Private Equity Impact Fund | USD 60m in 2019","Brunel operated a 'dual investment committee process' alongside its strategic partners, per its own February 2025 retrospective. Final fund selection inside the private equity cycles sat with Neuberger Berman as appointed manager of the NB Clifton vehicles. Ten client funds sat above as shareholders.","Annual private markets CYCLES. Confirmed cycle numbering from client fund accounts: Private Equity Cycle 1 (committed 2018/2019), Cycle 2 (2020), Cycle 3 (2023, GBP 626m), Cycle 4 (2024, and Devon reported it 'is expected to have a meaningful 27% secondaries exposure'). Dorset's accounts name the vehicles as 'Brunel - Colmore Private Equity - Cycle 1' (2019), 'Brunel - Colmore Private Equity Cycle 3' (2023) and 'Brunel - Colmore Private Equity Cycle 4' (2024). The cycle calendar is dead now.",Neuberger Berman was the appointed private equity manager and selector from Cycle 3 and the counterparty from 2019. Colmore administered. StepStone ran infrastructure co-investments from 2020. Aksia ran private debt.,"Jaime Alvarez (Portfolio Manager, Private Equity at Brunel); David Vickers (Chief Investment Officer, Brunel Pension Partnership); Faith Ward (Chief Responsible Investment Officer at Brunel for almost a decade; now Senior Strategic Adviser at LPPI from 2 July 2026); Roelie van Wijk (Non-executive director of Brunel; now a non-executive director of LPPI from around 1 April 2026); Ed Jones (Head of UK institutional client business, Neuberger Berman (the counterparty who won the mandate))","https://lgpsboard.org/wp-content/uploads/2025/11/Devon2425_final.pdf
https://lgpsboard.org/wp-content/uploads/2026/03/Dorset-2425-final.pdf
https://www.brunelpensionpartnership.org/wp-json/wp/v2/posts?slug=brunel-selects-neuberger-berman-for-private-equity-vehicle-with-40-impact-weighting","Brunel's website has been gutted: every article URL now redirects to the homepage, so a direct fetch returns only the closure notice. Recovered the full text of the two decisive posts through the WordPress REST API at /wp-json/wp/v2/posts?slug=..., which still serves the original content - the 19 October 2023 Neuberger Berman selection release and the 24 February 2025 'Seven years on - Private markets at Brunel' retrospective. Enumerated the site's private-equity-related posts through the same API. Read the homepage closure statement (2026-09-19). Checked Companies House 10429110: status Active, registered office moved to Arch Law Limited in London, last accounts made up to 30 September 2025, next to 30 September 2026. Downloaded and grepped the 2024/25 annual reports of four Brunel client funds from lgpsboard.org - Devon, Avon, Dorset, Wiltshire - plus Buckinghamshire, for Baring, BPEA, J-Star, Asia, Pacific, PAG, Hillhouse, MBK, Affinity, Navis, Quadria, Everstone, ChrysCapital, Kedaara, Peak XV, Axiom, Pantheon, HarbourVest, Clifton, Colmore, Neuberger and Cycle. Only DEVON publishes the fund-level contents of the Brunel private equity portfolio; Avon, Dorset, Wiltshire and Buckinghamshire disclose cycle-level totals only. COULD not FIND: Brunel's own published cycle-by-cycle commitment list naming underlying funds (it was never on the site as a PDF and the Wayback PDF index returned only stewardship, carbon and annual reports), any Asia fund beyond the two Devon names, the FCA register entry confirming the exact cancellation date, and any statement from Brunel, LPPI or LGPS Central of the mechanism by which the private equity vehicles themselves transferred.",4
Caledonia Investments plc,United Kingdom,London,"LSE-listed self-managed investment trust (FTSE 250), Cayzer family controlled, company number 00235481",small,"no - Caledonia's disclosed per-fund tickets are USD 20m, USD 25m and USD 30m, and its whole-year commitment budget was USD 55m in FY2026 and USD 59m in FY2024. A single USD 50m cheque would be close to or above an entire year of new commitments across both sleeves. The client directory's 'S' small-ticket label is correct. https://wp-caledonia-2025.s3.eu-west-2.amazonaws.com/media/2026/06/CAL-AR26-web-final.pdf","commits in its own name - Caledonia is a self-managed listed investment trust with its own in-house Funds team. Annual Report 2026 risk governance: 'BOARD: Approves strategy, investment decisions and risk appetite' and 'INVESTMENT: Investment Committee reviews and approves individual investments'. Note 21 Capital commitments records 'unconditional commitments to funds, limited partnerships and committed loan facility agreements' of GBP 346.1m at group and company level. There is no external gatekeeper. https://wp-caledonia-2025.s3.eu-west-2.amazonaws.com/media/2026/06/CAL-AR26-web-final.pdf","the Funds pool was GBP 940.9m at 31 March 2026, 32 percent of net assets, against a strategic allocation range of 25 to 35 percent. It holds 82 funds run by 46 managers with more than 600 underlying companies. Asia is GBP 354.0m of that, 38 percent of the pool. Uncalled commitments were GBP 346.1m at 31 March 2026 (2025: GBP 415.9m), 78 percent North America and 22 percent Asia. Caledonia group net assets were GBP 2,980.0m. https://wp-caledonia-2025.s3.eu-west-2.amazonaws.com/media/2026/06/CAL-AR26-web-final.pdf read 2026-09-19","USD 20m to USD 30m per fund. FY2026: 'During the year, US$55m was committed to North America lower mid-market buyout funds; US$30m to an existing manager and US$25m to a new manager' (Annual Report 2026 page 38). FY2025: 'US$200m was committed: US$180m to North America lower mid-market buyout funds and US$20m to an existing fund manager in the Asia portfolio', and the same release says 'During the year we committed US$200m (2024: US$59m)'. I: the average position is about GBP 15m, drawn from GBP 940.9m of value plus GBP 346.1m uncalled spread across 82 funds.","Asia funds sleeve of the Funds pool, 20 percent of the pool in directly owned Asia funds plus 16 percent in Asia fund of funds | GBP 354.0m at 31 March 2026, 38 percent of the Funds pool (held at 31 March 2026; the sleeve dates from 2012)
New Asia commitment to an existing Asia manager, manager not named in the announcement | USD 20m in 2025
De Cheng funds (De Cheng Capital, China and US healthcare and life sciences private equity) | GBP 76.9m carrying value at 31 March 2026, commitment not published (first invested 2015; held at 31 March 2026)
Axiom Asia funds (Axiom Asia Private Capital, multiple vintages; individual fund numbers not disclosed) | GBP 69.9m carrying value at 31 March 2026, commitment not published (first invested 2012; held at 31 March 2026; individual vintages not stated)
Unicorn funds (Asia fund of funds provider; Caledonia names it only as 'Unicorn') | GBP 41.8m carrying value at 31 March 2026, commitment not published (first invested 2018; held at 31 March 2026)
Asia Alternatives funds (Asia Alternatives Management, multiple vintages) | GBP 32.5m carrying value at 31 March 2026, commitment not published (first invested 2012; held at 31 March 2026)","The Investment Committee reviews and approves individual investments; the board approves strategy, investment decisions and risk appetite and conducts an annual deep-dive review of each of the three pools. Sourcing and diligence sit with the in-house Funds team under Jamie Cayzer-Colvin, with a stated funnel of about 2,350 manager ideas to 500 in the universe to about 250 in the pipeline.","'The Investment Committee met throughout the year to consider investment decisions.' Commitment activity is small and steady: USD 59m in FY2024, USD 200m in FY2025, USD 55m in FY2026, typically two or three new fund commitments a year. The board reviews each pool annually. Financial year ends 31 March; results in May and November.",No external consultant and no gatekeeper. Caledonia selects managers directly through its own Funds team and says it is 'frequently the only European investor in these funds'.,"Jamie Cayzer-Colvin (Head of Funds); Min Ong (Director, Asia Funds); Eloise Fox (Director, North America Funds); Mat Masters (Chief Executive Officer); Rob Memmott (Chief Financial Officer); David Stewart (Chair of the board, appointed director 17 March 2015 and Chair 20 July 2017)","https://wp-caledonia-2025.s3.eu-west-2.amazonaws.com/media/2026/06/CAL-AR26-web-final.pdf
https://www.investegate.co.uk/announcement/rns/caledonia-investments--cldn/final-results/8886255","Downloaded and converted the full Annual Report 2026 PDF (CAL-AR26-web-final.pdf, 4.8MB, 8,709 lines of text) and read the Funds pool investment review, the significant manager exposure table, the investments summary of holdings over 1 percent of net assets, note 21 Capital commitments, the risk governance map and the board and executive pages. Downloaded the June 2026 monthly factsheet, which shows Axiom Asia funds at GBP 69.8m. Read the half-year financial report to 30 September 2025 and the final results for the year to 31 March 2025 in full on Investegate. Read the caledonia.com Funds pool page, which carries the same manager table plus the geographic and strategy splits. Confirmed the Companies House record, number 00235481, registered at Cayzer House, 30 Buckingham Gate, London SW1E 6NN. Grepped every document for Axiom, Asia, Pacific, Pantheon, HarbourVest, Adams Street, BPEA, Baring, PAG, Hillhouse, MBK, Affinity, Navis, Quadria, Everstone, ChrysCapital, Kedaara, Peak XV, StepStone, Hamilton Lane, AlpInvest and Portfolio Advisors. WHAT this check could not FIND: Caledonia never publishes individual fund names or numbers inside the Axiom Asia, Asia Alternatives or Unicorn relationships, so I cannot say which Axiom Asia fund numbers it holds. It does not publish a commitment schedule, so the original commitment amount to Axiom Asia is not public, only the GBP 69.9m carrying value. The Caledonia results centre, factsheet archive and people pages are JavaScript-driven and return no document links to a direct fetch, and the S3 media bucket refuses directory listing, so this check could not reach annual reports before FY2026 as PDFs; the FY2025 and HY2026 figures come from the RNS text instead. The Axiom Asia commitment in the FY2025 USD 20m line is described only as 'an existing fund manager in the Asia portfolio' and is not named.",5
Church of England Pensions Board,United Kingdom,London,"Trustee charity for three Church of England pension schemes (CEFPS, CAPF, CWPF), investing through a single common investment fund (CEIFP); charity number 236627",none,"no - a USD 50m single-fund ticket would be roughly a fifth of the entire GBP 246m private equity programme at 31 December 2025, and the Board does not select or sign individual funds. Its discretionary private equity manager does. https://www.cofepensionsboard.org/sites/pensions-board/files/2026-06/6984_Pensionsboard_Ethical_Report_2026_FINAL_0.pdf read 2026-09-19",manager selects - Cambridge Associates. The audited scheme accounts list the CEIFP fund managers against their mandate and the entry reads 'Cambridge Associates | Private equity'. The Stewardship Report confirms the mandate is discretionary and holds underlying funds: 'our discretionary private equity manager produces bespoke ESG/ethical reviews of each underlying fund for discussion'. https://www.cofepensionsboard.org/sites/pensions-board/files/2026-07/CEFPS-incorporating-CEIFP-2025-Annual-Report.pdf and https://www.cofepensionsboard.org/sites/pensions-board/files/2025-10/6819_Pensionsboard_Stewardship_2025_FINAL.pdf read 2026-09-19,"private equity 7.9% of the Common Investment Fund at 31 December 2025, GBP 246m. Source line: 'Private Equity 7.9% (£246m)'. https://www.cofepensionsboard.org/sites/pensions-board/files/2026-06/6984_Pensionsboard_Ethical_Report_2026_FINAL_0.pdf read 2026-09-19. The audited CEIFP accounts give GBP 247,990k of private equity pooled investment vehicles at 31 December 2025, up from GBP 158,437k at 31 December 2024, inside GBP 2,429,930k of CEIFP net assets attributable to unit holders. https://www.cofepensionsboard.org/sites/pensions-board/files/2026-07/CEFPS-incorporating-CEIFP-2025-Annual-Report.pdf read 2026-09-19","not disclosed. No Church of England Pensions Board document publishes a fund-by-fund private equity commitment schedule. The whole private equity book is GBP 246m at 31 December 2025 and it runs as a discretionary mandate, so the Board does not sign individual fund tickets. I: any single underlying fund position inside that mandate is well under GBP 50m, drawn from the GBP 246m total and the statement that the manager holds multiple underlying funds.",,"Board of Trustees, advised by the Investment Committee, one of four Board committees. Chair of the Investment Committee: Roger Boulton to 31 December 2025, Nikesh Patel from 1 January 2026. Other members in 2025-26: Hannah Gore-Randall, Sorca Kelly-Scholte (from 12 March 2026), Clive Mather, Emma Osborne (to 31 December 2025), Chris Rule, Padmesh Shukla, The Revd Trudie Wigley. The Church of England Ethical Investment Advisory Group gives non-binding ethical advice to the Board and the Investment Committee. Asset-class strategy sits here. Individual private equity fund selection does not.",The Investment Committee met 5 times in 2025 and the Board met 7 times. The Investment Committee reports to the Board at every Board meeting as a standing agenda item.,"Willis Towers Watson, Investment Consultant from 1 January 2025, replacing Mercer Ltd. Source line: 'Willis Towers Watson (WTW) was appointed as Investment Consultant on 1 January 2025, replacing Mercer for Defined Benefit (DB) advisory work and supporting the triennial valuation, Strategic Asset Allocation (SAA) review, and development of updated risk and liquidity frameworks.' Scheme Actuary Aaron Punwani of Lane Clark & Peacock LLP. Covenant Advisor Cardano. Pensions Legal Advisor Linklaters LLP. Custodian Northern Trust. Private equity manager Cambridge Associates.",Michael Pratten (Chief Investment Officer); Adam Matthews (Chief Responsible Investment Officer); John Ball (Chief Executive); Nikesh Patel (Chair of the Investment Committee from 1 January 2026); Roger Boulton (Chair of the Investment Committee to 31 December 2025); Peter Dickinson (Pensions Director),https://www.cofepensionsboard.org/sites/pensions-board/files/2026-07/CEPB-Annual-Report-2025---signed-by-Crowe.pdf,"Opened and converted to text: CEFPS incorporating CEIFP Annual Report and Accounts 2025, CAPF incorporating CEIFP 2025, CWPF incorporating CEIFP 2025, CEFPS Annual Report and Accounts 2024, CEPB charity Annual Report 2025 signed by Crowe, Annual Review 2025, Climate Risk Report 2025, TCFD Report 2024, Ethical and Responsible Investment Report 2025, Stewardship Report 2024. Grepped all ten case-insensitively for Asia, Pacific, Asian, China, India, Japan, BPEA, Baring, PAG, Hillhouse, MBK, Affinity, Navis, Quadria, Everstone, ChrysCapital, Kedaara, Peak XV, Carlyle, KKR, TPG, Blackstone, CVC, Pantheon, HarbourVest, Adams Street, Axiom, Asia Alternatives, LGT, StepStone, Hamilton Lane, AlpInvest, Portfolio Advisors. The only Asia hits in the audited accounts are Japanese Yen currency forwards in the hedging note. Also read the Board's own people page and the reports-and-accounts index. Every document cited is a Pensions Board document; no Church Commissioners for England document was used. COULD not FIND: any named private equity fund of any geography; any commitment amount per fund; any commitment year; the number of underlying funds in the Cambridge Associates mandate; a named Head of Investments; the date Cambridge Associates was appointed; the Asia share of the private equity book specifically. The 9.4% Asia Pacific figure in the Stewardship Report covers all asset classes including LDI, not private equity alone.",4
Cummins UK Pension Plan,United Kingdom,"Darlington, County Durham (trustee registered office); principal employer Cummins Limited, London","Corporate occupational pension scheme, DB Section closed to new entrants plus a DC Section; trustee Cummins UK Pension Plan Trustee Limited, company number 03762337, incorporated 26 April 1999",small,"no - and it is not in the market at all. A USD 50m cheque would be about 6 percent of the DB Section's GBP 826.2m of invested assets and about two thirds of the entire remaining private markets book. The Plan is 28 percent bought in with Legal and General Assurance Society, targets 103 percent funding on a self-sufficiency basis by the first half of the 2030s, sold most of its private markets in a 2024 secondary, and its April 2026 Statement of Investment Principles calls what is left 'legacy private market assets'. https://www.cumminsukpensions.co.uk/app/uploads/sites/13/2026/06/cummins-sip-2026-final.pdf","commits in its own name - Cummins UK Pension Plan Trustee Limited signs the Plan's own fund commitments, advised by Lane Clark & Peacock LLP as investment consultant. There is no fiduciary manager and no OCIO. Trustee Report 2025: 'The broad investment objectives are agreed by the Trustee, having consulted with the Employer. Within the context of these risk and return objectives, the Trustee, taking advice from the Plan's investment consultants, decides on the overall allocation of assets between the various asset classes, and selects the appropriate managers within each asset class.' https://www.cumminsukpensions.co.uk/app/uploads/sites/13/2026/06/cummins-accounts-2025.pdf","private equity was GBP 73.9m at 31 December 2025, down from GBP 81.4m a year earlier, 8.9 percent of DB invested assets of GBP 826.2m. Total net assets available for benefits were GBP 1,392.2m at 31 December 2025, split GBP 848.1m DB and GBP 544.1m DC. Note 30: 'The Plan sold down a majority of its private market holdings through a secondary market transaction in 2024.' Total undrawn commitment across all six remaining private market funds is GBP 2.6m (2024: GBP 6.2m). https://www.cumminsukpensions.co.uk/app/uploads/sites/13/2026/06/cummins-accounts-2025.pdf read 2026-09-19","not disclosed. The Plan publishes undrawn commitments and market values, never the original commitment amounts. The residual Axiom Asia II position is GBP 2.0m of value and GBP 743k undrawn. I: the whole remaining private markets book across six funds is GBP 73.9m, so the average residual position is about GBP 12m and the largest, Cabot Square, is GBP 25.2m. Any original Axiom Asia II commitment was a single-digit to low-double-digit millions figure, drawn from a GBP 2.0m residual on a fund that is close to fully realised.","CDH Investments VGC Fund I and VGC Fund II (China growth and venture) | GBP 16.5m for Fund II and GBP 7.2m for Fund III at 30 September 2025; undrawn at 31 December 2025 GBP 290k on CDH Growth VGC Fund II and GBP 197k on CDH Growth Fund III (held at 31 December 2025; commitment years not published)
Axiom Asia Private Capital Fund II | GBP 2.0m market value at 30 September 2025, with GBP 743k undrawn commitment at 31 December 2025; original commitment not published (held at 31 December 2025; Fund II is a 2007 to 2008 era vehicle and the Plan does not state its commitment year)
SC Capital Partners Real Estate Capital Asia Partners IV (RECAP IV), Asia real estate | GBP 3.7m at 30 September 2025, GBP 751k undrawn at 31 December 2025; original commitment not published (held at 31 December 2025)","Cummins UK Pension Plan Trustee Limited, chaired by KN Moore, with eleven trustee directors of whom five are member nominated. Investment work is delegated to an Investment Sub-Committee. SIP April 2026 clause 4.1: 'The Trustee has a desire to diversify its risk exposures and to manage its investments efficiently and has therefore delegated responsibility for investment decisions to its investment sub-committee (ISC). All decisions of the ISC will be recorded in committee minutes and made available to the full Trustee board.' The Trustee Report adds that the ISC has at least three Trustee Directors plus other suitably experienced individuals and owns manager monitoring and suitability.","Quarterly. The Trustee monitors funding quarterly at Trustee meetings and daily through LCP Visualise, and reviews manager performance periodically at Trustee meetings. The SIP was reviewed over 2025, consulted with the employer, and adopted in early June 2026. The last triennial actuarial valuation was at 1 January 2024.","Lane Clark & Peacock LLP is the investment consultant and produces the performance calculations. Willis Towers Watson supplies the Plan Actuary, A Mandley FIA. Isio Group Limited administers. Northern Trust is custodian. PricewaterhouseCoopers LLP audits. Hogan Lovells is solicitor. No fiduciary manager.","KN Moore (Chair, Cummins UK Pension Plan Trustee Limited); C White-Lewis (Secretary to the Trustee Company); A Mandley FIA (Plan Actuary, Willis Towers Watson); Lane Clark & Peacock LLP (Investment Consultant to the Plan (firm, no individual lead adviser named in the accounts))",https://www.cumminsukpensions.co.uk/app/uploads/sites/13/2026/06/cummins-accounts-2025.pdf,"Found the Plan's public member website at https://www.cumminsukpensions.co.uk and its plan documents index at https://www.cumminsukpensions.co.uk/infosheets?plandocuments. Downloaded and converted four primary PDFs in full: the Trustee Report and Accounts for the year ended 31 December 2025 (cummins-accounts-2025.pdf, 2.0MB, 3,982 lines), the Statement of Investment Principles dated April 2026 (cummins-sip-2026-final.pdf), the Implementation Statement (cummins-implementation-statement.pdf) and the 2025 Climate Change Report (climate-change-report-2025.pdf). Read the trustee and advisers directory, the membership tables, the funding position, the investment management section including the manager and asset allocation tables, the asset distribution table, note 30 Capital Commitments, the SIP investment strategy and manager objective appendices, and the Implementation Statement fund lists. Confirmed the trustee company at Companies House, number 03762337, incorporated 26 April 1999, registered at C/O Cummins Ltd, Yarm Road, Darlington DL1 4PW. Ran an SEC EDGAR full text search for 'Cummins UK Pension Plan' across 10-K filings, which returned one hit and it was Atmus Filtration Technologies, not Cummins Inc. Grepped every document for Axiom, Asia, Pacific, China, India, Japan, BPEA, Baring, PAG, Hillhouse, MBK, Affinity, Navis, Quadria, Everstone, ChrysCapital, Kedaara, Peak XV, Pantheon, HarbourVest, Adams Street, LGT, StepStone, Hamilton Lane, AlpInvest and Portfolio Advisors. WHAT this check could not FIND: the Plan never publishes original commitment amounts, only undrawn balances and market values, so the size of the original Axiom Asia II commitment and its commitment year are not public. It does not publish a fund-by-fund market value table in the accounts; the per-manager values come from the Climate Change Report's TCFD table at 30 September 2025, a different date from the accounts. There is no named individual lead investment adviser at LCP in any document. The Pensions Regulator publishes no scheme return detail for this Plan that I could reach. No Cummins Inc 10-K text naming the UK plan separately turned up in EDGAR full text search.",5
Devon County Council Pension Fund,United Kingdom,Exeter,LGPS fund (Brunel Pension Partnership partner fund; Brunel is winding down),moved,no - a GBP 136m private equity book with roughly GBP 5m-10m positions cannot absorb a US$50m ticket. Access would have to be through a pool.,"pool selects - Devon's private equity comes through Brunel's Neuberger Berman Clifton Private Equity vehicles and it holds a 'Long Term Investments - Brunel Pension Partnership' stake. Brunel was not approved under Fit for the Future and is winding down, with its funds moving 'mainly to LPPI, with some portfolios transitioning to LGPS Central'. https://www.dakota.com/resources/blog/the-six-lgps-pools-a-2026-guide-for-fund-managers","private equity GBP 135,772k at 31 March 2025, 2.2% of the fund; total fund GBP 6.1bn (2024: GBP 5.9bn). Devon's target private equity allocation is 3.0% against an actual of 2.2%.","not published. A GBP 136m private equity book spread across 16 named funds implies positions of roughly GBP 5m-10m, so Devon's own share of any one commitment is small.","Baring Asia Fund VIII (BPEA VIII) | fair-value gain of GBP 1,354k in 2024/25 (GBP 219k in 2023/24); the holding value is not published line by line (held at 31 March 2025)
J Star Fund No.5 | fair-value gain of GBP 878k in 2024/25 (GBP 23k in 2023/24) (held at 31 March 2025)
AlpInvest Co-Investment Fund VIII; Crown Global Secondaries V PE Fund (LGT); Montana Capital Partners Fund; Neuberger Berman Clifton Private Equity Fund III and IV | fair-value gains of GBP 1,432k, GBP 648k, GBP 661k, GBP 1,024k and GBP 320k in 2024/25 (held at 31 March 2025)","Devon County Council Investment and Pension Fund Committee, supported by a Brunel Oversight Board and an Investment Working Group.",Published on the Devon County Council committee calendar (democracy.devon.gov.uk). not VERIFIED in this pass.,Brunel Pension Partnership today; LPPI or LGPS Central after the wind-down. Devon's annual report names no separate manager-selection consultant.,not established (Director of Finance and Public Value (the officer who signs the annual report); the Head of Investments post-holder was not readable from the extracted text),https://lgpsboard.org/wp-content/uploads/2025/11/Devon2425_final.pdf,"Downloaded the full Devon Pension Fund Annual Report and Accounts 2024/25 from the LGPS Scheme Advisory Board mirror and read the entire level-3 private equity, infrastructure and private debt schedule (every named fund), the asset allocation table and the valuation notes. Grepped the whole document for Asia, Pacific, Pantheon, Axiom, HarbourVest, Adams Street, Partners Group.",3
Greater Manchester Pension Fund,United Kingdom,"Manchester (administering authority Tameside MBC, Droylsden)",LGPS fund (Northern LGPS partner fund; largest LGPS fund in England and Wales),moved,"yes at pool level, no alone - GMPF's own share of a new NPEP fund commitment averaged about GBP 20m in 2024/25, so a US$50m Pavilion ticket has to be written by NPEP for all three Northern funds together.","pool selects - GMPF's own accounts state 'All of GMPF's assets are either pooled or under pool management', and list 'Selection of private equity, infrastructure, property and other private-market funds' among the services Northern LGPS provides in-house. https://www.gmpf.org.uk/getmedia/243c39be-5411-4128-8fe9-b38e510061e9/GMPF-Annual-Report-2025-Draft.pdf","private equity valued at about GBP 2.0bn at 31 March 2025 (GBP 2,027m in the pooling table), of which GBP 851m is pooled in NPEP and GBP 1,176m is under pool management. Target allocation 5% of the Main Fund. Total fund net assets GBP 32.3bn at 31 March 2025.","six new fund investments totalling GBP 120m in 2024/25 implies about GBP 20m per fund at GMPF level. At NPEP level, where the decision is actually taken, the commitment is USD 55m-100m per fund.","GMPF's share of NPEP's Asia book - BPEA VIII and IX, Carlyle Asia Partners Growth II, KKR Asia IV, Warburg Pincus China & SE Asia II | USD 60m, USD 78.75m, USD 60m, USD 75m, USD 77.27m at NPEP level (2019-2025 vintages)
GMPF's share of HarbourVest TBW and HarbourVest Co-Investment Fund V | USD 800m and USD 100m at NPEP level (2020 and 2019)","GMPF Pension Fund Management Panel (the trustee-equivalent body: investment strategy, monitoring, guidance to officers in exercising delegated powers), advised by the Pension Fund Advisory Panel and three working groups. Fund selection runs through NPEP.",Management Panel and Advisory Panel meet on the published Tameside MBC calendar (tameside.moderngov.co.uk); the Northern LGPS Joint Committee that oversees pooling 'ordinarily meets four times per year'.,Northern LGPS / NPEP is the screen. GMPF's annual report refers to 'investment advisors' to the Management Panel without naming a retained manager-selection consultant.,Councillor E Wills (Chair of the Fund (and Chair of the Northern LGPS Joint Committee)); SJ Stewart (Chief Executive of GMPF); T Harrington (Assistant Director (Investments)); P Dowdall (Assistant Director (Local investments and property)),"https://northernlgps.org/assets/data/q4_2025.xlsx
https://www.gmpf.org.uk/getmedia/243c39be-5411-4128-8fe9-b38e510061e9/GMPF-Annual-Report-2025-Draft.pdf","Downloaded the full GMPF Annual Report 2025 PDF (21MB, 14,338 text lines) and grepped every occurrence of Asia, Pantheon, Axiom, HarbourVest, NPEP and private equity; read the private equity case-study section, the NPEP section, the pooling table and the officer and panel lists. Cross-checked the NPEP holdings schedule. Attempted the Tameside decision record for the GBP 130m NPEP funding (tameside.moderngov.co.uk returns HTTP 403 to automated fetches). Found no primary confirmation of the Preqin Axiom Asia record.",4
HSBC Bank (UK) Pension Scheme,United Kingdom,London,"Corporate hybrid scheme of HSBC UK, three sections (HBUK, HGSU, HCIB); DB closed and cashflow-driven, DC open and growing; trustee HSBC Bank Pension Trust (UK) Limited with a four-person in-house investment team",none,"no - the third-party private equity book is GBP 43.0m and the trustee has written in its audited accounts that it 'is in the process of being exited'. Purchases in 2025 were GBP 1.6m. The commitment schedule did not move except for currency. The trustee does not select private equity funds; Pathway does, under a mandate being wound up. Note 27 records 'no further contingent liabilities and no contractual commitments (2024: nil)'. The case against this answer is real. The scheme is GBP 28.6bn, in surplus, running on rather than buying out, has an in-house CIO and a four-person investment team, and its DC section did start buying private markets in July 2024. But the DC vehicle chosen was a single pooled LTAF run by Fulcrum, not a fund-commitment programme, and the DB side is contracting by design.","manager selects - Pathway Capital Management for private equity, and Fulcrum Asset Management for DC private markets inside the WS Fulcrum Diversified Private Markets (H) LTAF. The DB SIP manager table reads 'Private equity | Pathway Capital Management | 30% FTSE 100, 70% S&P 500 | 4.0% per year over the long-term', and the Implementation Statement says of Pathway 'Assets are held until liquidated, therefore turnover is not calculated.' The scheme has no fiduciary manager and no OCIO, and appoints managers directly mandate by mandate, but for private equity specifically the fund selection sits with Pathway. https://futurefocus.staff.hsbc.co.uk/-/media/project/futurefocus/information-centre/other-information/defined-benefit-statement-of-investment-principles.pdf","the audited 'Private equity funds' line is GBP 288.6m at 31 December 2025 (2024: GBP 314.6m), all in the HBUK DB section, and it splits into Pathway GBP 43.0m (2024: GBP 52.0m) and Schroders Greencoat GBP 245.6m (2024: GBP 262.6m). Greencoat is wind and solar, so the genuine third-party private equity book is GBP 43.0m. Total scheme net assets were GBP 28,576.0m at 31 December 2025 (2024: GBP 27,206.3m), of which DB GBP 18,720.1m and DC GBP 9,855.9m. The 2024 TCFD report shows DB HBUK private equity at 'less than 1%'. https://futurefocus.staff.hsbc.co.uk/-/media/project/futurefocus/information-centre/other-information/annual-report--financial-statements-for-the-year-31-december-2023.pdf",there are no per-fund tickets. The whole programme is one discretionary mandate. Note 26 Capital commitments reads 'Pathway private equity 798.7 799.5' with the explanation 'Changes to the Pathway private equity commitment represent changes to the GBP:USD exchange rate on an initial GBP commitment of GBP 750m.' Undrawn was GBP 59.5m at 31 December 2025 (2024: GBP 61.6m). Purchases across calendar 2025 were GBP 1.6m against GBP 25.9m of sales. https://futurefocus.staff.hsbc.co.uk/-/media/project/futurefocus/information-centre/other-information/annual-report--financial-statements-for-the-year-31-december-2023.pdf,,"The Asset and Liability Committee (ALCo), chaired by Steve Towers, handles investment matters and recommends to the Trustee Board. 'All these agents feed into the Scheme's Asset and Liability Committee (ALCo), a dedicated committee who handles the majority of investment matters in relation to the DB assets and the ability to pay the liabilities. Where decisions are required to be taken by the Trustee, the ALCo has made recommendations to the Trustee.' The Trustee Board has 11 directors, seven employer-nominated and four member-nominated, with Capital Cranfield and Law Debenture both holding seats. A real in-house executive exists: 'the four-person dedicated team of investment professionals within the Pension Scheme Executive (PSE) headed up by an experienced Chief Investment Officer (CIO)'.","Quarterly. 'The PSE monitors the performance of the Scheme's DB funds and portfolios on a quarterly basis, using the quarterly investment report' and 'ALCo maintains a quarterly risk dashboard covering investment risks.' The 31 December 2025 actuarial valuations are under way now. ALCo's own meeting frequency and its delegated approval limit are not published.","WTW is the DB investment and actuarial adviser: 'the Trustee's existing advisors (WTW for the DB benefits and LCP for the DC benefits)'. Scheme actuary Towers Watson Limited. Auditor PwC. DB administrator Equiniti, DC administrator WTW Outsourcing GB. Private equity gatekeeper Pathway Capital Management. No fiduciary manager, no OCIO. HSBC Asset Management holds only the DB cash liquidity mandate benchmarked to SONIA.","Brian Kilpatrick (Trustee Chief Investment Officer, HSBC Bank Pension Trust (UK) Limited); Steve Towers (Chair of the Asset and Liability Committee; Member Nominated Director, term extended to March 2027); Ruston Smith (Chair of the Trustee Board and Chair of Governance & Nominations); Lisa Young-Harry (Trustee Chief Executive Officer); Eoin Seager (Trustee Head of Funding and Covenant)",https://futurefocus.staff.hsbc.co.uk/-/media/project/futurefocus/information-centre/other-information/annual-report--financial-statements-for-the-year-31-december-2023.pdf,"Downloaded and converted ten primary documents, OCRing the audited financial statements where the PDF text layer failed. HSBC Bank (UK) Pension Scheme Annual Report and Financial Statements for the year ended 31 December 2025, 167 pages, including the Chairs' foreword, the Trustee's Report, the Statement of Net Assets, note 11 investment movements and risk, note 25 longevity insurance, note 26 capital commitments, note 27 contingent liabilities and note 28 subsequent events. The scheme's TCFD Report 2024, 51 pages. The DB and DC Statements of Investment Principles. The DB and DC Implementation Statements 2025. The HBUK actuarial valuation at 31 December 2022. HSBC Holdings plc Annual Report and Accounts 2025 (372 pages) and 2024, post-employment benefits note and note 36. The Companies House officer record for HSBC Bank Pension Trust (UK) Limited, company 00489775. The scheme's own trustees page. Grepped all of them for Asia, Asian, Pacific, China, India, Japan, BPEA, Baring, PAG, Hillhouse, MBK, Affinity, Navis, Quadria, Everstone, ChrysCapital, Kedaara, Peak XV, Carlyle, KKR, TPG, Blackstone, CVC, Pantheon, HarbourVest, Adams Street, Axiom, Asia Alternatives, LGT, StepStone, Hamilton Lane, AlpInvest and Portfolio Advisors. Every Asia hit was a false positive: the LGIM Japan Equity Index Fund and LGIM Asia Pacific (ex Japan) Developed Equity Index Fund are passive DC tracker options each under 0.1% weight, 'Asia-Pacific 47%' is the geography of proxy votes cast by the L&G global equity index mandate, and the China references are climate engagement targets. Two entry points in the original brief are dead: hsbcpensions.co.uk is NXDOMAIN and futurefocus.staffcb.hsbc.com is NXDOMAIN. The live site is futurefocus.staff.hsbc.co.uk, whose document library is an open JSON endpoint at /api/getDocumentListAccess returning 141 public PDFs. Note the accounts URL carries a stale 2023 filename but serves the year ended 31 December 2025; I re-downloaded it and confirmed the cover page. Could not establish: the contents of the TCFD Report 2025 (52 pages, downloaded, text is vector-outlined and did not extract), the underlying fund list inside Pathway Private Equity Fund XIX LP, and ALCo's meeting frequency and delegated authority limit.",4
Kent County Council Pension Fund (Kent Pension Fund),United Kingdom,Maidstone,LGPS fund (ACCESS pool member; joining Border to Coast),none,"no, not directly - Kent's private equity is one discretionary mandate with HarbourVest, not a programme of fund commitments; a US$50m primary ticket would have to come from HarbourVest's programme or, after 2026, from Border to Coast.","hybrid moving to pool selects - private equity sits in the 48.9% of the fund 'managed outside the ACCESS Pool' at 31 March 2025, but ACCESS is winding down and Kent is one of seven funds joining Border to Coast: 'in October 2025 it was agreed to form an expanded partnership with LGPS funds from Cambridgeshire, East Sussex, Essex, Hertfordshire, Kent, Northamptonshire and West Sussex'. https://www.bordertocoast.org.uk/wp-content/uploads/2026/07/2025-26-Annual-Report-Accounts.pdf","private equity is HarbourVest GBP 326.5m plus YFM GBP 75.1m, about GBP 402m, on a GBP 8.45bn fund at 31 March 2025 (2024: GBP 8.14bn). Target private equity allocation 5.0%.","Kent does not commit to individual funds. It buys a single discretionary private equity programme from HarbourVest, so there is no per-fund ticket to quote.",,"Kent County Council Superannuation Fund Committee (Pension Fund Committee), supported by an Investment Sub-Committee.",Published on the Kent County Council committee calendar at democracy.kent.gov.uk. not VERIFIED in this pass - that site returns HTTP 403 to every automated request I made.,HarbourVest is the incumbent private equity gatekeeper. From 2026 the pool screen becomes Border to Coast rather than ACCESS.,"Nick Buckland (Head of Pensions and Treasury, Kent Pension Fund)",https://lgpsboard.org/wp-content/uploads/2025/11/Kent2425_draft.pdf,"Read the full Kent Pension Fund Report and Accounts 2025 from the LGPS Scheme Advisory Board mirror - the manager table, the pooled versus non-pooled split, the asset allocation targets and the officer list - and grepped the whole document for Asia, Pacific, Pantheon, Adams Street, Axiom and Partners Group. no occurrence of Asia or Pacific anywhere in the document. democracy.kent.gov.uk committee papers returned HTTP 403 to every direct fetch, so the committee cadence and any fund-level commitment list remain unchecked.",2
LGPS Central Limited,United Kingdom,Wolverhampton,LGPS asset pool (FCA-authorised asset manager and AIF operator; 14 partner funds at September 2026; company number 10425159),none,"yes - but it would sit at the top of the range. I: the GBP 365m 2021 and GBP 315m 2023 primary partnerships can each carry a USD 50m position, and the pool signs one commitment for 14 partner funds, but the implied average line is nearer GBP 26m to GBP 39m, so USD 50m would be a conviction-sized ticket rather than a routine one. No published commitment schedule confirms an actual ticket size.","commits in its own name - LGPS Central Limited is the FCA-authorised manager and AIF operator that signs the commitments, and it runs its own manager selection. Its Annual Report 2025 states 'There are two manager selection processes being undertaken currently' and describes completing 'the manager search and transitioned assets to an additional Manager within our Global Equity Active Multi-Manager Fund, Longview Partners'; the private markets platform reports to Nadeem Hussain, Head of Private Markets. Checked no external private markets adviser or gatekeeper named in any document checked. https://www.lgpscentral.co.uk/documents/2025-07_Annual-Report_v6.pdf","five named private equity vehicles totalling GBP 1,077m at 31 March 2025 - PE Primary 2018 GBP 150m, PE Primary 2021 GBP 365m, PE Primary 2023 GBP 315m, Co-Invest 2018 GBP 107m, Co-Invest 2021 GBP 140m, from the LGPS Central Fund Map in the Annual Report and Financial Statements 2025. Sits inside a 'GBP 6bn-plus private markets programme'. Total assets under the Company's stewardship GBP 44.9bn at 31 March 2025 (GBP 29.9bn in 2024); combined partner fund assets approximately GBP 68bn (2024: GBP 61bn). The private markets platform grew 27.6%, or GBP 1.4bn of new commitments, across four asset classes in 2024/25. https://www.lgpscentral.co.uk/documents/2025-07_Annual-Report_v6.pdf read 2026-09-19","not published. LGPS Central discloses the size of each PE Primary and Co-Investment partnership but no fund-by-fund commitment schedule, and its annual report names no underlying GP. Partner fund accounts show commitments INTO the pool vehicles, not out of them: Leicestershire County Council Pension Fund had outstanding commitments of GBP 1.5m to PE Primary Partnership 2018 LP, GBP 19.3m to 2021 LP and GBP 73.7m to 2023 LP at 31 March 2025. https://lgpsboard.org/wp-content/uploads/2025/11/Leicestershire2425_draft-1.pdf read 2026-09-19. I: a GBP 315m 2023 primary partnership spread over a normal 8 to 12 fund programme implies roughly GBP 26m to GBP 39m per underlying fund.",,"LGPS Central Limited board (Chair Nemone Wynn-Evans, CEO Richard Law-Deeks), with a board-level Investment Oversight Committee established in April 2024 chaired by Ciaran Barr and including Joanne Segars and Ian Armfield. The IOC 'plays a crucial role in enhancing the strategic oversight of the company's investment activities' and is 'responsible for overseeing the development and execution of investment strategies, including the introduction of new asset classes and product development'. The Audit, Risk and Compliance Committee reviews 'the private markets investments Limited Partnerships' financial statements'. Fund selection sits with the internal private markets team.","Private markets run as dated VINTAGES, which is the commercial calendar a manager has to hit. Private equity vintages so far are 2018, 2021 and 2023. Private credit reached its second vintage in October 2024 with GBP 658m of partner fund commitments. The IOC met three times in 2024/25.","No external gatekeeper found. LGPS Central is itself the buying seat for 14 LGPS funds. Note the trap: Leicestershire's accounts read 'Strategic Asset Allocation, LGPS Central Private Equity 2023 vintage, Adams Street Partners global funds 2024' in one sentence, but Adams Street Partners is listed separately at GBP 348.5m under 'Investments Managed outside of Pool' in the same report, so Adams Street is Leicestershire's OWN direct private equity manager and not LGPS Central's adviser.","Richard Law-Deeks (Executive Director, Chief Executive Officer); Jayne Atkinson (Chief Investment Officer); Nadeem Hussain (Head of Private Markets); Nemone Wynn-Evans (Chair and Non Executive Director); Ciaran Barr (Non Executive Director, Chair of the Investment Oversight Committee); Trevor Castledine (Chief Client & Advisory Officer (joined 2024 as Chief Commercial Officer; previously Investment Director for Private Credit at LPPI and Deputy CIO at Lancashire County Pension Fund)); Gordon Ross (Chief Investment Officer until he stepped down during the year to 31 March 2025)",https://www.lgpscentral.co.uk/documents/2025-07_Annual-Report_v6.pdf,"Opened the LGPS Central homepage and About Us page (both read 2026-09-19), the Our People page, the News index, the Annual Report and Accounts index and the ACS Fund Investments index, and downloaded and read the Annual Report and Financial Statements 2025 (17MB PDF, year to 31 March 2025) in full, grepping it for Asia, Pacific, BPEA, Baring, Pantheon, HarbourVest, Axiom, Adams Street, StepStone, Hamilton Lane, AlpInvest, Neuberger, Carlyle, KKR and TPG. zero hits on every one of those names: the pool's own report does not name a single underlying private equity fund or GP. Also downloaded and grepped the 2024/25 annual reports of five partner funds - West Midlands, Leicestershire, Nottinghamshire, Derbyshire and Shropshire. Only West Midlands and Leicestershire disclose fund-level private equity names, and West Midlands' Asia names are its own legacy book rather than pool vehicles. Nottinghamshire and Derbyshire disclose no pool PE vehicle at all; Shropshire runs its private equity through HarbourVest outside the pool (GBP 186.1m at 31 March 2025). Checked Companies House 10425159 overview (company Active, last accounts to 31 March 2025, next to 31 March 2026 due 31 December 2026). COULD not FIND: any 2025 or 2026 private equity vintage later than 2023, any underlying GP inside the pool's PE vehicles, any external private markets adviser, and no 2025/26 annual report is published yet (the most recent was published 12 September 2025).",3
Leicestershire County Council Pension Fund,United Kingdom,Leicester (Glenfield),LGPS fund (LGPS Central partner fund),none,"no directly, yes through LGPS Central - Leicestershire's private equity is bought as annual vintage programmes, not as individual fund commitments.",pool selects - new private equity is committed through 'LGPS Central Private Equity 2023 vintage'; LGPS Central Limited is the pool operator. https://lgpsboard.org/wp-content/uploads/2025/11/Leicestershire2425_draft-1.pdf,pooled private equity GBP 410.9m and a private equity line of GBP 411.0m falling to GBP 390.9m; total fund GBP 6.6bn at 31 March 2025.,"not published. Leicestershire buys programmes (Adams Street, LGPS Central vintages) rather than individual funds, so there is no per-fund ticket.",,"Leicestershire Local Pension Committee, chaired by the Local Pension Committee Chairman, with delegation to the Director of Corporate Resources.",Published on democracy.leics.gov.uk. The LGPS Central public-markets and private-markets papers go to that committee (a December 2025 'Central public markets' paper is published there).,LGPS Central Limited. Hymans Robertson is the scheme actuary. Adams Street remains the legacy private equity gatekeeper.,Declan Keegan (LGPS Senior Officer and Director of Corporate Resources); Ian Howe (Pensions Manager),https://lgpsboard.org/wp-content/uploads/2025/11/Leicestershire2425_draft-1.pdf,"Read the full Leicestershire Pension Fund Annual Report 2024/25 from the LGPS Scheme Advisory Board mirror - manager table, asset allocation, governance section, officer list - and grepped for Asia, Pacific, Pantheon, Axiom, HarbourVest, Adams Street, Partners Group. The only Asia hit is 'Asia-Pacific Equity Hedged 19%', a listed-equity benchmark weight, not a private equity holding. Leicestershire publishes no fund-level private equity schedule.",2
"Lloyds Banking Group Pensions (Lloyds Bank Pension Scheme No.1, Lloyds Bank Pension Scheme No.2 and the HBOS Final Salary Pension Scheme, under Lloyds Banking Group Pensions Trustees Limited)",United Kingdom,London,Closed UK corporate defined-benefit pension schemes under a single corporate trustee,none,"no - the schemes disclose no private equity holding at all at 31 December 2025, 2024, 2020 or 2019, and c.47% of assets sit in LDI. A USD 50m private equity fund commitment would be a new asset class for a scheme whose stated direction is longevity de-risking.","commits in its own name - the trustee is a single corporate trustee, Lloyds Banking Group Pensions Trustees Limited (Companies House 09919377, registered office 25 Gresham Street, London EC2V 7HN, status Active), and it signs its own insurance and investment contracts. It ran its own market process for the December 2025 longevity deals: 'The selection of Rothesay and the reinsurers followed a fair, robust and transparent review of the longevity insurance and reinsurance options available across the market.' https://www.artemis.bm/news/lloyds-bank-pensions-longevity-swaps-reinsurance-2025-record-year/. Checked no in-house investment management company and no fiduciary manager or OCIO for these schemes.","none disclosed. Scheme assets were GBP 29,183m at 31 December 2025 (2024: GBP 30,063m). The note breaks the GBP 6,617m of pooled investment vehicles into alternative credit funds GBP 1,138m, bond and debt funds GBP 276m, equity funds GBP 1,644m, hedge and mutual funds GBP nil, infrastructure funds GBP 1,012m, liquidity funds GBP 1,702m, property funds GBP 817m and other GBP 28m. There is no private equity line. Directly held unquoted equity instruments were GBP 59m. https://www.sec.gov/Archives/edgar/data/1160106/000116010626000010/lyg-20251231.htm read 2026-09-19",not disclosed anywhere I could reach. No commitment schedule is published for these schemes and the sponsor's accounts give asset categories only.,,"Lloyds Banking Group Pensions Trustees Limited board, with an Investment & Funding Committee chaired by Trustee Director Vicky Paramour. The trustee board was merged into a single board across the Lloyds schemes in 2016 and 2019. Directors at 2026-09-19 include Harold Francis Baines, Jocelyn Patricia Blackwell, Richard Geoffrey Meade Conway, Michelle Ann Cracknell, Shirley Hughes, Victoria Claire Paramour, Sunil Raja and The Law Debenture Pension Trust Corporation P.L.C.","Triennial funding valuation cycle. The 31 December 2022 triennial valuation was completed in 2023 and no further deficit contributions were due to 31 December 2025. Longevity transactions have run at roughly two to three a year since 2020: GBP 10bn in January 2020, GBP 5.5bn in February 2022, GBP 5.1bn across two deals in March 2025 and GBP 4.8bn across three deals announced December 2025.","WTW is both the scheme administrator ('contact WTW (the scheme administrator) at 01737 227 522' on the scheme's own website) and lead adviser on the longevity programme ('Matt Wiberg, WTW, lead adviser to the Trustee'). A&O Shearman is legal adviser. No investment consultant for private markets is named in any document I reached, and no fiduciary manager or gatekeeper appears.","Victoria (Vicky) Claire Paramour (Trustee Director and Chair of the Investment & Funding Committee, Lloyds Banking Group Pensions Trustees Limited); Matt Wiberg (WTW, lead adviser to the Trustee on the longevity programme); Kate McInerney (A&O Shearman, legal adviser to the Trustee)",https://www.artemis.bm/news/lloyds-bank-pensions-longevity-swaps-reinsurance-2025-record-year/,"Opened the Lloyds Banking Group plc Annual Report and Accounts 2025 in full, filed as the inline-XBRL document lyg-20251231.htm inside the 2026-02-13 Form 20-F (https://www.sec.gov/Archives/edgar/data/1160106/000116010626000010/lyg-20251231.htm), and read Note 12 Retirement benefit obligations end to end, including the composition of scheme assets table, the pooled investment vehicle breakdown, the asset-liability matching section and the governance paragraphs. Opened the FY2020 filing (https://www.sec.gov/Archives/edgar/data/1160106/000116010621000011/lyg-20201231.htm) and the FY2023 filing (https://www.sec.gov/Archives/edgar/data/1160106/000116010624000009/lyg-20231231.htm) to check the 2019, 2020, 2022 and 2023 pooled vehicle breakdowns. Grepped both for private equity, Asia, Pacific, Pantheon, HarbourVest, Adams Street, BPEA, Baring, Hillhouse, MBK, Affinity, Navis, Axiom, StepStone, Hamilton Lane and AlpInvest; the only private equity hits are Lloyds Development Capital, the bank's own captive, and the insurance division's IPEV valuation policy, neither of which is a pension scheme holding. Opened the scheme website https://www.lloydsbankinggrouppensions.com/ and its /documents page; the document library is gated behind a member-type and scheme selector rendered client-side, exposes no PDF hrefs and no API route in its /bundles/js bundle, so this check could not reach the Trustee Report and Accounts, the Statement of Investment Principles or the Implementation Statement. Enumerated every URL the Internet Archive holds for lloydsbankinggrouppensions.com (1,714 captures) and for lloydsbankinggroup.com (34,720 captures); the only scheme-level investment documents indexed are the 2021 annual climate disclosures reports for No.1, No.2 and HBOS, and all three now 404 on the live site and failed playback from the Wayback Machine (HTTP 404 on the id_, if_ and plain forms; the availability API then rate-limited me). Read the Artemis reports of the December 2025 and March 2025 longevity transactions in full and pulled the Companies House record and officer list for Lloyds Banking Group Pensions Trustees Limited (09919377). This check could not find a Statement of Investment Principles or an Implementation Statement for any of the three schemes anywhere on the open web.",4
Local Pensions Partnership Investments Ltd (LPPI),United Kingdom,"London (with Preston and, from 2026, Bristol)",LGPS asset pool (FCA-authorised; nine partner funds from 1 April 2026; owned via LPPI Holdings Ltd by Lancashire County Council and the London Pensions Fund Authority),signs,"yes - a GBP 1.39bn private equity programme run for nine partner funds and roughly GBP 60bn of AUM absorbs a USD 50m single-fund ticket comfortably. I: no published commitment schedule proves an actual ticket, so the size judgement rests on programme scale rather than a disclosed line.","commits in its own name - LPPI is the FCA-authorised manager and its in-house team selects. Lancashire County Pension Fund's 2024/25 annual report states 'Day to day decision-making around the appointment of asset managers, the selection of investment products, and the exercise of ownership responsibilities is delegated to LPPI, which is a Financial Conduct Authority (FCA) regulated investment company'. https://lgpsboard.org/wp-content/uploads/2025/11/Lancashire2425_final.pdf read 2026-09-19. LPPI's own annual report lists 'In-house investment and risk management - deep and broad in-house investment expertise' and an Investment Committee that 'acts under delegated authority from the Board' and meets 'to consider investment proposals'. https://www.lppi.co.uk/media/ilok213b/lppi-annual-report-and-financial-statements-2024-2025.pdf","'LPPI Private Equity Funds... Total size: GBP 1.39 billion (at 31 March 2026)', structure a special purpose vehicle, launch date March 2017. https://www.lppi.co.uk/investments/our-funds/ read 2026-09-19. Total AUM approximately GBP 60bn at 30 June 2026 (https://www.lppi.co.uk/ read 2026-09-19), against GBP 26.5bn for three partner funds in the audited Annual Report and Financial Statements 2024-2025 (https://www.lppi.co.uk/media/ilok213b/lppi-annual-report-and-financial-statements-2024-2025.pdf). The two owner funds alone held GBP 1,279m of the PE vehicle at 31 March 2025 - Lancashire GBP 692.9m (5.8%) and the London Pensions Fund Authority GBP 586.4m (7.26%).","not published. LPPI does not disclose the underlying holdings of its private equity vehicles. The LPPI Asset Pooling ACS annual report to 31 March 2025 and the interim to 30 September 2025 both carry full line-by-line portfolio statements, but the ACS contains only the listed equity and fixed income sub-funds; the private equity vehicles sit OUTSIDE the ACS as special purpose vehicles and publish no schedule. Lancashire and LPFA disclose only the single aggregate line 'LPPI Private Equity Fund' / 'LPPI PE Investments (No.1) LP'.","Baring Asia Fund VIII (BPEA VIII) | GBP 1.354m change in market value in 2024/25, commitment not published (held at 31 March 2025 by Devon County Council Pension Fund, which became an LPPI partner fund on 1 April 2026; vintage not stated)
J Star Fund No.5 | GBP 0.878m change in market value in 2024/25, commitment not published (held at 31 March 2025 by Devon County Council Pension Fund, which became an LPPI partner fund on 1 April 2026; vintage not stated)","LPPI Investment Committee, acting under delegated authority from the LPPI Board (Chair Jonathan Little, CEO Chris Rule). The Board also runs a Remuneration Committee and an Audit and Risk Committee. Above the manager sit the nine partner funds as equal shareholders.","Not published as a fixed cycle. The Investment Committee meets to consider investment proposals; LPPI runs open-ended pooled vehicles rather than the dated vintages LGPS Central and Brunel used, so there is no fixed commitment window to hit.","No external private markets gatekeeper found. LPPI selects in-house. Faith Ward, previously Chief Responsible Investment Officer at Brunel, was appointed Senior Strategic Adviser on 2 July 2026, but her remit is responsible investment and external advocacy, not fund selection.","Chris Rule (Chief Executive Officer); Richard J Tomlinson (Chief Investment Officer); Dev Jadeja (Deputy Chief Investment Officer, leading indirect investment activities across all asset classes (which covers private equity fund selection)); Jonathan Little (Chair of the LPPI Board); Louise Jack (Chief Operating and Financial Officer); Roelie van Wijk (Non-Executive Director; previously a non-executive director of Brunel Pension Partnership); Faith Ward (Senior Strategic Adviser (responsible investment); previously Chief Responsible Investment Officer at Brunel Pension Partnership)","https://lgpsboard.org/wp-content/uploads/2025/11/Devon2425_final.pdf
https://www.lppi.co.uk/media/ilok213b/lppi-annual-report-and-financial-statements-2024-2025.pdf","LPPI has MOVED DOMAIN: www.localpensionspartnership.org.uk now 301-redirects to https://www.lppi.co.uk/. Opened the new homepage, Our funds, Our people, Annual Report and Accounts, LPPI Asset Pooling ACS Reports, Assessment of Value Reports and News (all read 2026-09-19). The document links are injected by JavaScript, so I harvested the 514-entry sitemap at https://www.lppi.co.uk/sitemap.xml, walked all 33 document detail pages and extracted the real /media/<hash>/ PDF URLs. Downloaded and read: LPPI Annual Report and Financial Statements 2024-2025, the LPPI Asset Pooling ACS annual report to 31 March 2025, the ACS interim to 30 September 2025, the Assessment of Value Report to 31 March 2025 and the ACS Prospectus dated 18 August 2026. Grepped all five for Asia, Pacific, BPEA, Baring, PAG, Hillhouse, MBK, Affinity, Navis, Quadria, Everstone, ChrysCapital, Kedaara, Peak XV, Axiom, Pantheon, HarbourVest, Carlyle, KKR, TPG, Blackstone, CVC, J-Star, Hahn, Boyu, Primavera, Advantage Partners and Unison. THE HOLDINGS LIST DOES not COVER PRIVATE EQUITY: the ACS portfolio statements are line-by-line but the ACS holds only the listed equity and fixed income sub-funds, and the only Asia hits are listed securities and bonds (Bank Central Asia, Asian Development Bank). The LPPI Private Equity Funds are special purpose vehicles outside the ACS and publish no underlying holdings anywhere I could reach. Also downloaded and read the 2024/25 annual reports of Lancashire County Pension Fund and the London Pensions Fund Authority from lgpsboard.org; both disclose only a single aggregate LPPI private equity line. Read five dated LPPI news releases covering the Brunel transfer. COULD not FIND: any named underlying private equity fund or GP inside an LPPI vehicle, any Head of Private Equity by name, and any statement of what happened to the inherited Brunel private equity vehicles after 1 April 2026.",3
London CIV (London LGPS CIV Limited),United Kingdom,London,"LGPS asset pool, FCA-authorised ACS operator and AIFM (FRN 710618); 33 shareholders from 1 April 2026 (32 London boroughs, the City of London Corporation, Buckinghamshire Council)",small,"unclear - the balance sheet is plainly large enough (GBP 3.8bn of private markets commitments across eight vehicles, GBP 38.5bn pooled), but there is no private equity fund to write the ticket from yet. The two private equity products were still pre-launch at 31 March 2026. Until the diversified private equity fund closes, the answer is a capability yes and an availability no.","commits in its own name - London CIV is itself the FCA-authorised pool and its own team selects the underlying funds for its private markets vehicles. The fund range table lists the Investment Manager as 'London CIV' for the LCIV Infrastructure Fund, LCIV Renewable Infrastructure Fund, LCIV Private Debt Fund, LCIV Private Debt II Fund, LCIV UK Housing Fund and LCIV Nature Based Solutions Fund. Only two private markets vehicles are outsourced: the LCIV Real Estate Long Income Fund (Aviva) and The London Fund (LPPI). Mercer is the strategic asset allocation partner, not a fund gatekeeper. https://londonciv.org.uk/home/download/1/brochure_file","zero at pool level. London CIV ran no private equity fund at 31 March 2026. Its Annual Report and Financial Statements for the year ended 31 March 2026 says 'We have also continued to address the gap in our product offering in private equity. Work is underway to launch two new products: a diversified private equity fund and a UK early-stage growth fund' and 'We expect to bring these products to market in the coming year'. Total private markets at 31 March 2026 was GBP 3.8bn committed across 8 funds (infrastructure, renewable infrastructure, two private debt funds, two real estate funds, The London Fund, nature-based solutions); AIFM private markets AUM rose from GBP 2.2bn to GBP 2.7bn over the year; total pooled and deemed-pooled assets rose from GBP 34.2bn to GBP 38.5bn. https://londonciv.org.uk/home/download/1/brochure_file","not published at underlying-fund level. The annual report gives pool-vehicle sizes only, e.g. LCIV Infrastructure Fund GBP 510m committed / GBP 418m drawn, LCIV Renewable Infrastructure Fund GBP 1,109m / GBP 714m, LCIV Private Debt Fund GBP 625m / GBP 467m, LCIV Private Debt II Fund GBP 660m / GBP 163m, The London Fund GBP 250m / GBP 130m. London CIV publishes no fund-by-fund commitment schedule. I: a diversified private equity fund seeded out of a GBP 38.5bn pool with 33 partner funds would write nine-figure vehicle sizes, but no per-GP ticket is evidenced. https://londonciv.org.uk/home/download/1/brochure_file","Pantheon Asia Fund VI LP (held by Buckinghamshire Pension Fund, which joined London CIV on 1 April 2026) | GBP 2.396m outstanding undrawn commitment at 31 March 2025; total commitment not published (held at 31 March 2025; vintage not stated in the source)
Pantheon Asia Fund V LP (held by Buckinghamshire Pension Fund, which joined London CIV on 1 April 2026) | GBP 0.862m outstanding undrawn commitment at 31 March 2025; total commitment not published (held at 31 March 2025; vintage not stated in the source)","London CIV Board (Chair Mike Craston, independent non-executive; 4 non-executives and 2 executives) with three board committees: the Investment and Customer Outcomes Committee (ICO, Chair Yvette Lloyd), the Compliance, Audit and Risk Committee (CARCO, Chair Mark Laidlaw) and the Remuneration and Nominations Committee (RemNomCo, Chair Kitty Ussher). ICO 'is responsible for overseeing investment activity and risk appetite' and its stated focus includes 'Reviewing material risks relating to service and product launches under the Service and Product Framework' and 'Reviewing fund performance, assessing investment manager selection metrics and overseeing investment risk across funds'. ICO attendees are the Chief Investment Officer and Chief Operations Officer. Above the Board sit the shareholders: the Shareholder Committee (SHCo, Chair Cllr Rishi Madlani of Camden), 12 members drawn from London local authorities plus a trade union member and the Board Chair. Fund selection itself sits with the executive Investment Team under the CIO; ICO oversees it.","2 shareholder General Meetings per year, Shareholder Committee 4 times a year, Sustainability Working Group 4 times a year. Product launches run through the Service and Product Framework via ICO. The two private equity products were flagged for market in the year to 31 March 2027, which is the window a manager has to hit.","No external private equity gatekeeper. Mercer was appointed as strategic SAA partner after a full procurement. BlackRock eFront was procured as the private markets portfolio system. LPPI co-manages The London Fund and Aviva manages the Real Estate Long Income Fund, but neither selects private equity.","Dean Bowden (Chief Executive Officer (appointed December 2022); member of the Board, CARCO and ICO; chairs the Executive Committee); Jenny Buck (Chief Investment Officer; appointed January 2025 from Tesco Pension Investment; authors the Investment Services section of the annual report); Yvette Lloyd (Non-Executive Director and Chair of the Investment and Customer Outcomes Committee (ICO), the committee that oversees product launches and manager selection metrics; appointed January 2022); Mike Craston (Independent Non-Executive Director and Board Chair; appointed September 2021); Dagmar Dvorak (Head of Investment Strategy and Strategic Asset Allocation; appointed during 2025/26, building a team of six by end-2026); James Beaumont (Head of Public Markets, appointed during 2025/26); Cllr Rishi Madlani (Chair of the Shareholder Committee; appointed a Board Advisor on shareholder matters in March 2026; Councillor in Camden and chaired Camden's Pension Committee); Danny Firth (Chief Operating Officer, joined 19 February 2026)","https://lgpsboard.org/wp-content/uploads/2025/11/Buckinghamshire2425_draft.pdf
https://londonciv.org.uk/home/download/1/brochure_file","Downloaded and read the London CIV Annual Report and Financial Statements for the year ended 31 March 2026 (2.8MB PDF from https://londonciv.org.uk/home/download/1/brochure_file), reading the CEO statement, the CIO Investment Services section, the full fund range and AUM table, the governance framework, the board committee descriptions and all board biographies; grepped the whole document for Asia, Pacific, Pantheon, Axiom, HarbourVest, Adams Street, BPEA, Baring, Carlyle, StepStone, Hamilton Lane, AlpInvest, Portfolio Advisors, MBK, Hillhouse and PAG. The only Asia hit in the entire annual report is a market-commentary sentence about energy security. Also read https://londonciv.org.uk/our-funds (public fund range, which carries public market funds only), https://londonciv.org.uk/our-people (five-person executive committee, no private markets head) and the 106-item news index at https://londonciv.org.uk/news. The four private markets fund detail pages 404 on the public site; those sit behind the client portal. Separately downloaded and grepped thirteen London CIV partner fund annual reports from lgpsboard.org (Tower Hamlets, Lambeth, Enfield, Sutton, Kingston, Greenwich, Havering, Hounslow, Newham, Buckinghamshire for 2024/25 and Brent, City of London, Hackney for 2023/24). COULD not FIND: any LCIV private equity vehicle, any launch date or target size for the two products in build, any named private equity or private markets hire, any underlying-fund list for the LCIV Infrastructure or Private Debt funds, and any Asia-region holding inside Adams Street's, HarbourVest's, Capital Dynamics' or Wilshire's borough mandates, none of which publish underlying funds.",4
Merseyside Pension Fund,United Kingdom,Liverpool (administering authority Wirral Council),LGPS fund (Northern LGPS partner fund),moved,yes via NPEP - Merseyside's roughly 47% share of a USD 60m-100m NPEP commitment is the realistic unit; it no longer writes new fund commitments of that size in its own name.,"pool selects - Merseyside's new private equity goes through NPEP; the Northern LGPS pool provides 'Selection of private equity, infrastructure, property and other private-market funds' in-house. The GBP 492m held in Merseyside's own name is legacy. https://www.gmpf.org.uk/getmedia/243c39be-5411-4128-8fe9-b38e510061e9/GMPF-Annual-Report-2025-Draft.pdf","Merseyside's published private equity schedule at 31/12/2025 lists 91 line items totalling about GBP 924m (roughly US$1.24bn), of which GBP 432.5m is its share of NPEP and about GBP 492m is held in its own name.","about US$60m, taken from NPEP-level commitment sizes rather than from a published Merseyside commitment figure - Merseyside's own schedule publishes market values, not commitments.","Northern Pool GP (No.1) Limited - Merseyside's share of NPEP, which holds BPEA VIII and IX, Carlyle Asia Partners Growth II, KKR Asia IV and Warburg Pincus China & SE Asia II | GBP 432,453,469 market value at 31/12/2025 in 2025
Blackstone Capital Partners Asia | GBP 8,933,410 market value at 31/12/2025 (held at 31 December 2025)
Pantheon Asia Fund VI | GBP 5,079,097 market value at 31/12/2025 (commitment not published on the schedule) (held at 31 December 2025; vintage not stated in the source)
Partners Group Asia-Pacific 2007, LP | GBP 64,842 market value at 31/12/2025 (held at 31 December 2025; vehicle name carries vintage 2007)
AlpInvest Co-Investment Fund (Lux Euro Feeder) 7; GCM Grosvenor Co-Investment Opportunities Feeder Fund | GBP 9,560,521 and GBP 3,765,626 market value at 31/12/2025 (held at 31 December 2025)","Wirral Council Pensions Committee, supported by the Investment Monitoring Working Party (IMWP), the Responsible Investment Working Party and the Governance and Risk Working Party. Fund selection itself runs through NPEP.",F: 'Committee meets at least four times' a year (Merseyside Pension Fund Report & Accounts 2023/24). Agendas at democracy.wirral.gov.uk.,No external manager-selection gatekeeper found. The screen is NPEP. The custodian administers NPEP; it does not select managers.,"Peter Wallach (Director of Pensions); Adil Manzoor (Head of Pensions, Private Markets); Councillor Brenda Hall (Chair, Pensions Committee)","https://lgpsboard.org/wp-content/uploads/2025/11/Merseyside_final2324.pdf
https://mpfund.uk/data/private_equity_q4_2025.xlsx","Downloaded and parsed Merseyside's own private equity holdings schedule at 31/12/2025 (all 91 lines) and the Report & Accounts 2023/24 PDF (governance, committee membership, officer list, committee cadence). Cross-checked against the NPEP holdings schedule. Did not find a 2024/25 Merseyside annual report PDF at a stable public URL.",5
NEST (National Employment Savings Trust),United Kingdom,London (Canary Wharf),"Government-backed defined contribution master trust, a public corporation, with FCA-authorised investment subsidiary Nest Invest Limited",none,"no - and the size is beside the point. USD 50m is about GBP 37m, an order of magnitude below any disclosed NEST ticket, but the binding obstacle is structural. NEST's own press release on the Schroders Capital appointment states 'Nest will not be invested in any third-party funds through its relationship with Schroders Capital.' Its manager contracts are open-ended, its private equity vehicles are single-investor, and the 0.3% annual management charge plus 1.8% contribution charge does not carry standard closed-end fund economics. https://www.nestpensions.org.uk/schemeweb/nest/nestcorporation/news-press-and-policy/press-releases/Private-equity-investment-now-available-for-millions-of-UK-workers.html read 2026-09-19","manager selects - Schroders Capital and HarbourVest Partners select the underlying deals, not NEST. NEST runs a public procurement, appoints a manager for the asset class and funds a bespoke evergreen vehicle in which it is the sole investor. 'The Scheme is a sole investor in 7 (2022/23: 7) pooled investment vehicles' including 'HarbourVest Co-Investment L.P.' and 'Schroders Private Equity Fund', rising to nine such vehicles at 31 March 2025. 'Nest Corporation's contractual relations with investment managers are open-ended (subject to termination provisions which are negotiated as part of the appointment terms) as the Trustee believes in building long-term partnerships.' NEST does sign capital commitments, GBP 1,496.7m undrawn at 31 March 2025, but it signs them into its own two vehicles rather than into third-party closed-end funds. https://www.nestpensions.org.uk/schemeweb/dam/nestlibrary/Nest-SARA-2024-25.pdf read 2026-09-19","private equity net asset value GBP 1,715.7m at 31 March 2025, being Schroders Private Equity Fund GBP 1,041.5m plus HarbourVest Co-Investment L.P. GBP 674.1m, which was 4% of the portfolio against 2% a year earlier. Private equity contractual commitments GBP 1,496.7m at 31 March 2025, up from GBP 1,060.0m. Total private equity invested reached 'around GBP 3 billion' in 2025/26 after a further GBP 500m went to Schroders Capital. Scheme net assets GBP 62.9bn at 31 March 2026, GBP 49.8bn at 31 March 2025, GBP 40.6bn at 31 March 2024. Private markets were 'more than 19 per cent' of assets at 31 March 2026 against a stated ambition of 30% by 2030. https://assets.publishing.service.gov.uk/media/6a4b99f38effd97622f53d94/nest_cara_25_to_26_print.pdf read 2026-09-19","NEST's unit of decision is a mandate of GBP 400m and up, not a fund ticket. The disclosed figures are GBP 500m added to the Schroders Capital private equity mandate in 2025/26, EUR 530m (about GBP 450m) to seed the IFM infrastructure debt fund announced 20 May 2025, an initial 12-month commitment of 'around GBP 400-500 million' on the first private credit mandates in September 2019, and an original private equity programme target of GBP 1.5bn set in the August 2021 procurement. https://assets.publishing.service.gov.uk/media/6a4b99f38effd97622f53d94/nest_cara_25_to_26_print.pdf and https://www.nestpensions.org.uk/schemeweb/nest/nestcorporation/news-press-and-policy/press-releases/investment-with-strategic-partner-ifm-investors-.html",,"The route changed on 1 October 2025. 'The investment committee was disbanded on 1 October 2025 as part of the evolution of Nest's investment governance model and the increased delegated authority over investment decision-making to Nest Invest Board.' The Nest Invest Board now holds delegated investment decision-making under a new Investment Management Agreement signed by the Nest Corporation Board and the Nest Invest Board. It is chaired by Sally Bridgeland and comprises four directors from the Nest Corporation Board, three further independent non-executives and one executive director. 'the Board of Nest Corporation retains ultimate oversight and control over Nest Invest and has approval over key investment strategic decisions.' Internal sub-committees include an Illiquidity Committee and a Manager Monitoring Committee.","The disbanded investment committee met three times in its final year plus two workshops. Manager oversight now runs on a fixed rhythm: 'The Scheme's investment team holds quarterly fund manager monitoring meetings' and 'Nest Invest conducts regular investment manager monitoring and meets formally in person with each of the managers at least once a year.' A watchlist operates; four of the 19 external managers were on it at 31 March 2025. The real commercial calendar is the procurement calendar, which opens only when NEST decides to fill or expand an asset class.","No external investment consultant. Nest Invest Limited, the FCA-authorised wholly owned subsidiary, is named as the Scheme's investment adviser in its own accounts. Mandates are awarded by open competitive tender on the Bravo platform under public procurement rules. The 2021 private equity tender required bidders to 'present global solutions that will be evergreen and scale with Nest over time'; the 2019 private credit tender drew nearly 40 applicants. At 31 March 2025 NEST had 36 mandates with 19 external fund managers.","Elizabeth Fernando (Chief Investment Officer, NEST. 'She also takes final responsibility for selecting the right fund managers to help deliver our investment strategy.' Previously head of equities at USS, where she spent 25 years.); Stephen O'Neill (Head of Private Markets, NEST. 'His team is responsible for researching and procuring the best fund managers to deliver our private market investments and overseeing their performance.' At NEST since 2009 and the named spokesman on the 2021 private equity procurement, the 2022 Schroders Capital appointment and the 2019 private credit appointment. This is the seat a private equity manager has to reach.); Rachel Farrell (Director of Public and Private Markets, NEST. Previously Chief Executive and Country Head of JP Morgan Asset Management Australia, and before that JPMAM Head of Sovereign and Institutional, Asia Pacific ex-Japan, based in Hong Kong. The only Asia-Pacific career history in the NEST investment leadership.); Mark Fawcett OBE (Chief Executive Officer of Nest Invest Limited and Executive Director of the Nest Invest Board. Joined NEST as CIO in 2008, became CEO of Nest Invest in 2019 and relinquished the CIO role in 2023.); Sally Bridgeland (Independent Non-Executive Chair of the Nest Invest Board, in post from 1 October 2025); Ian Cornelius (Chief Executive Officer, Nest Corporation. Interim from 14 April 2024, made permanent during 2025/26. Also sits on the Nest Invest Board.); Anders Lundgren (Head of Public Markets and Real Estate, NEST)",https://assets.publishing.service.gov.uk/media/6a4b99f38effd97622f53d94/nest_cara_25_to_26_print.pdf,"Read the Nest Corporation Annual Report and Accounts for 2025/26 (HC 353, published 9 July 2026), 2024/25 (HC 928), 2023/24 and 2022/23 (HC 1889), the Nest Scheme Annual Report and Accounts for 2024/25 and 2023/24 including the financial statement notes on pooled investment vehicles, commitments, currency and the top-100 holdings, the Statement of Investment Principles 2023-2026 and the SIP implementation statement. Grepped all eight for Asia, Pacific, Asian, China, India, Japan, Korea, emerging markets and 26 GP names from BPEA through Neuberger; every GP name returned zero hits. Also read, through the Wayback Machine because nestpensions.org.uk served a maintenance page for the whole session, the NEST investment team page (snapshots 14 January 2025 and 19 July 2026), the executive team page, the document library, the 'How we invest your money' page, and five press releases covering the private equity procurement of 27 August 2021, the Schroders Capital appointment of 11 May 2022, the private credit appointment of 13 September 2019, the IFM seed of 20 May 2025 and the UK growth release of 2025. What this check could not establish: the Nest Scheme Annual Report and Accounts 2025/26, which exists and is listed in the library as nest-sara-2025-26.pdf but was unreachable live and has no Wayback capture, so the manager roster, vehicle NAVs and commitment schedule at 31 March 2026 are unread; whether HarbourVest is still a private equity manager after 31 March 2025, since the 2025/26 Corporation report names only Schroders Capital and records no termination; the original mandate size for each of Schroders and HarbourVest separately; the Responsible Investment report 2024/25, whose Wayback copy truncated at 5MB; and the recent quarterly investment reports, which only exist in Wayback for 2015 to 2017.",4
National Grid UK Pension Scheme,United Kingdom,Wokingham,"Closed UK corporate defined-benefit pension scheme, now a single section (Section A) after Sections B and C transferred out",none,"no - the scheme's own TCFD report states 'no new illiquid investments are being made and existing one[s] within the Scheme are winding down', the whole public equity allocation was removed in 2025, and Section A has GBP 2.2bn of a roughly GBP 4.3bn asset base already sitting in buy-in policies. A new USD 50m Asia private equity commitment would run against the stated direction of travel.","manager selects - Russell Investments. The Trustee has delegated fund and manager selection to Russell Investments as 'Master Manager' under an Investment Advisory and Management Agreement, keeping only strategic asset allocation and a veto: 'The Scheme uses many different investment managers and mandates to implement its investment policies. The composition of investment managers and mandates is delegated to the Master Manager, as is the ongoing management and oversight' and 'The Master Manager has delegated authority to appoint and/or terminate mandates and/or Investment Manager(s). Any changes will be summarised to the Trustee in advance of implementation to enable the Trustee right to veto.' https://nguk.pensions.nationalgrid.com/wp-content/uploads/2026/04/NGUKPS-SIP-2026.pdf read 2026-09-19. The in-house manager Aerion Fund Management was sold to LGIM in 2020-21 and the trustee executive was outsourced to LCP in September 2024, so no in-house selection team remains.","not disclosed at any point. The closest published figure is the illiquid sleeve: 'Section A holds approximately 20% of its assets in illiquid asset classes, in illiquid strategies, including property, private debt, infrastructure, and real estate debt.' That 20% was GBP 430m of 'Other Assets' at 31 December 2024, against Sovereign GBP 1,107m (52%), Corporate Credit GBP 577m (27%) and a separately held buy-in policy of GBP 2,171m. Private equity is not in that enumeration. https://nguk.pensions.nationalgrid.com/wp-content/uploads/2025/10/NGUKPS_2025_TCFD_Final-Clean-1.pdf read 2026-09-19","never disclosed. No commitment schedule, no target allocation and no per-fund figure appears in the SIP, the Implementation Statement, the TCFD report or the Responsible Investment Policy. The Trustee Report and Accounts is not published.",,"National Grid UK Pension Scheme Trustee Limited board (Companies House 06140457), twelve directors, chaired by Chris Martin, a professional trustee at Independent Governance Group. Company-appointed directors include Richard Allman, Kath Harris, Heath Mottram, Matt Staley and Catherine Schlieben; member-elected directors are Kevin Choy, Susan Stevens, John Whitehouse, John Arthur, Sylvia Doyle and John Lovell. The Trustee sets strategic asset allocation. Individual manager and fund decisions sit with Russell Investments.","The SIP is reviewed at least once a year and after any significant change in investment policy; the current version is effective 31 March 2026. Strategy is reviewed at least every three years with the Master Manager and the Scheme Actuary. Executive, governance and risk services have run through LCP since September 2024, led by partners Jonathan Camfield and Rachika Cooray.","Russell Investments as Master Manager and OCIO, appointed 1 December 2021. LCP for trustee executive, governance, actuarial and investment support since September 2024. Aon has been lead adviser on the bulk annuity transactions. PwC advised on the Russell Investments selection.","Chris Martin (Chair of the Trustee Board, National Grid UK Pension Scheme; professional trustee at Independent Governance Group); Jonathan Camfield (Partner, LCP, co-leads the outsourced trustee executive team for the scheme); Rachika Cooray (Partner, LCP, co-leads the outsourced trustee executive team for the scheme); Chris Hogg (former Chief Executive of the National Grid UK Pension Scheme; stepped down summer 2024 and the role was not refilled); Eddie Hodgart (Group Head of Pensions, National Grid)",https://nguk.pensions.nationalgrid.com/wp-content/uploads/2026/04/NGUKPS-SIP-2026.pdf,"Downloaded and read, as PDFs converted with pdftotext: the Statement of Investment Principles effective 31 March 2026 (https://nguk.pensions.nationalgrid.com/wp-content/uploads/2026/04/NGUKPS-SIP-2026.pdf), the 2024 and 2023 SIPs, the Implementation Statements for the years ending 31 March 2025 and 31 March 2023, the TCFD climate reports for 2025, 2024, 2023 and 2022, the Responsible Investment Policies of 2025 and 2023, the member Q&A on the new insurance policy dated 5 August 2025, and the 2024 scheme timeline. Read the scheme's own history and sections pages at https://nguk.pensions.nationalgrid.com/scheme-information. Read the trade-press reports of all four buy-ins on IPE, Pensions Age, Professional Pensions, Pensions Expert and AI-CIO. Pulled the Companies House record and officer list for National Grid UK Pension Scheme Trustee Limited (06140457). Read Dakota's 'Top 10 Most Active Institutional Investors in the UK: 2026 Guide' of 6 July 2026, which ranks the scheme first and states that manager selection flows through Russell Investments. What this check could not reach: the Trustee Report and Accounts, which the scheme does not publish anywhere (checked the /documents page, the site's Yoast sitemap of 76 pages and a full Wayback CDX enumeration of the subdomain); National Grid plc's own annual report pension note, because www.nationalgrid.com and investors.nationalgrid.com serve HTTP 403 to every direct fetch and the Companies House copy of the 2025/26 group accounts is a scanned image PDF with no text layer; the National Gas Transmission Pension Scheme site at https://ngtpensions.nationalgas.com, which is 403; and the Rothesay press releases themselves, whose newsroom listing is JavaScript-rendered.",5
Northern LGPS / Northern Private Equity Pool LP (NPEP),United Kingdom,"Manchester (joint committee; partner funds in Manchester, Liverpool and Bradford)","LGPS asset pool (joint committee, internally managed)",signs,yes - a US$50m ticket sits at the lower-middle of NPEP's own commitment range (USD 30m-100m per fund in its published 31/12/2025 schedule).,"pool selects - Northern LGPS is the pool and selects private markets funds in-house: 'The Pool currently provides the following services to the participating authorities on an in-house basis:... Selection of private equity, infrastructure, property and other private-market funds.' https://www.gmpf.org.uk/getmedia/243c39be-5411-4128-8fe9-b38e510061e9/GMPF-Annual-Report-2025-Draft.pdf","over GBP 2bn committed to 39 investment funds since inception in May 2018, per WYPF Report & Accounts 2024/25 p.NPEP section; NPEP net assets GBP 1.8bn at 31 March 2025 (Northern LGPS reporting).","NPEP fund commitments in the 31/12/2025 schedule run USD/EUR/GBP 30m-100m per fund, with most between 55m and 79m. Median around USD 65m.","Barings Private Equity Asia IX | USD 78.75m in 2025
Warburg Pincus China & SE Asia II | USD 77.27m in 2019
KKR Asia IV | USD 75.0m in 2020
Barings Private Equity Asia VIII | USD 60.0m in 2021
Carlyle Asia Partners Growth II | USD 60.0m in 2021
HarbourVest TBW | USD 800.0m in 2020
HarbourVest Co-Investment Fund V | USD 100.0m in 2019","Northern LGPS Joint Committee provides monitoring and oversight (it does not itself pick funds); fund selection is done by the combined internal investment teams of GMPF, Merseyside and WYPF acting through NPEP, and each partner fund's own committee approves its NPEP funding.",F: 'The Northern LGPS Joint Committee ordinarily meets four times per year' (WYPF Report & Accounts 2024/25).,"No external manager-selection gatekeeper found. The screen is NPEP's own internal teams. HarbourVest is NPEP's co-investment partner, not its gatekeeper.",Councillor E Wills (Chair of the Northern LGPS Joint Committee (and Chair of GMPF)),"https://northernlgps.org/assets/data/q4_2025.xlsx
https://www.wypf.org.uk/media/qu2gd24s/wypf-report-accounts-2024_25-final.pdf","Read the NPEP LP holdings schedule at 31/12/2025 (xlsx, all 45 fund lines), the GMPF Annual Report 2025 governance and pooling sections, and the WYPF Report & Accounts 2024/25 Northern LGPS and NPEP sections. Searched northernlgps.org for a 2024/25 pool annual report - only nlgps_ar2324.pdf exists (2024/25 returns HTTP 404).",4
Nottinghamshire County Council Pension Fund,United Kingdom,Nottingham (West Bridgford),LGPS fund (LGPS Central partner fund),none,"no directly - the fund is under-allocated to private equity and has room to commit, but selection sits with LGPS Central.","pool selects - LGPS Central Limited is the pool operator for Nottinghamshire, and the fund's in-house team of five under the Head of Pension Fund Investments implements strategy rather than picking private equity funds. https://lgpsboard.org/wp-content/uploads/2026/03/Nottinghamshire-2425-final.pdf","private equity GBP 254,609k at 31 March 2025 in the level-3 valuation note (prior year GBP 226,769k); total fund net assets GBP 6,466,514k. Target private equity allocation 10.0% against an actual of 8.6%.","not published. A GBP 255m book against a 10% target implies Nottinghamshire is a buyer, but it commits through LGPS Central vintages rather than fund by fund.",,"Nottinghamshire Pension Fund Committee, with a Chair and Vice-Chair, plus a Local Pension Board.",Published on democracy.nottinghamshire.gov.uk. not VERIFIED in this pass.,LGPS Central Limited. The annual report names no separate manager-selection consultant for private equity.,"Tamsin Rabbitts (Head of Pension Fund Investments, Nottinghamshire County Council Pension Fund)",https://lgpsboard.org/wp-content/uploads/2026/03/Nottinghamshire-2425-final.pdf,"Downloaded the full Nottinghamshire Pension Fund Annual Report 2024/25 from the LGPS Scheme Advisory Board mirror and grepped the entire document for Asia, Pacific, Pantheon, Axiom, HarbourVest, Adams Street, Partners Group, Capital Dynamics, BPEA, Carlyle Asia, KKR Asia. Read the top-holdings table, the level-3 valuation note, the asset allocation table and the officer list. Committee papers at democracy.nottinghamshire.gov.uk were not read.",1
Pension Protection Fund (PPF),United Kingdom,Croydon,"Statutory public corporation, the UK lifeboat fund for defined benefit schemes whose sponsors fail, with an in-house investment team",none,"yes on capacity, no in practice. The PPF already carries USD 2,938.5m of dollar-denominated unfunded commitments, so a USD 50m ticket is routine in size and roughly 2.5% of its private equity book. It will not write one to a new Asian manager. Its own investment page states 'Our external manager selection process follows a philosophy of concentrating into successful strategies and maintaining the lowest number of external managers possible over time. We currently only employ a handful of external managers which we have been invested with for a considerable amount of time.' Private equity is a declared strategic underweight through a transition that completes at the end of September 2026. https://www.ppf.co.uk/investment","commits in its own name - the PPF is a statutory public corporation with no pool and no parent fund. 'The majority of investments for Private Equity, Debt and Infrastructure are made through limited partnership arrangements' and the PPF seeks LPAC seats: 'Where appropriate, we seek to have representation on a Limited Partnership Advisory Committee (LPAC).' The signing decision sits with its own executive Asset and Liability Committee. https://www.ppf.co.uk/-/media/PPF-Website/Files/Reports/Sustainability-Report-202425.pdf read 2026-09-19","private equity fair value GBP 1,961.4m at 31 March 2026, against GBP 1,962.4m in 2025 and GBP 2,140.7m in 2024. Net sales of GBP 87.0m in the year to 31 March 2026 and GBP 285.0m the year before, so the book has been a net seller for three years. Total assets under management GBP 31.5bn at 31 March 2026, of which the growth portfolio is GBP 17,605.1m and Alternatives inside it GBP 8,824.2m, 50.2% of the growth portfolio against a 45-60% tolerance range. Private equity is not a separate strategic line; it sits inside Alternatives with property, alternative credit, infrastructure, farmland and timberland. Unfunded capital commitments across all private markets GBP 3,529.4m at 31 March 2026, of which USD 2,938.5m, EUR 998.4m and GBP 428.7m. https://www.ppf.co.uk/-/media/PPF-Website/Files/Annual-Report/Annual-Report-and-Accounts-202526.pdf read 2026-09-19","likely GBP 75m to GBP 200m per fund, on a weak base. The PPF publishes no commitment amount for any fund and no manager count, so this is GBP 1,961.4m of private equity net asset value divided by a roster the PPF describes only as 'a handful of external managers'. Do not treat it as a disclosure. The nearest real single-investment figure the PPF publishes is not a fund commitment at all: 'The PPF's GBP 60 million direct investment into the Haweswater Aqueduct Resilience Programme in August 2025... The direct investment, executed entirely by the PPF's in-house investment team, forms part of a wider GBP 3 billion financing package.' https://www.ppf.co.uk/-/media/PPF-Website/Files/Annual-Report/Annual-Report-and-Accounts-202526.pdf",,"Three layers. The Board sets strategic asset allocation and risk appetite: 'The Board approved the Strategic Asset Allocation following a recommendation from the Investment Committee.' The Investment Committee, chaired by Chris Cheetham, 'approves the framework for, and oversees the appointment, monitoring, funding, termination, and performance of, the professional fund managers'. The Asset and Liability Committee (ALCO), an executive committee established by the Chief Executive, 'is responsible for confirmation of the selection and funding of managers, as well as monitoring performance and termination'. ALCO signs off an individual fund; the Board does not see it.","The Board met formally nine times plus two strategy sessions in 2025/26. The Investment Committee's frequency is not stated as policy; attendance tables in the 2023/24 and 2024/25 accounts show denominators of 4, which implies quarterly.","Independent investment adviser is Gallagher, formerly Redington: 'the PPF has obtained and considered the written advice of individual specialists employed by the PPF, and of its independent investment advisor, Gallagher (formerly Redington)'. Pete Drewienkiewicz attended the Investment Committee as a non-member investment adviser in 2023/24 and 2024/25. The adviser advises on strategy and the Statement of Investment Principles, not on individual GP selection. There is no private equity gatekeeper or fund-of-funds operator making the choice. Manager selection runs through a scored pass/fail tender, pre-funding ESG minimums and an in-house operational due diligence team: 'We will not appoint or allocate more capital to managers that fall short of these standards.' The PPF is subject to the Public Contracts Regulations 2015 and the Procurement Act 2023 and tenders through the Bravo Solution portal, but Contracts Finder returns eleven PPF notices in total and not one is an investment mandate.","Barry Kenneth (Chief Investment Officer, Pension Protection Fund); Courtenay Durbridge (Private Equity portfolio manager, Pension Protection Fund. The only individual the PPF has publicly tied to private equity.); Sanjay Mistry (Head of Alternative Credit, Pension Protection Fund); Chris Cheetham (Non-executive Director, Chair of the Investment Committee and Senior Independent Director. 41 years in investment management, formerly Global Chief Investment Officer of HSBC Global Asset Management.); Richard Beaven (Acting Chief Executive and Chief Operating Officer. Joined March 2025 as COO, became a Board Executive Director on 19 February 2026 and Acting Chief Executive from 27 February 2026 after Michelle Ostermann's departure.); Joanne Segars OBE (Chair of the Pension Protection Fund from 1 July 2026, announced by DWP on 13 May 2026. Previously Chair of LGPS Central Limited until October 2025 and Chief Executive of the PLSA.)",https://www.ppf.co.uk/-/media/PPF-Website/Files/Responsible-Investment/Statement-of-investment-principles/PPF-SIP-Feb-2026.pdf,"Downloaded and converted five Pension Protection Fund Annual Report and Accounts (2025/26, 2024/25, 2023/24, 2021/22 and 2018/19, the last two from assets.publishing.service.gov.uk), the Statement of Investment Principles of February 2026 and the Sustainability Report 2024/25, and grepped all seven against the full forty-name manager list. Also read the enacted Pension Schemes Act 2026 contents, introduction, section 123 and section 126 on legislation.gov.uk, the PPF web pages for investment, asset allocation chart, investment principles and strategy, contribution to the real economy, responsible investment, annual report, news, press releases, levy 2026-27, strategy, board, executive committee, doing business and sitemap, the gov.uk annual report publication index and the DWP 'Options for Defined Benefit schemes' consultation page, plus four Contracts Finder REST API queries and a Find a Tender search. What this check could not find: any published fund manager list, any Asia manager or fund name in any year, the number of external managers, a typical per-fund ticket, the exact Asia Pacific share of the portfolio (the Sustainability Report donut carries the values but the PDF text layer does not bind them to the legend), a Head of Private Markets or Head of Private Equity title, a stated Investment Committee meeting frequency, and the DWP government response document itself, whose outcome URL returns 404. Trade press could not be reached this session, so nothing here has an independent journalism cross-check.",4
Railways Pension Scheme / Railpen,United Kingdom,Coventry and London,"Private-sector defined benefit and defined contribution railway industry scheme, 107 sections, with in-house manager Railpen (Railway Pension Investments Limited, RPIL)",small,"yes on capacity, no on current appetite for Asia. A GBP 50m ticket is 1.5% of the Illiquid Growth Pooled Fund and 0.14% of scheme assets, and Arcmont carried a GBP 50m first-year NAV in 2025. But the Private Equity Pooled Fund is closed to new investments, its vintage sub-funds stop at 2013, not one new Asia manager has appeared in the accounts in seven years, every Asia line is shrinking, undrawn commitments fell 20% in 2025 and distributions exceeded deployment in the Illiquid Growth Pooled Fund. https://cdn3.railpen.com/mp-sitefinity-prod/docs/default-source/report-accounts/report-accounts-2025.pdf","commits in its own name - Railpen is not an LGPS fund and is not pooled. The Trustee delegates investment powers to its own FCA-regulated manager: 'The investment of assets within each pooled fund, including day-to-day investment decisions, is delegated under an Investment Management Agreement to Railway Pension Investments Limited (RPIL), the internal manager for the schemes, or to fund managers appointed by RPIL.' RPIL signs the fund commitments through the Railway Pensions (PE) partnership entities. https://cdn3.railpen.com/mp-sitefinity-prod/docs/default-source/report-accounts/report-accounts-2025.pdf read 2026-09-19","Private Equity Pooled Fund GBP 1,526m at 31 December 2025, against GBP 1,572m at 31 December 2024. Illiquid Growth Pooled Fund GBP 3,262m at 31 December 2025, against GBP 3,311m in 2024, of which GBP 2,654m of the GBP 3,493m gross sits in pooled investment vehicles. Total scheme net assets GBP 36,254m at 31 December 2025. Undrawn commitments across all pooled funds GBP 1,209m at 31 December 2025, down from GBP 1,512m. https://cdn3.railpen.com/mp-sitefinity-prod/docs/default-source/report-accounts/report-accounts-2025.pdf read 2026-09-19. Railpen's own people page puts Anna Rule in charge of 'all of Railpen's private market investments totalling GBP 10bn', which spans private equity, private debt, property and infrastructure. https://www.railpen.com/our-people/our-specialists/anna-rule/","GBP 25m to GBP 75m per new external manager. Railpen publishes no commitment amount for any individual fund in any of the eight Report and Accounts from 2018 to 2025, so this is drawn from the first-year net asset value of newly added managers in note 1.17: Arcmont Asset Management GBP 50m in 2025, Astra Capital GBP 52m in 2023, Presidio GBP 49.29m from March 2019, Greenbelt GBP 28m in 2024, Brentwood Associates GBP 16m in 2025, Two Roads Partners GBP 12m in 2024, Schroder Adveq GBP 10.65m from January 2020. First-year NAV understates the commitment because a fund draws over several years. https://cdn3.railpen.com/mp-sitefinity-prod/docs/default-source/report-accounts/report-accounts-2025.pdf","Morningside Ventures (China and Hong Kong venture manager; individual fund names not disclosed) | GBP 11m net asset value at 31 December 2025, commitment not published. This was Railpen's largest Asia position at GBP 233.25m in 2020 and GBP 191.07m in 2018. (held at 31 December 2025; vintage not stated. The position predates 2017)
WestBridge Capital Partners (India growth and buyout manager; individual fund names are never disclosed by Railpen) | GBP 65m net asset value at 31 December 2025, commitment not published. The same line was GBP 87m in 2024, GBP 112m in 2023, GBP 139m in 2022, GBP 117.33m in 2021, GBP 80.40m in 2020, GBP 66.15m in 2017. (held at 31 December 2025; vintage not stated. The position predates 2017)
Innovation Works, now Sinovation Ventures (China venture manager; individual fund names not disclosed) | GBP 3m net asset value at 31 December 2025, commitment not published. GBP 6m in 2024, GBP 38.67m in 2019, GBP 29.15m in 2017. (held at 31 December 2025; vintage not stated. The position predates 2017)
Hony Capital (China buyout manager, Beijing; individual fund names not disclosed) | GBP 7m net asset value at 31 December 2025, commitment not published. GBP 8m in 2024, GBP 36.26m in 2017. (held at 31 December 2025; vintage not stated. The position predates 2017)
ClearVue Partners (China consumer-focused growth manager; individual fund names not disclosed) | GBP 9m net asset value at 31 December 2025, commitment not published. GBP 23.74m in 2020, GBP 22.36m in 2017. (held at 31 December 2025; vintage not stated. The position predates 2017)
HarbourVest, Schroder Adveq, Pantheon Ventures and Adams Street Partners (global fund-of-funds and secondaries platforms that carry indirect Asia exposure) | GBP 10m, GBP 17m, GBP 1m and GBP 1m net asset value respectively at 31 December 2025, commitments not published. Schroder Adveq is the newest of the four, first appearing 'From January 2020' at GBP 10.65m. (held at 31 December 2025; vintage not stated)
Navis Capital Partners (Southeast Asia buyout manager; individual fund names not disclosed) | GBP 7m net asset value at 31 December 2025, commitment not published. GBP 6m in 2024, GBP 5m in 2023, GBP 5m in 2022, GBP 9.04m in 2021, GBP 14.47m in 2020, GBP 12.52m in 2017. (held at 31 December 2025; vintage not stated. The position predates 2017)","Railway Pension Investments Limited (RPIL) makes the decision, supported by the Railpen Investment Oversight Committee (IOC/RIOC): 'RPIL, with the support of its committee, the Railpen Investment Oversight Committee (IOC), is responsible for managing the investments of the pooled funds... The IOC has an independent chair with investment experience, and there are now two further independent investment advisors who sit on the Committee to provide RPIL with strategic investment-related advice.' The IOC's remit is 'oversight of the performance and risk positioning of the Pooled Funds and oversight of fiduciary management activities', so it oversees rather than approves individual funds. The practical buyer is Anna Rule's private markets team inside RPIL.","Not published. Railpen discloses no meeting frequency, quorum or approval threshold for the IOC in any of the eight annual reports. The scheme's own rhythm is set by the triennial valuation; 31 December 2025 is a valuation date across 107 sections.","No external private markets gatekeeper and no investment consultant is named in any of the eight annual reports from 2018 to 2025. Mercer, Aon, WTW, Isio, Hymans, LCP, bfinance, Albourne and Cambridge Associates appear in no advisory role. Willis Towers Watson appears only as Scheme Actuary through James Mason. RPIL selects managers itself: 'In 2025, RPIL continued to apply its updated Manager Assessment Framework... to external managers, across private markets and infrastructure.'","Mads Gosvig (Chief Officer, Pensions Investment Management, Railpen. The senior investment seat; Railpen publishes no Chief Investment Officer title.); Anna Rule (Director of Private Markets and Real Assets Investments, Railpen. 'Since then Anna's role has expanded to incorporate responsibility for all of Railpen's private market investments totalling GBP 10bn.' Joined January 2017, previously senior director and fund manager at Aviva Investors.); Andy Bord (Chief Executive, Railpen, and Executive Director of the Railpen Board); John Greaves (Director of Total Portfolio Investments, Railpen. Co-author of Railpen's December 2023 research paper on allocating and managing illiquid assets through time.); Julia Diez (Head of UK Productive Assets, Railpen, appointed 2025); Mike Craston (Chair of the Railpen Board, Independent Non-Executive Director); Richard Murray (Chair of the Trustee Board, appointment announced 15 September 2026)",https://cdn3.railpen.com/mp-sitefinity-prod/docs/default-source/report-accounts/report-accounts-2025.pdf,"Downloaded and converted all eight Railways Pension Scheme Report and Accounts from 2018 to 2025 and read note 1.17 'Investment managers during the year' in each, computing the year-over-year manager diff programmatically. Four of the eight were not linked on the site and were recovered by the CDN URL pattern. Also read the Statement of Investment Principles for the DC and IWDC sections, Railpen's research paper 'Allocating and Managing Illiquid Assets Through Time' (5 December 2023), the railpen.com pages for how we invest, where we invest, our people and Anna Rule, the July 2026 UK Scale-up Fund releases from Railpen and GOV.UK, the full railpen.com sitemap of 311 URLs, and the Companies House record for Railway Pension Investments Limited (01491097) and the Railway Pensions (PE), SLP entity family. What this check could not find: any individual fund name anywhere in eight years of accounts, any commitment amount for any single fund, any downloadable holdings register, the IOC's cadence or approval thresholds, a Chief Investment Officer or Head of Private Equity title, and independent confirmation of the geography of ClearVue Partners and Morningside Ventures from their own sites, which did not respond. The Stewardship Report and TCFD PDFs were left unopened; the stewardship appendix inside the 2025 accounts, which I did read, covers voting and engagement rather than commitments.",5
Shell Contributory Pension Fund (SCPF),United Kingdom,London,"Corporate defined-benefit fund of Shell plc, closed to new hires but still accruing; trustee Shell Pensions Trust Limited; investment manager Goldman Sachs Asset Management International since 1 October 2025",none,"no - the private equity strategic weight is zero and the book is in declared run-off. 'At the end of 2025 the strategic weights of the Private Equity and Other Alternatives portfolios were both 0%, with the actual allocations being 10% and 2% respectively' and 'These holdings will be run off over time, with advantage being taken of opportunistic pricing to accelerate sales when possible. Run-off is expected to be completed over the next five years or so.' The Trustee says it 'expects to re-invest in Listed Equity as its holdings in illiquid assets (including Other Property and Private Equity) are sold down', and the long-term target cuts return-seeking assets to 6% of the Fund from 26% actual at 31 December 2025. Size is not the obstacle. US$50m is about 0.5% of a GBP 10.75bn fund. Direction of travel is.","manager selects - Goldman Sachs Asset Management International, with LGT Capital Partners as the private equity gatekeeper. The SIP says 'While the terms of the SAA are decided by the Trustee on the recommendation of its Investment and Funding Committee, its implementation and more granular decisions in respect of asset allocation are delegated to the Investment Manager and are documented in the Investment Management Agreement.' The accounts say 'GSAM may, if appropriate and within the terms of the IMA, allocate investment mandates to external managers and agree fees for such services on behalf of the Trustee.' The TCFD report says 'The Private Equity portfolio is managed by an external manager, LGT.' https://pensions.shell.co.uk/scpf/resources/scpf-library/_jcr_content/root/main/section/call_to_action_1712513619/links/item0.stream/1769167357397/c25341b0aec3e2c01cd353d06ec5322aa6055fee/scpf-sip-oct-2025.pdf","the accounts show 'Private equity and Real Estate Funds' of GBP 2,218.2m at 31 December 2025 (2024: GBP 2,410.4m) inside pooled investment vehicles, which is a combined line. The TCFD report puts the actual private equity allocation at 10% of the Fund at the end of 2025 against a strategic weight of 0%. Total net assets were GBP 10,751.2m at 31 December 2025 (2024: GBP 11,123.0m; 2023: GBP 12,397.9m). Undrawn contractual commitments to pooled investment funds were GBP 514.4m at 31 December 2025, across private equity, real estate and opportunity-driven funds combined. https://pensions.shell.co.uk/scpf/resources/scpf-library/_jcr_content/root/main/section/call_to_action_869461192/links/item0.stream/1789544506516/bac09b2533c1d107a84e07e44875e262d78b25fc/scpf-twenty-2025-signed-accounts-new.pdf and https://pensions.shell.co.uk/scpf/resources/scpf-library/_jcr_content/root/main/section/call_to_action_2145516509/links/item0.stream/1784799830112/7a0b2a320b2ce824c2dc2ae206277f211f972fa5/scpf-tcfd-report-july-2026.pdf","Not found. No SCPF document gives a commitment size for any individual fund. Appendix A of the 2025 accounts lists 52 investment managers with no amounts, and the private equity portfolio sits behind LGT as gatekeeper, so fund-level commitments never reach a published SCPF document.",,"Shell Pensions Trust Limited board, with the Investment and Funding Committee (IFC) taking investment matters. The IFC recommends the strategic asset allocation to the Trustee; implementation and manager allocation go to GSAM. LGT reports to the IFC on the private equity portfolio.","'The Investment and Funding Committee, Risk and Operations Committee and ESG Forum meet at least quarterly.' The IFC met four times in 2025 and the Trustee Board met four times. LGT attends the IFC annually. Investment strategy is reviewed at least every three years; the next triennial valuation is at 31 December 2026.","Investment consultant Aon Investments Limited. ESG adviser LCP. Scheme Actuary Lynda Whitney of Aon Solutions UK, appointed 1 April 2025. Auditor Ernst & Young LLP. Custodian JPMorgan Chase Bank N.A. Direct property manager CBRE Global Investors Limited. Legal Shell International Limited and Hogan Lovells LLP. Private equity gatekeeper LGT.","Alan Davies (Trustee Director and Chair of the Investment and Funding Committee, Shell Pensions Trust Limited; former VP Group Pensions at Shell); Alan McLean (Chairman, Shell Pensions Trust Limited; Investment and Funding Committee member); Ian Chisholm (Trustee Director and Investment and Funding Committee member; former VP Financial Markets at Shell, now Group Treasurer at Grosvenor); Ingrid Button (Trustee Director and Investment and Funding Committee member; SVP Renewables and Energy Solutions, Shell); Amanda Jane Burston (Secretary to the Trustee and Pensions Manager, Trustee Services Unit)",https://pensions.shell.co.uk/scpf/resources/scpf-library/_jcr_content/root/main/section/call_to_action_869461192/links/item0.stream/1789544506516/bac09b2533c1d107a84e07e44875e262d78b25fc/scpf-twenty-2025-signed-accounts-new.pdf,"Downloaded and converted eight primary documents. SCPF Annual Report and Financial Statements 2025, 55 pages, signed, including Appendix A the full list of investment managers used during the year, note 10 investment management fees, note 13 pooled investment vehicles and Excalibur Holding Corporation, note 25 contractual commitments, and the funding and membership tables. SCPF TCFD Report dated July 2026, including the asset allocation table on page 10, the private equity section on page 26 and the re-investment statement on page 38. SCPF Statement of Investment Principles October 2025. SCPF Implementation Statement. SCPF Responsible Ownership Policy October 2025. SCPF Annual Review 2025. Shell plc Form 20-F for FY2024 and FY2025 from SEC EDGAR, note 24 post-employment benefits. Also read the SCPF advisers and trustee-directors pages on pensions.shell.co.uk and the Companies House officer record for Shell Pensions Trust Limited, company 00347455. Grepped everything for Asia, Asian, Pacific, China, India, Japan, BPEA, Baring, PAG, Hillhouse, MBK, Affinity, Navis, Quadria, Everstone, ChrysCapital, Kedaara, Peak XV, Carlyle, KKR, TPG, Blackstone, CVC, Pantheon, HarbourVest, Adams Street, Axiom, Asia Alternatives, LGT, StepStone, Hamilton Lane, AlpInvest, Portfolio Advisors and emerging market. The only Asia hits are a listed-equity region split of 'Developed Asia 4.5%' in the Annual Review, an ESG engagement referencing Xinjiang, and emerging-market government and corporate bonds. 'Private equity' appears zero times in either Shell 20-F. Could not find: the insurer on the BG Pension Scheme buy-in, any fund name or ticket inside the LGT-managed private equity portfolio, or any named person in a private-markets or CIO seat at SAMCo, GSAM's SCPF team or LGT's SCPF account. Note that shellassetmanagement.com is an unrelated squatter site and samco.nl is an unrelated Dutch business.",4
South Yorkshire Pensions Authority,United Kingdom,Barnsley,LGPS fund (Border to Coast partner fund; a standalone pensions authority rather than a county council fund),none,"yes through the pool - SYPA's GBP 1.18bn private equity book is large enough, but it does not write fund tickets itself; Border to Coast does.",pool selects - the annual report describes the remaining unpooled assets as 'legacy holdings which could not be taken into Border to Coast's pooled funds' and says 'We continue to look for opportunities to sell down these positions where possible'. https://lgpsboard.org/wp-content/uploads/2025/11/SYPA2425_final-1.pdf,"private equity GBP 1,179.6m, 10.7% of the fund, against a 7.0% target; total fund GBP 11.1bn at 31 March 2025. A further GBP 49.8m of UK private equity is recorded as a legacy holding that has yet to migrate to Border to Coast.","not published at fund level. Border to Coast commits USD 75m-200m per fund on behalf of all partner funds, of which SYPA takes a share.",,"South Yorkshire Pensions Authority itself (a joint authority of the four South Yorkshire councils), with a Local Pension Board.","F: the annual report records committee business run 'quarterly, ahead of the formal Authority meetings'. Papers at meetings.sypensions.org.uk.",Border to Coast is the screen for all new private markets. The annual report names no separate manager-selection consultant.,"George Graham (Director and Head of Paid Service, South Yorkshire Pensions Authority)",https://lgpsboard.org/wp-content/uploads/2025/11/SYPA2425_final-1.pdf,"Downloaded the full South Yorkshire Pensions Authority Annual Report 2025 from the LGPS Scheme Advisory Board mirror (9MB) and grepped the entire document for Asia, Pacific, Pantheon, Axiom, HarbourVest, Adams Street, Partners Group, Capital Dynamics. The only 'Asia' hit is in an equality-monitoring table ('Asian British'); the only 'Asia' in an investment context is a regional performance column heading. SYPA publishes no fund-level private equity schedule. Committee papers at meetings.sypensions.org.uk were not read.",3
Surrey Pension Fund,United Kingdom,Reigate (administering authority Surrey County Council),LGPS fund (Border to Coast partner fund - not an ACCESS fund),none,"yes on size, but the seat has moved - GBP 228m of purchases in 2024/25 makes a US$50m ticket easy in principle, while manager selection now sits with Border to Coast.",pool selects - 'Asset Pool: Border to Coast Pensions Partnership (Pool Operator)'; the report states the Fund's investments were held directly with BCPP 'with a further 43% managed within the pool structure' and that a mapping of the remaining non-pooled equity mandate to the pool is under way. https://lgpsboard.org/wp-content/uploads/2025/11/Surrey2425_draft.pdf,"'Other investments: Private equity' GBP 1,033,607k at 31 March 2025, up from GBP 929,217k, with GBP 228,072k of purchases during the year, on a fund whose investments were worth GBP 6.04bn at 31 March 2025.",not published. GBP 228m of private market purchases in one year on a GBP 6.04bn fund is a substantial deployment pace; a US$50m commitment is well within that.,,"Surrey Pension Fund Committee, advised by a Local Pension Board; the report refers to decisions taken with 'a consultant, an independent advisor, the Director of Finance and the Director of...'. The Fund also sits on the Cross-Pool Collaboration Client Group.",Published on the Surrey County Council committee calendar at mycouncil.surreycc.gov.uk. not VERIFIED in this pass.,"F: 'Independent advisors or Consultants: Apex Group, Mercer, Minerva'. Mercer is the investment consultant. Border to Coast is the pool screen.",not established (Director of Pensions - LGPS Senior Officer (the post exists and is named in the report's governance section; I could not read the post-holder's name from the extracted text with confidence)),https://lgpsboard.org/wp-content/uploads/2025/11/Surrey2425_draft.pdf,"Read the full Surrey Pension Fund Annual Report 2024/25 from the LGPS Scheme Advisory Board mirror - the private market manager list, the adviser list, the Investments note, the pooling section - and grepped the whole document for Asia, Pacific, Pantheon, Axiom, HarbourVest, Adams Street, Capital Dynamics. The only 'Pacific' hit is an equity index name. Surrey publishes no fund-level private equity schedule. mycouncil.surreycc.gov.uk committee papers were not reached.",2
Universities Superannuation Scheme (USS),United Kingdom,Liverpool and London,"Private-sector defined benefit and defined contribution hybrid scheme for UK higher education, run by in-house manager USS Investment Management Limited (USSIM)",none,"yes - USS's published preferred fund ticket is GBP 75m to GBP 150m+, which is roughly USD 100m to USD 200m. A USD 50m single-fund commitment sits below its stated minimum, so the constraint is that USD 50m may be too small to interest the team rather than too large. https://www.uss.co.uk/how-we-invest/private-markets-group","commits in its own name - USS is not an LGPS fund and is not pooled. 'USSIM is the principal investment manager and adviser to the Scheme... As part of this role, USSIM can allocate investment mandates to external managers where it is deemed appropriate' and 'All day-to-day investment decision-making is made by USSIM, within the limits approved by the Trustee Board.' USSIM's Private Equity Funds and Co-Investments team signs the fund commitments. https://www.uss.co.uk/-/media/project/ussmainsite/files/about-us/report-and-accounts/report-and-accounts-2026.pdf read 2026-09-19","private markets total 'nearly GBP 26bn', split Property GBP 5.3bn, Private Credit and Alternative Income GBP 7.8bn, Private Equity Funds and Co-Investments GBP 5.1bn, Direct Private Equity GBP 7.9bn. https://www.uss.co.uk/how-we-invest/where-we-invest/private-market-investments read 2026-09-19. The Private Markets Group page gives slightly different figures on the same day, 'nearly GBP 25bn' of private assets with Private Equity Funds and Co-Investments at GBP 4.3bn and Private Credit at GBP 7.3bn. https://www.uss.co.uk/how-we-invest/private-markets-group read 2026-09-19. The audited number for externally managed private funds is GBP 9,150m DB at 31 March 2026, 2025: GBP 9,882m, covering private equity and private credit funds together. https://www.uss.co.uk/-/media/project/ussmainsite/files/about-us/report-and-accounts/report-and-accounts-2026.pdf","'We invest globally with a preferred deal size of GBP 75m - GBP 150m+ for funds, and GBP 15m - GBP 50m+ for co-investments.' That is the Private Equity Funds and Co-Investments team's own published range. https://www.uss.co.uk/how-we-invest/private-markets-group read 2026-09-19. The wider Private Markets Group states 'We typically underwrite transactions of between GBP 50m and GBP 500m.'",,"Two layers. The Trustee Board's Investment Committee, chaired by Russell Picot, 'oversee[s] the investment of USS's assets' and 'will approve on USS's behalf strategic matters relating to the investment of the assets and development of the investment strategy'. Individual fund commitments are made by USS Investment Management Limited, whose board is chaired by Sarah Bates and whose CEO is Simon Pilcher. Inside USSIM the Private Markets Group, led by Ben Levenstein, runs the four private markets desks; the Private Equity Funds and Co-Investments desk selects the funds. 'Any decisions made by USSIM to appoint either internal or external managers and any decisions regarding the preferred investment structure to be used for any mandate are made in the best interests of the members and beneficiaries considering several factors including investment capability, experience and value for money.'","The Investment Committee 'meets regularly to review investment strategy proposals and to receive regular reporting from USSIM on its ongoing investment management activities', and assesses USSIM on a calendar-year balanced scorecard. USSIM's private markets fund commitments are made continuously within delegated limits rather than in an annual window. Fund managers are 'discussed formally once a month' by the Investment Product Management team for public markets; the private markets team monitors its GPs on a rolling basis.",No external gatekeeper for private equity fund selection. USS has two external investment advisers that sit at Investment Committee level only: Mercer Limited for DB matters and Lane Clark & Peacock for DC matters. 'Both attend all Investment Committee meetings and provide independent insight and challenge.' Neither picks funds. Roughly 70% of private markets money goes direct or into co-investments and only about 30% through external fund managers.,"Simon Pilcher (Chief Executive Officer, USS Investment Management Limited (appointed October 2019). The senior investment executive; USS publishes no Chief Investment Officer title.); Ben Levenstein (Head of the Private Markets Group, USSIM. 'PMG is overseen by Ben Levenstein, who has led the team since April 2024 following his role as Head of Private Credit and Alternative Income. As well as overall responsibility for PMG, Ben also sits on the Investment Executive Committee.'); Rob Horsnall (Head of Direct Equity, USSIM Private Markets Group (GBP 7.9bn). Joined USS 2010.); Eamon Ray (Head of Private Credit and Alternative Income, USSIM Private Markets Group. Joined PMG 2012 from GE Capital's Leveraged Finance business.); Russell Picot (Chair of the Investment Committee, Universities Superannuation Scheme Limited. Signed the Investment Committee's assessment on 21 July 2026.); Sarah Bates (Chair, USS Investment Management Limited, since 1 September 2021); Carol Young (Group Chief Executive Officer, Universities Superannuation Scheme Limited, since September 2023)",https://www.uss.co.uk/-/media/project/ussmainsite/files/about-us/report-and-accounts/report-and-accounts-2026.pdf,"Downloaded and converted the USS Report and Accounts 2026 (19MB, year ended 31 March 2026), the Stewardship Report 2026 (8.7MB), the TCFD Report 2026 (7.1MB), the Implementation Statement 2025 and the current Quarterly Investment Report. Grepped all five for Asia, Pacific, Asian, China, India, Japan, Korea, BPEA, Baring, PAG, Hillhouse, MBK, Affinity, Navis, Quadria, Everstone, ChrysCapital, Kedaara, Peak XV, Asia Alternatives, Axiom, Pantheon, HarbourVest, Adams Street, StepStone, Hamilton Lane, AlpInvest, Portfolio Advisors, Carlyle, KKR, TPG, Blackstone, CVC, Silver Lake, EQT, Hg and Bain Capital. The Quarterly Investment Report contains zero instances of Asia, Pacific, China, Japan or India. Read in full the web pages for Private market investments, Private Markets Group, Fund managers and external managers, Where we invest, Case studies, How we're governed, the Group Executive Committee and the USSIM Investment Board, plus the full USS news index. What this check could not find: any fund-level holdings list or commitment schedule, any private equity manager list, any named Asia fund, and any named head of the Private Equity Funds and Co-Investments desk. USS's own description of its direct private markets footprint names 'Europe, Australia and the Americas' and does not mention Asia.",4
Wales Pension Partnership (WPP) / Wales Pension Partnership Investment Management Company Limited (WPP IM Co),United Kingdom,"Cardiff (WPP IM Co, One Central Square, CF10 1FS); Carmarthen (Carmarthenshire County Council, host authority)","LGPS asset pool for the eight Welsh LGPS funds. FCA-authorised in its own right since 4 September 2026 (WPP IM Co, FRN 1045886, company number 16645479), sole portfolio manager for the eight funds, over GBP 28bn.",none,"no, not into a single Asia fund today. The entire WPP Private Equity sub-fund was GBP 124.883m at 31 March 2025, so a USD 50m single-fund ticket would be roughly a third of the whole programme. WPP IM Co only took FCA authorisation on 4 September 2026 and has stated no private markets pacing plan. A USD 50m ticket becomes plausible only if IM Co scales private equity from 0.5% toward a normal LGPS 5-8% weight, which on GBP 28bn would be GBP 1.4bn to GBP 2.2bn. Nothing published commits it to that.","manager selects - Schroders Capital. The WPP sub-fund table names 'Private Equity Schroders Capital October 2023 124,883 0.5' alongside 'Private Credit Russell Investments April 2023' and 'Infrastructure GCM Grosvenor, IFM, CBRE and Octopus March 2023'. https://lgpsboard.org/wp-content/uploads/2025/11/Clwyd2425_final-1.pdf. WPP's own 2025/26 annual update confirms the split: 'In June 2025, the first WPP Private Markets manager day was held in Cardiff where GCM Grosvenor, Russell Investments and Schroders Capital presented to officers and JGC members on the investment portfolios of WPP's private market mandates.' https://walespensionpartnership.org/media/pqrpoft4/wpp-annual-update-25-26-final.pdf. The governing layer changed on 4 September 2026 when WPP IM Co became FCA-authorised and 'will operate as the sole portfolio manager for its eight Welsh Local Government Pension Scheme (LGPS) partner funds', so IM Co now sits above Schroders Capital and has, in Rob Lamb's words, 'assumed full FCA-authorised responsibility for investment management and advisory services across the Welsh LGPS portfolio'. https://wppinvestments.com/news/wales-pension-partnership-investment-management-company-fca-authorisation. No public document says IM Co has taken private equity fund selection in-house, and it is fifteen days old with about thirty staff. The host authority's own annual report puts it in one sentence: 'During the year WPP launched the Infrastructure and Private Credit investment programmes and appointed Schroders Capital as the allocator for the Private Equity programme.' https://lgpsboard.org/wp-content/uploads/2025/09/Dyfed_final-1.pdf. Sell to Schroders Capital today and to WPP IM Co for the strategy.","GBP 124.883m, 0.5% of the WPP's GBP 25,806,416k total across all eight pension funds at 31 March 2025. That is the whole WPP Private Equity sub-fund, launched October 2023 and managed by Schroders Capital. It is the smallest allocation in the WPP sub-fund table, smaller than WPP Private Credit (GBP 320.921m) and WPP Infrastructure (GBP 726.427m). https://lgpsboard.org/wp-content/uploads/2025/11/Clwyd2425_final-1.pdf. Member-fund private equity held outside the pool is larger in places: Swansea's fund-of-funds portfolio was GBP 256.961m with HarbourVest, Blackstone and Schroders; Clwyd holds 30 direct private equity funds and 28 private equity fund-of-funds positions; Powys holds HarbourVest at GBP 61.566m (7.2%). Rhondda Cynon Taf states plainly: 'The Pension Fund Committee has agreed not to invest in private equity at the present time.'","not published. WPP discloses the sub-fund total and nothing below it, and Schroders Capital does not publish the underlying fund schedule. I: a GBP 124.9m programme two and a half years old implies underlying tickets in the GBP 10m to GBP 30m range, drawn from the sub-fund size divided across a diversified private equity fund-of-funds portfolio. That is an inference, not a read figure.",,"Two layers as of 1 April 2026. The SHAREHOLDER BOARD 'exists to exercise the rights of the Constituent Authorities as owners of the IM Co (e.g. appointment and removal of senior IM Co Directors, approval of IM Co budget, approval of remuneration policy)' and consists of s151 or senior LGPS officers from all eight Constituent Authorities. It is supported by the JOINT GOVERNANCE COMMITTEE (JGC, Chair Cllr Peter Lewis) and the OFFICERS WORKING GROUP. Below that sits the WPP IM CO BOARD (Chair Tanya Castell MBE, with an Audit, Risk and Compliance Committee chaired by Fiona Miller and a Remuneration Committee chaired by Rhian Langham) and its executive under CEO Rob Lamb and CIO Andrew Johnston. The business plan states IM Co will 'have sole control of investment decision making and investment strategy implementation' and 'contract with providers of services, including Waystone who provide fund operator services for WPP's Authorised Contractual Scheme (ACS)'. Individual private equity fund commitments are taken by Schroders Capital inside the mandate, not by any of these bodies.",JGC meets quarterly; the IM Co business plan for 2026/27 was presented at the 10 March 2026 JGC meeting and then approved by all eight Constituent Authorities. The business plan is reviewed and agreed annually. Papers are published by Carmarthenshire County Council as host authority.,"Hymans Robertson, Oversight Adviser, re-appointed after a full procurement with a contract commencing 1 January 2025 for five years plus a two-year option. Waystone Management (UK) Limited, ACS operator. Schroders Capital, private equity manager. Russell Investments, listed sub-funds and private credit. GCM Grosvenor, IFM, CBRE and Octopus, infrastructure. Robeco, voting and engagement. Northern Trust produces the performance reporting.","Rob Lamb (Chief Executive Officer and Board Member, WPP IM Co; appointed September 2025); Andrew Johnston (Chief Investment Officer and Board Member, WPP IM Co - the seat that owns private markets strategy); Tanya Castell MBE (Board Chair, WPP IM Co); Cllr Peter Lewis (Chair of the WPP Joint Governance Committee, representing the shareholders); Chris Moore (Board Chair of the WPP IM Co Transitionary Board of Directors during 2025; Tanya Castell MBE is the chair named on the September 2026 authorisation announcement); Fiona Miller (Non-Executive Director and Chair of the WPP IM Co Audit, Risk and Compliance Committee); Rhian Langham (Non-Executive Director and Chair of the WPP IM Co Remuneration Committee); Nigel Aurelius (Non-Executive Director, WPP IM Co); Dafydd Edwards (Non-Executive Director, WPP IM Co); Hayley Rees (Non-Executive Director, WPP IM Co); Alex Bull (Chief of Staff, WPP IM Co); Katherine Frangoullis (Director of Risk, WPP IM Co)",https://walespensionpartnership.org/media/uhenzk0b/business-plan-2026-27-clean-version.pdf,"Read the WPP Annual Update 2025/26 in full (https://walespensionpartnership.org/media/pqrpoft4/wpp-annual-update-25-26-final.pdf), the WPP Business Plan 2026-27 (https://walespensionpartnership.org/media/uhenzk0b/business-plan-2026-27-clean-version.pdf), the WPP Annual Progress Update 2025/26, the WPP Annual Return 2026, https://www.walespensionpartnership.org/, its full news index and its sub-funds page. Found and read WPP IM Co's own site at https://wppinvestments.com - its sitemap, home page, about page with the full leadership and board list, careers page and both news items, including the 04.09.26 FCA authorisation announcement. Confirmed the company at Companies House: WALES PENSION PARTNERSHIP INVESTMENT MANAGEMENT COMPANY LIMITED, 16645479, incorporated 12 August 2025. Downloaded and grepped ALL EIGHT Welsh member fund annual reports from lgpsboard.org: Clwyd, Powys, Rhondda Cynon Taf and Greater Gwent for 2024/25, Gwynedd and Swansea for 2023/24, Cardiff and Vale of Glamorgan and Dyfed for 2022/23 (the latest published for those two). Each was grepped case-insensitively for Asia, Asian, Pacific, Pantheon, Axiom, HarbourVest, Adams Street, BPEA, Baring, Carlyle, StepStone, Hamilton Lane, AlpInvest, Portfolio Advisors, Capital Dynamics, Asia Alternatives, MBK, Hillhouse, Affinity Equity, Navis, Quadria, Everstone, ChrysCapital, Kedaara, Peak XV and for 'private equity'. The only Asia hits across all eight are Greater Gwent's Invesco Asian Equity Fund (a LISTED equity mandate, GBP 311.945m, 7.0%, benchmarked to MSCI AC Asia Pacific ex Japan), an RCT benchmark line reading 'Far East - FTSE All World Developed Asia' and a Swansea market-commentary sentence. None is private equity. COULD not FIND: any underlying fund list for the Schroders Capital private equity mandate; any WPP private markets pacing plan or forward commitment schedule; and the FCA Register entry itself, because register.fca.org.uk is a JavaScript-only Salesforce site that returns no firm data to a direct fetch. The FRN 1045886 comes from WPP IM Co's own announcement and site footer, not from the register. Also could not reach the WPP Joint Governance Committee agendas and minutes on Carmarthenshire County Council's committee site, so the FCA timeline comes from WPP IM Co's own announcement rather than from a committee paper.",5
Wellcome Trust,United Kingdom,London,Charitable foundation with a perpetual endowment and a fully in-house investment team,none,yes - the single-manager-strategy ceiling alone is about GBP 2.5bn and the private equity book is GBP 14.2bn. USD 50m is roughly 0.1% of gross assets and would not reach the 3% Investment Committee review trigger. https://wellcome.org/sites/default/files/2026-08/Investment%20Policy%20June%202026.pdf and https://cms.wellcome.org/sites/default/files/2026-01/wellcome-trust-annual-report-and-financial-statements-2025.pdf read 2026-09-19,"commits in its own name - Wellcome runs the endowment in-house and signs its own fund commitments. Source line: 'Wellcome manages the investment portfolio that underpins our charitable activities. The internal Investment team, including the Investment Executive, manages a large proportion of Wellcome's investments directly rather than through external fund managers.' From the Investment Policy: 'Each investment decision is approved by a Co-Chief Investment Officer or a senior member of the Investment Team under delegated authority.' https://cms.wellcome.org/sites/default/files/2026-01/wellcome-trust-annual-report-and-financial-statements-2025.pdf and https://wellcome.org/sites/default/files/2026-08/Investment%20Policy%20June%202026.pdf read 2026-09-19","private equity GBP 14,219m at 30 September 2025, 34.1% of the gross investment portfolio, up from GBP 12,639m and 32.0% at 30 September 2024. Split at 30 September 2025: buyout funds GBP 4,259m (10.2%), venture funds GBP 7,673m (18.4%), direct private GBP 128m (0.3%), private co-investments GBP 2,159m (5.2%). Total investment portfolio GBP 41,697m gross, GBP 39,933m net of bond liabilities. Inception to 30 September 2025 the funds show GBP 17,370m drawn, GBP 19,320m realised and GBP 11,932m of remaining NAV, a 1.8x total value to drawn. https://cms.wellcome.org/sites/default/files/2026-01/wellcome-trust-annual-report-and-financial-statements-2025.pdf read 2026-09-19","not disclosed. Wellcome publishes no fund-by-fund commitment schedule in the 2023, 2024 or 2025 annual reports, the 2025 bondholder report, or the June 2026 Investment Policy. The Investment Policy appendices that carry the monetary delegated-authority thresholds are withheld: 'This policy (without the Appendices) will be available on our website.' The published hard ceilings are 6% of gross portfolio value in a single asset or manager strategy, Investment Committee review above 3%, and 10% of gross portfolio value across all strategies of a single manager group, review above 7.5%. On GBP 41,697m gross at 30 September 2025 those are about GBP 2.5bn and GBP 4.2bn. I: a first ticket in the low hundreds of USD millions is consistent with a GBP 14.2bn private equity book and a policy ceiling near GBP 2.5bn per manager strategy. Drawn from the policy limits and the book size, not from any published commitment.",,"The Board of Governors sets the broad structure and approves the Investment Policy, monetary limits and delegated authorities. The Investment Committee is a sub-committee of the Board and is advisory and oversight only. Source line: 'The Investment Committee's role is to function as an advisory and oversight body of the Board of Governors on investment matters.' Individual fund commitments are not approved by the Investment Committee. Source line: 'Investment decisions relating to the formulation of investment strategies for publicly traded assets, fund or manager commitments or redemptions and the purchase of direct private assets are generally discussed at length at a regular meeting of the portfolio management team, chaired by one of the Co-Chief Investment Officers.' Investment Committee members per Wellcome's own site read 2026-09-19: Richard Gillingwater (Chair), Tracy Blackwell, Maggy Chan, Julia Gillard, Martin Halusa, Cressida Hogg, Diana Noble, Lisha Patel, Girish Reddy, Sandra Robertson, John-Arne Rottingen, Hanneke Smits, Fabian Thehos.","The Investment Committee held four meetings in the year to 30 September 2025: December 2024, March 2025, June 2025 and September 2025. The portfolio management team meets regularly and that meeting, chaired by a Co-Chief Investment Officer, is where fund commitments are debated. The Investment Policy is reviewed by the Investment Committee and the Board at least every 3 years; the current version took effect 23 June 2026.","No external investment consultant, no gatekeeper, no OCIO. Wellcome states it manages its own money because it gives more control and choice and saves money against hiring external managers. The duty to take proper investment advice is satisfied internally: 'Proper advice is the advice of a person or institution that is reasonably believed to be qualified by his, her or its expertise of the relevant matter, and may be given by one of Wellcome's employees.' External consultants are used for remuneration benchmarking, not manager selection.","Lisha Patel (Managing Partner and Co-Chief Investment Officer); Fabian Thehos (Managing Partner and Co-Chief Investment Officer); Nick Moakes (former Chief Investment Officer, retired end of March 2025 after 18 years, now Emeritus Partner); Robert Coke (Principal, Investment team); Geoffrey Love (Principal, Investment team); Elaina Elzinga (Principal, Investment team); Robert Holl (Principal, Investment team); Richard Gillingwater (Chair of the Investment Committee); Julia Gillard (Chair of Wellcome's Board of Governors, second five-year term to April 2031)",https://wellcome.org/sites/default/files/2026-08/Investment%20Policy%20June%202026.pdf,"Opened and converted to text: Wellcome Trust Annual Report and Financial Statements 2025 (year to 30 September 2025, published 13 January 2026), 2024 and 2023; the Wellcome bondholder report 2025; the Wellcome Investment Policy effective 23 June 2026; the wellcome.org investments page; the wellcome.org reports index; the 2025 annual report figures CSV, which is 177 bytes and holds no figure data. Grepped all annual reports case-insensitively for Asia, Pacific, Asian, China, India, Japan, BPEA, Baring, PAG, Hillhouse, MBK, Affinity, Navis, Quadria, Everstone, ChrysCapital, Kedaara, Peak XV, Carlyle, KKR, TPG, Blackstone, CVC, Pantheon, HarbourVest, Adams Street, Axiom, Asia Alternatives, LGT, StepStone, Hamilton Lane, AlpInvest, Portfolio Advisors, and also for L.P., Capital Partners, Fund I-X and Ventures to catch any named vehicle. COULD not FIND: any named private equity or venture fund of any geography anywhere in the published record. The single named fund in the 2025 accounts is 'Equities - AMR Action Fund LP', an impact vehicle, not Asia. COULD not FIND: the Asia Pacific share of public and private equity at 30 September 2025, because Figure 12 in the 2025 report is a pie chart with no numeric label in the PDF text layer and the bondholder report omits the regional chart. COULD not FIND: any per-fund commitment amount, any Investment Policy Appendix C delegated-authority monetary threshold (explicitly withheld from the published version), any published Head of Private Equity or Head of Asia title, or any uncalled fund commitment total, since the capital commitments note covers property refurbishment only. There is no FY2026 annual report: Wellcome's financial year ends 30 September and FY2026 closes after 2026-09-19, so FY2025 is the latest published position.",3
West Midlands Pension Fund,United Kingdom,Wolverhampton (administering authority City of Wolverhampton Council),LGPS fund (LGPS Central partner fund and founder shareholder),moved,"unknown at fund level, yes at pool level - West Midlands no longer commits in its own name; a US$50m ticket would be written by LGPS Central for several partner funds together.","pool selects - 'LGPS Asset Pool Operator: LGPS Central Limited'; the report's Investment Pooling Governance section describes the Fund as a shareholder, a client and a customer of LGPS Central, and its private equity now runs through LGPS Central PE Primary and Co-Investment vehicles. The Axiom Asia, Pantheon Asia and HIPEP Asia positions are LEGACY, all pre-dating the pool. https://lgpsboard.org/wp-content/uploads/2026/03/WestMidlands2425_final.pdf","private equity GBP 1,340m at 31 March 2025, 6.4% of the fund against an interim target of 6.0% and a final target of 5.0%. Total fund about GBP 21bn. Unfunded commitments across infrastructure, private equity, private debt and property were GBP 1,213m.","not published fund by fund. The 2025 schedule names roughly 100 private equity positions against a GBP 1.34bn book, which implies an average position around GBP 13m, but these are market values across 20+ vintages rather than commitments.","Axiom Asia PCF II (Axiom Asia Private Capital Fund II) | held at 31 March 2025; the report lists holdings by name without amounts (held at 31 March 2025)
Pantheon Asia Fund V | held at 31 March 2025; no amount published against the line (held at 31 March 2025)
HIPEP VI-Asia Pacific Fund (HarbourVest International Private Equity Partners VI Asia Pacific) | held at 31 March 2025; no amount published (held at 31 March 2025)
HIPEP V-Asia Pacific & RoW | held at 31 March 2025; no amount published (held at 31 March 2025)
Capital Dynamics Asia | held at 31 March 2025; no amount published (held at 31 March 2025)
Carlyle Asia Partners III, IV and V | three separate holdings at 31 March 2025; no amounts published (held at 31 March 2025)
LGPS Central PE Primary; LGPS Central PE Primary 2021; LGPS Central Co-Investment 2018; LGPS Central Co-Investment 2021 | four pooled vehicles held at 31 March 2025 (2018-2021 vintages by name)",Pensions Committee of the City of Wolverhampton Council - 20 members; 'The Pensions Committee are the Fund's decision-[making body]... for Officers to implement'. New manager selection now runs through LGPS Central.,F: the Local Pensions Board 'met quarterly'; Pensions Committee agendas are published on the City of Wolverhampton Council committee calendar. The annual report records 790 hours of Pensions Committee member time in 2024/25.,LGPS Central Limited is the pool and the screen. Hymans Robertson is named as the fund's actuary (triennial valuation). No separate retained manager-selection consultant is named.,"Rachel Brothwood (Executive Director, West Midlands Pension Fund); P Nevin (Director of Investment Strategy, West Midlands Pension Fund); S Sivanesan (Director of Investment Management and Stewardship, West Midlands Pension Fund); Councillor Milkinder Jaspal (Chair of the Pensions Committee)",https://lgpsboard.org/wp-content/uploads/2026/03/WestMidlands2425_final.pdf,"Downloaded the full West Midlands Pension Fund Annual Report and Accounts 2025 from the LGPS Scheme Advisory Board mirror and read the complete 'Assets Held as at 31 March 2025' private equity schedule (about 100 named funds), the asset allocation table, the unfunded commitments note, the Investment Pooling Governance section, the Pensions Committee terms and the officer list. This is the PRIMARY source that confirms the Axiom Asia record the deck's Preqin export carried.",5
West Yorkshire Pension Fund,United Kingdom,Bradford,LGPS fund (Northern LGPS partner fund; administering authority City of Bradford MDC),moved,"yes at pool level, borderline alone - WYPF's own historic Asia FoF tickets were USD 10m-40m, but its new private equity money goes through NPEP where commitments are USD 55m-100m.","pool selects - 'Since 2018, WYPF has deployed most of its private equity commitments via the Northern Private Equity Pool (NPEP)'; the Northern LGPS pool provides 'Selection of private equity, infrastructure, property and other private-market funds' in-house. https://www.wypf.org.uk/media/qu2gd24s/wypf-report-accounts-2024_25-final.pdf","private equity fell from 6.9% to 6.1% of the total fund over 2024/25 against a 5.0% policy weight; total fund AUM GBP 19.1bn on the WYPF site and GBP 20.201bn on its asset-allocation page, so the PE book is roughly GBP 1.2bn. Total undrawn commitments including WYPF's share of NPEP were GBP 524m at 31 March 2025.","legacy direct fund commitments in the published schedule cluster at USD 20m-45m (Pantheon Asia VI USD 25m, Partners Group Asia-Pacific 2007 USD 40m, GS PEP IX USD 40m). NPEP-level commitments, where WYPF's new money now goes, are USD 55m-100m.","Partners Group Asia-Pacific 2007 | USD 40.0m commitment (held at 31 March 2026; vehicle name carries vintage 2007)
Pantheon Asia Fund VI | USD 25.0m commitment (held at 31 March 2026; vintage year not stated in the source)
Aberdeen Asia Pacific III Ex-Co-Investment | USD 10.0m commitment (held at 31 March 2026; vintage year not stated in the source)
Partners Group Asia-Pacific 2009 | holding only; commitment not shown on the 2009 line in the current sheet (held in the portfolio, shown in the quarterly transaction sheets)
Schroders Private Equity Fund of Funds I, II, III and IV | EUR 16.0m, EUR 8.7m, EUR 15.0m, EUR 24.0m (all four held at 31 March 2026)
HIPEP VII (AIF) Partnership - HarbourVest International Private Equity Partners VII | USD 25.0m commitment (held at 31 March 2026)
GS Private Equity Partners 2002, 2004, 2005, IX and XI Offshore | USD 22m / 7m / 20m / 40m / 35m (all held at 31 March 2026)","WYPF Investment Advisory Panel (IAP) - three elected members from each of the five West Yorkshire councils, three trade union representatives, three external investment advisers, two scheme members, the Managing Director and the CIO. New private equity funds are selected through NPEP by the internal teams.",F: 'Investment strategy and asset allocation are agreed at quarterly meetings of the Investment Advisory Panel.' The Panel's agendas and decisions are published at bradford.moderngov.co.uk (Committee ID 433).,Northern LGPS / NPEP is the screen. Three external investment advisers sit on the IAP; the annual report does not name a retained manager-selection consultant such as Hymans or Mercer for private equity.,"Euan Miller (Managing Director, West Yorkshire Pension Fund); Leandros Kalisperas (Chief Investment Officer, West Yorkshire Pension Fund)","https://www.wypf.org.uk/media/qj4eqe5b/private-equity-portfolio-quarterly-transactions-q1-2026.xlsx
https://www.wypf.org.uk/media/qu2gd24s/wypf-report-accounts-2024_25-final.pdf","Downloaded and parsed WYPF's own private equity portfolio quarterly transactions file to Q1 2026 (every fund line, all 15 quarterly sheets) and the Report & Accounts 2024/25 PDF (private equity section, Northern LGPS section, governance section, IAP membership). Cross-checked the NPEP holdings schedule at 31/12/2025.",5
